This file contains any messages produced by compilers while
running configure, to aid debugging if configure makes a mistake.

It was created by python configure 3.13, which was
generated by GNU Autoconf 2.71.  Invocation command line was

  $ ./configure --enable-optimizations --prefix=/usr/local/python3.13

## --------- ##
## Platform. ##
## --------- ##

hostname = lappbtf
uname -m = x86_64
uname -r = 5.15.0-136-generic
uname -s = Linux
uname -v = #147-Ubuntu SMP Sat Mar 15 15:53:30 UTC 2025

/usr/bin/uname -p = x86_64
/bin/uname -X     = unknown

/bin/arch              = x86_64
/usr/bin/arch -k       = unknown
/usr/convex/getsysinfo = unknown
/usr/bin/hostinfo      = unknown
/bin/machine           = unknown
/usr/bin/oslevel       = unknown
/bin/universe          = unknown

PATH: /home/administrator/.vscode-server/extensions/ms-python.python-2025.4.0-linux-x64/python_files/deactivate/bash/
PATH: /home/administrator/LAPP/venv/bin/
PATH: /home/administrator/.vscode-server/extensions/ms-python.python-2025.4.0-linux-x64/python_files/deactivate/bash/
PATH: /home/administrator/LAPP/venv/bin/
PATH: /home/administrator/.vscode-server/cli/servers/Stable-4437686ffebaf200fa4a6e6e67f735f3edf24ada/server/bin/remote-cli/
PATH: /home/administrator/.local/bin/
PATH: /usr/local/sbin/
PATH: /usr/local/bin/
PATH: /usr/sbin/
PATH: /usr/bin/
PATH: /sbin/
PATH: /bin/
PATH: /usr/games/
PATH: /usr/local/games/
PATH: /snap/bin/


## ----------- ##
## Core tests. ##
## ----------- ##

configure:3357: looking for aux files: install-sh config.guess config.sub
configure:3370:  trying ./
configure:3381:   ./install-sh found
configure:3399:   ./config.guess found
configure:3399:   ./config.sub found
configure:3608: checking build system type
configure:3623: result: x86_64-pc-linux-gnu
configure:3643: checking host system type
configure:3657: result: x86_64-pc-linux-gnu
configure:3734: checking for Python interpreter freezing
configure:3736: result: ./_bootstrap_python
configure:3769: checking for python3.13
configure:3804: result: no
configure:3769: checking for python3.13
configure:3804: result: no
configure:3769: checking for python3.12
configure:3804: result: no
configure:3769: checking for python3.11
configure:3790: found /usr/local/bin/python3.11
configure:3801: result: python3.11
configure:3815: checking Python for regen version
configure:3818: result: Python 3.11.3
configure:3951: checking for pkg-config
configure:3974: found /usr/bin/pkg-config
configure:3986: result: /usr/bin/pkg-config
configure:4011: checking pkg-config is at least version 0.9.0
configure:4014: result: yes
configure:4039: checking MACHDEP
configure:4109: result: "linux"
configure:4158: checking for --enable-universalsdk
configure:4206: result: no
configure:4230: checking for --with-universal-archs
configure:4246: result: no
configure:4444: checking for --with-app-store-compliance
configure:4482: result: not patching for app store compliance
configure:4892: checking for gcc
configure:4913: found /usr/bin/gcc
configure:4924: result: gcc
configure:5277: checking for C compiler version
configure:5286: gcc --version >&5
gcc (Ubuntu 11.4.0-1ubuntu1~22.04) 11.4.0
Copyright (C) 2021 Free Software Foundation, Inc.
This is free software; see the source for copying conditions.  There is NO
warranty; not even for MERCHANTABILITY or FITNESS FOR A PARTICULAR PURPOSE.

configure:5297: $? = 0
configure:5286: gcc -v >&5
Using built-in specs.
COLLECT_GCC=gcc
COLLECT_LTO_WRAPPER=/usr/lib/gcc/x86_64-linux-gnu/11/lto-wrapper
OFFLOAD_TARGET_NAMES=nvptx-none:amdgcn-amdhsa
OFFLOAD_TARGET_DEFAULT=1
Target: x86_64-linux-gnu
Configured with: ../src/configure -v --with-pkgversion='Ubuntu 11.4.0-1ubuntu1~22.04' --with-bugurl=file:///usr/share/doc/gcc-11/README.Bugs --enable-languages=c,ada,c++,go,brig,d,fortran,objc,obj-c++,m2 --prefix=/usr --with-gcc-major-version-only --program-suffix=-11 --program-prefix=x86_64-linux-gnu- --enable-shared --enable-linker-build-id --libexecdir=/usr/lib --without-included-gettext --enable-threads=posix --libdir=/usr/lib --enable-nls --enable-bootstrap --enable-clocale=gnu --enable-libstdcxx-debug --enable-libstdcxx-time=yes --with-default-libstdcxx-abi=new --enable-gnu-unique-object --disable-vtable-verify --enable-plugin --enable-default-pie --with-system-zlib --enable-libphobos-checking=release --with-target-system-zlib=auto --enable-objc-gc=auto --enable-multiarch --disable-werror --enable-cet --with-arch-32=i686 --with-abi=m64 --with-multilib-list=m32,m64,mx32 --enable-multilib --with-tune=generic --enable-offload-targets=nvptx-none=/build/gcc-11-XeT9lY/gcc-11-11.4.0/debian/tmp-nvptx/usr,amdgcn-amdhsa=/build/gcc-11-XeT9lY/gcc-11-11.4.0/debian/tmp-gcn/usr --without-cuda-driver --enable-checking=release --build=x86_64-linux-gnu --host=x86_64-linux-gnu --target=x86_64-linux-gnu --with-build-config=bootstrap-lto-lean --enable-link-serialization=2
Thread model: posix
Supported LTO compression algorithms: zlib zstd
gcc version 11.4.0 (Ubuntu 11.4.0-1ubuntu1~22.04) 
... rest of stderr output deleted ...
configure:5297: $? = 0
configure:5286: gcc -V >&5
gcc: error: unrecognized command-line option '-V'
gcc: fatal error: no input files
compilation terminated.
configure:5297: $? = 1
configure:5286: gcc -qversion >&5
gcc: error: unrecognized command-line option '-qversion'; did you mean '--version'?
gcc: fatal error: no input files
compilation terminated.
configure:5297: $? = 1
configure:5286: gcc -version >&5
gcc: error: unrecognized command-line option '-version'
gcc: fatal error: no input files
compilation terminated.
configure:5297: $? = 1
configure:5317: checking whether the C compiler works
configure:5339: gcc    conftest.c  >&5
configure:5343: $? = 0
configure:5393: result: yes
configure:5396: checking for C compiler default output file name
configure:5398: result: a.out
configure:5404: checking for suffix of executables
configure:5411: gcc -o conftest    conftest.c  >&5
configure:5415: $? = 0
configure:5438: result: 
configure:5460: checking whether we are cross compiling
configure:5468: gcc -o conftest    conftest.c  >&5
configure:5472: $? = 0
configure:5479: ./conftest
configure:5483: $? = 0
configure:5498: result: no
configure:5503: checking for suffix of object files
configure:5526: gcc -c   conftest.c >&5
configure:5530: $? = 0
configure:5552: result: o
configure:5556: checking whether the compiler supports GNU C
configure:5576: gcc -c   conftest.c >&5
configure:5576: $? = 0
configure:5586: result: yes
configure:5597: checking whether gcc accepts -g
configure:5618: gcc -c -g  conftest.c >&5
configure:5618: $? = 0
configure:5662: result: yes
configure:5682: checking for gcc option to enable C11 features
configure:5697: gcc  -c   conftest.c >&5
configure:5697: $? = 0
configure:5715: result: none needed
configure:5830: checking how to run the C preprocessor
configure:5856: gcc -E  conftest.c
configure:5856: $? = 0
configure:5871: gcc -E  conftest.c
conftest.c:10:10: fatal error: ac_nonexistent.h: No such file or directory
   10 | #include <ac_nonexistent.h>
      |          ^~~~~~~~~~~~~~~~~~
compilation terminated.
configure:5871: $? = 1
configure: failed program was:
| /* confdefs.h */
| #define _NETBSD_SOURCE 1
| #define __BSD_VISIBLE 1
| #define _DARWIN_C_SOURCE 1
| #define _PYTHONFRAMEWORK ""
| #define _XOPEN_SOURCE 700
| #define _XOPEN_SOURCE_EXTENDED 1
| #define _POSIX_C_SOURCE 200809L
| /* end confdefs.h.  */
| #include <ac_nonexistent.h>
configure:5898: result: gcc -E
configure:5912: gcc -E  conftest.c
configure:5912: $? = 0
configure:5927: gcc -E  conftest.c
conftest.c:10:10: fatal error: ac_nonexistent.h: No such file or directory
   10 | #include <ac_nonexistent.h>
      |          ^~~~~~~~~~~~~~~~~~
compilation terminated.
configure:5927: $? = 1
configure: failed program was:
| /* confdefs.h */
| #define _NETBSD_SOURCE 1
| #define __BSD_VISIBLE 1
| #define _DARWIN_C_SOURCE 1
| #define _PYTHONFRAMEWORK ""
| #define _XOPEN_SOURCE 700
| #define _XOPEN_SOURCE_EXTENDED 1
| #define _POSIX_C_SOURCE 200809L
| /* end confdefs.h.  */
| #include <ac_nonexistent.h>
configure:5957: checking for grep that handles long lines and -e
configure:6021: result: /usr/bin/grep
configure:6026: checking for a sed that does not truncate output
configure:6096: result: /usr/bin/sed
configure:6101: checking for egrep
configure:6169: result: /usr/bin/grep -E
configure:6175: checking for CC compiler name
configure:6211: result: gcc
configure:6222: checking for stdio.h
configure:6222: gcc -c   conftest.c >&5
configure:6222: $? = 0
configure:6222: result: yes
configure:6222: checking for stdlib.h
configure:6222: gcc -c   conftest.c >&5
configure:6222: $? = 0
configure:6222: result: yes
configure:6222: checking for string.h
configure:6222: gcc -c   conftest.c >&5
configure:6222: $? = 0
configure:6222: result: yes
configure:6222: checking for inttypes.h
configure:6222: gcc -c   conftest.c >&5
configure:6222: $? = 0
configure:6222: result: yes
configure:6222: checking for stdint.h
configure:6222: gcc -c   conftest.c >&5
configure:6222: $? = 0
configure:6222: result: yes
configure:6222: checking for strings.h
configure:6222: gcc -c   conftest.c >&5
configure:6222: $? = 0
configure:6222: result: yes
configure:6222: checking for sys/stat.h
configure:6222: gcc -c   conftest.c >&5
configure:6222: $? = 0
configure:6222: result: yes
configure:6222: checking for sys/types.h
configure:6222: gcc -c   conftest.c >&5
configure:6222: $? = 0
configure:6222: result: yes
configure:6222: checking for unistd.h
configure:6222: gcc -c   conftest.c >&5
configure:6222: $? = 0
configure:6222: result: yes
configure:6222: checking for wchar.h
configure:6222: gcc -c   conftest.c >&5
configure:6222: $? = 0
configure:6222: result: yes
configure:6222: checking for minix/config.h
configure:6222: gcc -c   conftest.c >&5
conftest.c:48:10: fatal error: minix/config.h: No such file or directory
   48 | #include <minix/config.h>
      |          ^~~~~~~~~~~~~~~~
compilation terminated.
configure:6222: $? = 1
configure: failed program was:
| /* confdefs.h */
| #define _NETBSD_SOURCE 1
| #define __BSD_VISIBLE 1
| #define _DARWIN_C_SOURCE 1
| #define _PYTHONFRAMEWORK ""
| #define _XOPEN_SOURCE 700
| #define _XOPEN_SOURCE_EXTENDED 1
| #define _POSIX_C_SOURCE 200809L
| #define HAVE_STDIO_H 1
| #define HAVE_STDLIB_H 1
| #define HAVE_STRING_H 1
| #define HAVE_INTTYPES_H 1
| #define HAVE_STDINT_H 1
| #define HAVE_STRINGS_H 1
| #define HAVE_SYS_STAT_H 1
| #define HAVE_SYS_TYPES_H 1
| #define HAVE_UNISTD_H 1
| #define HAVE_WCHAR_H 1
| /* end confdefs.h.  */
| #include <stddef.h>
| #ifdef HAVE_STDIO_H
| # include <stdio.h>
| #endif
| #ifdef HAVE_STDLIB_H
| # include <stdlib.h>
| #endif
| #ifdef HAVE_STRING_H
| # include <string.h>
| #endif
| #ifdef HAVE_INTTYPES_H
| # include <inttypes.h>
| #endif
| #ifdef HAVE_STDINT_H
| # include <stdint.h>
| #endif
| #ifdef HAVE_STRINGS_H
| # include <strings.h>
| #endif
| #ifdef HAVE_SYS_TYPES_H
| # include <sys/types.h>
| #endif
| #ifdef HAVE_SYS_STAT_H
| # include <sys/stat.h>
| #endif
| #ifdef HAVE_UNISTD_H
| # include <unistd.h>
| #endif
| #include <minix/config.h>
configure:6222: result: no
configure:6253: checking whether it is safe to define __EXTENSIONS__
configure:6272: gcc -c   conftest.c >&5
configure:6272: $? = 0
configure:6280: result: yes
configure:6283: checking whether _XOPEN_SOURCE should be defined
configure:6305: gcc -c   conftest.c >&5
configure:6305: $? = 0
configure:6332: result: no
configure:6390: checking for GCC compatible compiler
configure:6406: gcc -E  conftest.c
configure:6406: $? = 0
configure:6414: result: yes
configure:6474: checking for g++
configure:6512: result: no
configure:6980:

  By default, distutils will build C++ extension modules with "g++".
  If this is not intended, then set CXX on the configure command line.
  
configure:6993: checking for the platform triplet based on compiler characteristics
configure:6998: result: x86_64-linux-gnu
configure:7006: checking for multiarch
configure:7029: result: x86_64-linux-gnu
configure:7045: checking for PEP 11 support tier
configure:7096: result: x86_64-pc-linux-gnu/gcc has tier 1 (supported)
configure:7114: checking for -Wl,--no-as-needed
configure:7134: gcc -o conftest    -Wl,--no-as-needed conftest.c  >&5
configure:7134: $? = 0
configure:7147: result: yes
configure:7151: checking for the Android API level
configure:7186: result: not Android
configure:7202: checking for --with-emscripten-target
configure:7241: result: 
configure:7244: checking for --enable-wasm-dynamic-linking
configure:7266: result: missing
configure:7269: checking for --enable-wasm-pthreads
configure:7291: result: missing
configure:7294: checking for --with-suffix
configure:7327: result: 
configure:7336: checking for case-insensitive build directory
configure:7348: result: no
configure:7362: checking LIBRARY
configure:7368: result: libpython$(VERSION)$(ABIFLAGS).a
configure:7408: checking LINKCC
configure:7420: result: $(PURIFY) $(CC)
configure:7429: checking EXPORTSYMS
configure:7437: result: 
configure:7446: checking for GNU ld
configure:7458: result: yes
configure:7461: checking for --enable-shared
configure:7479: result: no
configure:7484: checking for --with-static-libpython
configure:7501: result: yes
configure:7507: checking for --enable-profiling
configure:7534: result: no
configure:7542: checking LDLIBRARY
configure:7641: result: libpython$(VERSION)$(ABIFLAGS).a
configure:7648: checking HOSTRUNNER
configure:7833: result: 
configure:7926: checking for ar
configure:7947: found /usr/bin/ar
configure:7958: result: ar
configure:8013: checking for a BSD-compatible install
configure:8086: result: /usr/bin/install -c
configure:8098: checking for a race-free mkdir -p
configure:8142: result: /usr/bin/mkdir -p
configure:8163: checking for --disable-gil
configure:8179: result: no
configure:8193: checking for --with-pydebug
configure:8213: result: no
configure:8220: checking for --with-trace-refs
configure:8232: result: no
configure:8248: checking for --enable-pystats
configure:8259: result: no
configure:8274: checking for --with-assertions
configure:8295: result: no
configure:8300: checking for --enable-experimental-jit
configure:8338: result:  
configure:8345: checking for --enable-optimizations
configure:8354: result: yes
configure:8377: checking whether C compiler accepts -fno-semantic-interposition
configure:8397: gcc -c  -Werror -fno-semantic-interposition  conftest.c >&5
configure:8397: $? = 0
configure:8406: result: yes
configure:8431: checking PROFILE_TASK
configure:8437: result: -m test --pgo --timeout=$(TESTTIMEOUT)
configure:8461: checking for --with-lto
configure:8499: result: no
configure:8879: checking for llvm-profdata
configure:8917: result: no
configure:9010: checking for --enable-bolt
configure:9027: result: no
configure:9334: checking BOLT_COMMON_FLAGS
configure:9343: checking BOLT_INSTRUMENT_FLAGS
configure:9349: result:  -update-debug-sections -skip-funcs=_PyEval_EvalFrameDefault,sre_ucs1_match/1,sre_ucs2_match/1,sre_ucs4_match/1 
configure:9353: checking BOLT_APPLY_FLAGS
configure:9360: result:   -update-debug-sections -skip-funcs=_PyEval_EvalFrameDefault,sre_ucs1_match/1,sre_ucs2_match/1,sre_ucs4_match/1  -reorder-blocks=ext-tsp -reorder-functions=cdsort -split-functions -icf=1 -inline-all -split-eh -reorder-functions-use-hot-size -peepholes=none -jump-tables=aggressive -inline-ap -indirect-call-promotion=all -dyno-stats -use-gnu-stack -frame-opt=hot 
configure:9391: checking if gcc supports -fstrict-overflow and -fno-strict-overflow
configure:9408: gcc -c -fstrict-overflow -fno-strict-overflow  conftest.c >&5
configure:9408: $? = 0
configure:9418: result: yes
configure:9431: checking for --with-strict-overflow
configure:9449: result: no
configure:9455: checking if gcc supports -Og optimization level
configure:9474: gcc -c -Og  conftest.c >&5
configure:9474: $? = 0
configure:9487: result: yes
configure:9691: checking if we can add -Wextra
configure:9711: gcc -c  -Wextra -Werror  conftest.c >&5
configure:9711: $? = 0
configure:9721: result: yes
configure:9737: checking whether gcc -fno-strict-aliasing accepts and needs -fno-strict-aliasing
configure:9756: gcc -fno-strict-aliasing -c   conftest.c >&5
configure:9756: $? = 0
configure:9774: gcc -fstrict-aliasing -c  -Werror -Wstrict-aliasing  conftest.c >&5
configure:9774: $? = 0
configure:9793: result: no
configure:9854: checking if we can disable gcc unused-parameter warning
configure:9874: gcc -c  -Wunused-parameter -Werror  conftest.c >&5
configure:9874: $? = 0
configure:9884: result: yes
configure:9895: checking if we can disable gcc int-conversion warning
configure:9915: gcc -c  -Wint-conversion -Werror  conftest.c >&5
configure:9915: $? = 0
configure:9925: result: yes
configure:9936: checking if we can disable gcc missing-field-initializers warning
configure:9956: gcc -c  -Wmissing-field-initializers -Werror  conftest.c >&5
configure:9956: $? = 0
configure:9966: result: yes
configure:9977: checking if we can enable gcc sign-compare warning
configure:9997: gcc -c  -Wsign-compare -Werror  conftest.c >&5
configure:9997: $? = 0
configure:10007: result: yes
configure:10018: checking if we can enable gcc unreachable-code warning
configure:10038: gcc -c  -Wunreachable-code -Werror  conftest.c >&5
configure:10038: $? = 0
configure:10048: result: yes
configure:10070: checking if we can enable gcc strict-prototypes warning
configure:10090: gcc -c  -Wstrict-prototypes -Werror  conftest.c >&5
configure:10090: $? = 0
configure:10100: result: yes
configure:10111: checking if we can make implicit function declaration an error in gcc -Werror=implicit-function-declaration
configure:10130: gcc -Werror=implicit-function-declaration -c   conftest.c >&5
configure:10130: $? = 0
configure:10142: result: yes
configure:10153: checking if we can use visibility in gcc -fvisibility=hidden
configure:10172: gcc -fvisibility=hidden -c   conftest.c >&5
configure:10172: $? = 0
configure:10184: result: yes
configure:10414: checking whether pthreads are available without options
configure:10441: gcc -o conftest    conftest.c  >&5
configure:10441: $? = 0
configure:10441: ./conftest
configure:10441: $? = 0
configure:10457: result: yes
configure:10623: checking whether g++ also accepts flags for thread support
configure:10662: result: no
configure:10674: checking for alloca.h
configure:10674: gcc -c   conftest.c >&5
configure:10674: $? = 0
configure:10674: result: yes
configure:10680: checking for asm/types.h
configure:10680: gcc -c   conftest.c >&5
configure:10680: $? = 0
configure:10680: result: yes
configure:10686: checking for bluetooth.h
configure:10686: gcc -c   conftest.c >&5
conftest.c:69:10: fatal error: bluetooth.h: No such file or directory
   69 | #include <bluetooth.h>
      |          ^~~~~~~~~~~~~
compilation terminated.
configure:10686: $? = 1
configure: failed program was:
| /* confdefs.h */
| #define _NETBSD_SOURCE 1
| #define __BSD_VISIBLE 1
| #define _DARWIN_C_SOURCE 1
| #define _PYTHONFRAMEWORK ""
| #define _XOPEN_SOURCE 700
| #define _XOPEN_SOURCE_EXTENDED 1
| #define _POSIX_C_SOURCE 200809L
| #define HAVE_STDIO_H 1
| #define HAVE_STDLIB_H 1
| #define HAVE_STRING_H 1
| #define HAVE_INTTYPES_H 1
| #define HAVE_STDINT_H 1
| #define HAVE_STRINGS_H 1
| #define HAVE_SYS_STAT_H 1
| #define HAVE_SYS_TYPES_H 1
| #define HAVE_UNISTD_H 1
| #define HAVE_WCHAR_H 1
| #define STDC_HEADERS 1
| #define _ALL_SOURCE 1
| #define _DARWIN_C_SOURCE 1
| #define _GNU_SOURCE 1
| #define _HPUX_ALT_XOPEN_SOCKET_API 1
| #define _NETBSD_SOURCE 1
| #define _OPENBSD_SOURCE 1
| #define _POSIX_PTHREAD_SEMANTICS 1
| #define __STDC_WANT_IEC_60559_ATTRIBS_EXT__ 1
| #define __STDC_WANT_IEC_60559_BFP_EXT__ 1
| #define __STDC_WANT_IEC_60559_DFP_EXT__ 1
| #define __STDC_WANT_IEC_60559_FUNCS_EXT__ 1
| #define __STDC_WANT_IEC_60559_TYPES_EXT__ 1
| #define __STDC_WANT_LIB_EXT2__ 1
| #define __STDC_WANT_MATH_SPEC_FUNCS__ 1
| #define _TANDEM_SOURCE 1
| #define __EXTENSIONS__ 1
| #define PY_SUPPORT_TIER 1
| #define STDC_HEADERS 1
| #define HAVE_ALLOCA_H 1
| #define HAVE_ASM_TYPES_H 1
| /* end confdefs.h.  */
| #include <stddef.h>
| #ifdef HAVE_STDIO_H
| # include <stdio.h>
| #endif
| #ifdef HAVE_STDLIB_H
| # include <stdlib.h>
| #endif
| #ifdef HAVE_STRING_H
| # include <string.h>
| #endif
| #ifdef HAVE_INTTYPES_H
| # include <inttypes.h>
| #endif
| #ifdef HAVE_STDINT_H
| # include <stdint.h>
| #endif
| #ifdef HAVE_STRINGS_H
| # include <strings.h>
| #endif
| #ifdef HAVE_SYS_TYPES_H
| # include <sys/types.h>
| #endif
| #ifdef HAVE_SYS_STAT_H
| # include <sys/stat.h>
| #endif
| #ifdef HAVE_UNISTD_H
| # include <unistd.h>
| #endif
| #include <bluetooth.h>
configure:10686: result: no
configure:10692: checking for conio.h
configure:10692: gcc -c   conftest.c >&5
conftest.c:69:10: fatal error: conio.h: No such file or directory
   69 | #include <conio.h>
      |          ^~~~~~~~~
compilation terminated.
configure:10692: $? = 1
configure: failed program was:
| /* confdefs.h */
| #define _NETBSD_SOURCE 1
| #define __BSD_VISIBLE 1
| #define _DARWIN_C_SOURCE 1
| #define _PYTHONFRAMEWORK ""
| #define _XOPEN_SOURCE 700
| #define _XOPEN_SOURCE_EXTENDED 1
| #define _POSIX_C_SOURCE 200809L
| #define HAVE_STDIO_H 1
| #define HAVE_STDLIB_H 1
| #define HAVE_STRING_H 1
| #define HAVE_INTTYPES_H 1
| #define HAVE_STDINT_H 1
| #define HAVE_STRINGS_H 1
| #define HAVE_SYS_STAT_H 1
| #define HAVE_SYS_TYPES_H 1
| #define HAVE_UNISTD_H 1
| #define HAVE_WCHAR_H 1
| #define STDC_HEADERS 1
| #define _ALL_SOURCE 1
| #define _DARWIN_C_SOURCE 1
| #define _GNU_SOURCE 1
| #define _HPUX_ALT_XOPEN_SOCKET_API 1
| #define _NETBSD_SOURCE 1
| #define _OPENBSD_SOURCE 1
| #define _POSIX_PTHREAD_SEMANTICS 1
| #define __STDC_WANT_IEC_60559_ATTRIBS_EXT__ 1
| #define __STDC_WANT_IEC_60559_BFP_EXT__ 1
| #define __STDC_WANT_IEC_60559_DFP_EXT__ 1
| #define __STDC_WANT_IEC_60559_FUNCS_EXT__ 1
| #define __STDC_WANT_IEC_60559_TYPES_EXT__ 1
| #define __STDC_WANT_LIB_EXT2__ 1
| #define __STDC_WANT_MATH_SPEC_FUNCS__ 1
| #define _TANDEM_SOURCE 1
| #define __EXTENSIONS__ 1
| #define PY_SUPPORT_TIER 1
| #define STDC_HEADERS 1
| #define HAVE_ALLOCA_H 1
| #define HAVE_ASM_TYPES_H 1
| /* end confdefs.h.  */
| #include <stddef.h>
| #ifdef HAVE_STDIO_H
| # include <stdio.h>
| #endif
| #ifdef HAVE_STDLIB_H
| # include <stdlib.h>
| #endif
| #ifdef HAVE_STRING_H
| # include <string.h>
| #endif
| #ifdef HAVE_INTTYPES_H
| # include <inttypes.h>
| #endif
| #ifdef HAVE_STDINT_H
| # include <stdint.h>
| #endif
| #ifdef HAVE_STRINGS_H
| # include <strings.h>
| #endif
| #ifdef HAVE_SYS_TYPES_H
| # include <sys/types.h>
| #endif
| #ifdef HAVE_SYS_STAT_H
| # include <sys/stat.h>
| #endif
| #ifdef HAVE_UNISTD_H
| # include <unistd.h>
| #endif
| #include <conio.h>
configure:10692: result: no
configure:10698: checking for direct.h
configure:10698: gcc -c   conftest.c >&5
conftest.c:69:10: fatal error: direct.h: No such file or directory
   69 | #include <direct.h>
      |          ^~~~~~~~~~
compilation terminated.
configure:10698: $? = 1
configure: failed program was:
| /* confdefs.h */
| #define _NETBSD_SOURCE 1
| #define __BSD_VISIBLE 1
| #define _DARWIN_C_SOURCE 1
| #define _PYTHONFRAMEWORK ""
| #define _XOPEN_SOURCE 700
| #define _XOPEN_SOURCE_EXTENDED 1
| #define _POSIX_C_SOURCE 200809L
| #define HAVE_STDIO_H 1
| #define HAVE_STDLIB_H 1
| #define HAVE_STRING_H 1
| #define HAVE_INTTYPES_H 1
| #define HAVE_STDINT_H 1
| #define HAVE_STRINGS_H 1
| #define HAVE_SYS_STAT_H 1
| #define HAVE_SYS_TYPES_H 1
| #define HAVE_UNISTD_H 1
| #define HAVE_WCHAR_H 1
| #define STDC_HEADERS 1
| #define _ALL_SOURCE 1
| #define _DARWIN_C_SOURCE 1
| #define _GNU_SOURCE 1
| #define _HPUX_ALT_XOPEN_SOCKET_API 1
| #define _NETBSD_SOURCE 1
| #define _OPENBSD_SOURCE 1
| #define _POSIX_PTHREAD_SEMANTICS 1
| #define __STDC_WANT_IEC_60559_ATTRIBS_EXT__ 1
| #define __STDC_WANT_IEC_60559_BFP_EXT__ 1
| #define __STDC_WANT_IEC_60559_DFP_EXT__ 1
| #define __STDC_WANT_IEC_60559_FUNCS_EXT__ 1
| #define __STDC_WANT_IEC_60559_TYPES_EXT__ 1
| #define __STDC_WANT_LIB_EXT2__ 1
| #define __STDC_WANT_MATH_SPEC_FUNCS__ 1
| #define _TANDEM_SOURCE 1
| #define __EXTENSIONS__ 1
| #define PY_SUPPORT_TIER 1
| #define STDC_HEADERS 1
| #define HAVE_ALLOCA_H 1
| #define HAVE_ASM_TYPES_H 1
| /* end confdefs.h.  */
| #include <stddef.h>
| #ifdef HAVE_STDIO_H
| # include <stdio.h>
| #endif
| #ifdef HAVE_STDLIB_H
| # include <stdlib.h>
| #endif
| #ifdef HAVE_STRING_H
| # include <string.h>
| #endif
| #ifdef HAVE_INTTYPES_H
| # include <inttypes.h>
| #endif
| #ifdef HAVE_STDINT_H
| # include <stdint.h>
| #endif
| #ifdef HAVE_STRINGS_H
| # include <strings.h>
| #endif
| #ifdef HAVE_SYS_TYPES_H
| # include <sys/types.h>
| #endif
| #ifdef HAVE_SYS_STAT_H
| # include <sys/stat.h>
| #endif
| #ifdef HAVE_UNISTD_H
| # include <unistd.h>
| #endif
| #include <direct.h>
configure:10698: result: no
configure:10704: checking for dlfcn.h
configure:10704: gcc -c   conftest.c >&5
configure:10704: $? = 0
configure:10704: result: yes
configure:10710: checking for endian.h
configure:10710: gcc -c   conftest.c >&5
configure:10710: $? = 0
configure:10710: result: yes
configure:10716: checking for errno.h
configure:10716: gcc -c   conftest.c >&5
configure:10716: $? = 0
configure:10716: result: yes
configure:10722: checking for fcntl.h
configure:10722: gcc -c   conftest.c >&5
configure:10722: $? = 0
configure:10722: result: yes
configure:10728: checking for grp.h
configure:10728: gcc -c   conftest.c >&5
configure:10728: $? = 0
configure:10728: result: yes
configure:10734: checking for io.h
configure:10734: gcc -c   conftest.c >&5
conftest.c:74:10: fatal error: io.h: No such file or directory
   74 | #include <io.h>
      |          ^~~~~~
compilation terminated.
configure:10734: $? = 1
configure: failed program was:
| /* confdefs.h */
| #define _NETBSD_SOURCE 1
| #define __BSD_VISIBLE 1
| #define _DARWIN_C_SOURCE 1
| #define _PYTHONFRAMEWORK ""
| #define _XOPEN_SOURCE 700
| #define _XOPEN_SOURCE_EXTENDED 1
| #define _POSIX_C_SOURCE 200809L
| #define HAVE_STDIO_H 1
| #define HAVE_STDLIB_H 1
| #define HAVE_STRING_H 1
| #define HAVE_INTTYPES_H 1
| #define HAVE_STDINT_H 1
| #define HAVE_STRINGS_H 1
| #define HAVE_SYS_STAT_H 1
| #define HAVE_SYS_TYPES_H 1
| #define HAVE_UNISTD_H 1
| #define HAVE_WCHAR_H 1
| #define STDC_HEADERS 1
| #define _ALL_SOURCE 1
| #define _DARWIN_C_SOURCE 1
| #define _GNU_SOURCE 1
| #define _HPUX_ALT_XOPEN_SOCKET_API 1
| #define _NETBSD_SOURCE 1
| #define _OPENBSD_SOURCE 1
| #define _POSIX_PTHREAD_SEMANTICS 1
| #define __STDC_WANT_IEC_60559_ATTRIBS_EXT__ 1
| #define __STDC_WANT_IEC_60559_BFP_EXT__ 1
| #define __STDC_WANT_IEC_60559_DFP_EXT__ 1
| #define __STDC_WANT_IEC_60559_FUNCS_EXT__ 1
| #define __STDC_WANT_IEC_60559_TYPES_EXT__ 1
| #define __STDC_WANT_LIB_EXT2__ 1
| #define __STDC_WANT_MATH_SPEC_FUNCS__ 1
| #define _TANDEM_SOURCE 1
| #define __EXTENSIONS__ 1
| #define PY_SUPPORT_TIER 1
| #define STDC_HEADERS 1
| #define HAVE_ALLOCA_H 1
| #define HAVE_ASM_TYPES_H 1
| #define HAVE_DLFCN_H 1
| #define HAVE_ENDIAN_H 1
| #define HAVE_ERRNO_H 1
| #define HAVE_FCNTL_H 1
| #define HAVE_GRP_H 1
| /* end confdefs.h.  */
| #include <stddef.h>
| #ifdef HAVE_STDIO_H
| # include <stdio.h>
| #endif
| #ifdef HAVE_STDLIB_H
| # include <stdlib.h>
| #endif
| #ifdef HAVE_STRING_H
| # include <string.h>
| #endif
| #ifdef HAVE_INTTYPES_H
| # include <inttypes.h>
| #endif
| #ifdef HAVE_STDINT_H
| # include <stdint.h>
| #endif
| #ifdef HAVE_STRINGS_H
| # include <strings.h>
| #endif
| #ifdef HAVE_SYS_TYPES_H
| # include <sys/types.h>
| #endif
| #ifdef HAVE_SYS_STAT_H
| # include <sys/stat.h>
| #endif
| #ifdef HAVE_UNISTD_H
| # include <unistd.h>
| #endif
| #include <io.h>
configure:10734: result: no
configure:10740: checking for langinfo.h
configure:10740: gcc -c   conftest.c >&5
configure:10740: $? = 0
configure:10740: result: yes
configure:10746: checking for libintl.h
configure:10746: gcc -c   conftest.c >&5
configure:10746: $? = 0
configure:10746: result: yes
configure:10752: checking for libutil.h
configure:10752: gcc -c   conftest.c >&5
conftest.c:76:10: fatal error: libutil.h: No such file or directory
   76 | #include <libutil.h>
      |          ^~~~~~~~~~~
compilation terminated.
configure:10752: $? = 1
configure: failed program was:
| /* confdefs.h */
| #define _NETBSD_SOURCE 1
| #define __BSD_VISIBLE 1
| #define _DARWIN_C_SOURCE 1
| #define _PYTHONFRAMEWORK ""
| #define _XOPEN_SOURCE 700
| #define _XOPEN_SOURCE_EXTENDED 1
| #define _POSIX_C_SOURCE 200809L
| #define HAVE_STDIO_H 1
| #define HAVE_STDLIB_H 1
| #define HAVE_STRING_H 1
| #define HAVE_INTTYPES_H 1
| #define HAVE_STDINT_H 1
| #define HAVE_STRINGS_H 1
| #define HAVE_SYS_STAT_H 1
| #define HAVE_SYS_TYPES_H 1
| #define HAVE_UNISTD_H 1
| #define HAVE_WCHAR_H 1
| #define STDC_HEADERS 1
| #define _ALL_SOURCE 1
| #define _DARWIN_C_SOURCE 1
| #define _GNU_SOURCE 1
| #define _HPUX_ALT_XOPEN_SOCKET_API 1
| #define _NETBSD_SOURCE 1
| #define _OPENBSD_SOURCE 1
| #define _POSIX_PTHREAD_SEMANTICS 1
| #define __STDC_WANT_IEC_60559_ATTRIBS_EXT__ 1
| #define __STDC_WANT_IEC_60559_BFP_EXT__ 1
| #define __STDC_WANT_IEC_60559_DFP_EXT__ 1
| #define __STDC_WANT_IEC_60559_FUNCS_EXT__ 1
| #define __STDC_WANT_IEC_60559_TYPES_EXT__ 1
| #define __STDC_WANT_LIB_EXT2__ 1
| #define __STDC_WANT_MATH_SPEC_FUNCS__ 1
| #define _TANDEM_SOURCE 1
| #define __EXTENSIONS__ 1
| #define PY_SUPPORT_TIER 1
| #define STDC_HEADERS 1
| #define HAVE_ALLOCA_H 1
| #define HAVE_ASM_TYPES_H 1
| #define HAVE_DLFCN_H 1
| #define HAVE_ENDIAN_H 1
| #define HAVE_ERRNO_H 1
| #define HAVE_FCNTL_H 1
| #define HAVE_GRP_H 1
| #define HAVE_LANGINFO_H 1
| #define HAVE_LIBINTL_H 1
| /* end confdefs.h.  */
| #include <stddef.h>
| #ifdef HAVE_STDIO_H
| # include <stdio.h>
| #endif
| #ifdef HAVE_STDLIB_H
| # include <stdlib.h>
| #endif
| #ifdef HAVE_STRING_H
| # include <string.h>
| #endif
| #ifdef HAVE_INTTYPES_H
| # include <inttypes.h>
| #endif
| #ifdef HAVE_STDINT_H
| # include <stdint.h>
| #endif
| #ifdef HAVE_STRINGS_H
| # include <strings.h>
| #endif
| #ifdef HAVE_SYS_TYPES_H
| # include <sys/types.h>
| #endif
| #ifdef HAVE_SYS_STAT_H
| # include <sys/stat.h>
| #endif
| #ifdef HAVE_UNISTD_H
| # include <unistd.h>
| #endif
| #include <libutil.h>
configure:10752: result: no
configure:10758: checking for linux/auxvec.h
configure:10758: gcc -c   conftest.c >&5
configure:10758: $? = 0
configure:10758: result: yes
configure:10764: checking for sys/auxv.h
configure:10764: gcc -c   conftest.c >&5
configure:10764: $? = 0
configure:10764: result: yes
configure:10770: checking for linux/fs.h
configure:10770: gcc -c   conftest.c >&5
configure:10770: $? = 0
configure:10770: result: yes
configure:10776: checking for linux/limits.h
configure:10776: gcc -c   conftest.c >&5
configure:10776: $? = 0
configure:10776: result: yes
configure:10782: checking for linux/memfd.h
configure:10782: gcc -c   conftest.c >&5
configure:10782: $? = 0
configure:10782: result: yes
configure:10788: checking for linux/random.h
configure:10788: gcc -c   conftest.c >&5
configure:10788: $? = 0
configure:10788: result: yes
configure:10794: checking for linux/soundcard.h
configure:10794: gcc -c   conftest.c >&5
configure:10794: $? = 0
configure:10794: result: yes
configure:10800: checking for linux/tipc.h
configure:10800: gcc -c   conftest.c >&5
configure:10800: $? = 0
configure:10800: result: yes
configure:10806: checking for linux/wait.h
configure:10806: gcc -c   conftest.c >&5
configure:10806: $? = 0
configure:10806: result: yes
configure:10812: checking for netdb.h
configure:10812: gcc -c   conftest.c >&5
configure:10812: $? = 0
configure:10812: result: yes
configure:10818: checking for net/ethernet.h
configure:10818: gcc -c   conftest.c >&5
configure:10818: $? = 0
configure:10818: result: yes
configure:10824: checking for netinet/in.h
configure:10824: gcc -c   conftest.c >&5
configure:10824: $? = 0
configure:10824: result: yes
configure:10830: checking for netpacket/packet.h
configure:10830: gcc -c   conftest.c >&5
configure:10830: $? = 0
configure:10830: result: yes
configure:10836: checking for poll.h
configure:10836: gcc -c   conftest.c >&5
configure:10836: $? = 0
configure:10836: result: yes
configure:10842: checking for process.h
configure:10842: gcc -c   conftest.c >&5
conftest.c:90:10: fatal error: process.h: No such file or directory
   90 | #include <process.h>
      |          ^~~~~~~~~~~
compilation terminated.
configure:10842: $? = 1
configure: failed program was:
| /* confdefs.h */
| #define _NETBSD_SOURCE 1
| #define __BSD_VISIBLE 1
| #define _DARWIN_C_SOURCE 1
| #define _PYTHONFRAMEWORK ""
| #define _XOPEN_SOURCE 700
| #define _XOPEN_SOURCE_EXTENDED 1
| #define _POSIX_C_SOURCE 200809L
| #define HAVE_STDIO_H 1
| #define HAVE_STDLIB_H 1
| #define HAVE_STRING_H 1
| #define HAVE_INTTYPES_H 1
| #define HAVE_STDINT_H 1
| #define HAVE_STRINGS_H 1
| #define HAVE_SYS_STAT_H 1
| #define HAVE_SYS_TYPES_H 1
| #define HAVE_UNISTD_H 1
| #define HAVE_WCHAR_H 1
| #define STDC_HEADERS 1
| #define _ALL_SOURCE 1
| #define _DARWIN_C_SOURCE 1
| #define _GNU_SOURCE 1
| #define _HPUX_ALT_XOPEN_SOCKET_API 1
| #define _NETBSD_SOURCE 1
| #define _OPENBSD_SOURCE 1
| #define _POSIX_PTHREAD_SEMANTICS 1
| #define __STDC_WANT_IEC_60559_ATTRIBS_EXT__ 1
| #define __STDC_WANT_IEC_60559_BFP_EXT__ 1
| #define __STDC_WANT_IEC_60559_DFP_EXT__ 1
| #define __STDC_WANT_IEC_60559_FUNCS_EXT__ 1
| #define __STDC_WANT_IEC_60559_TYPES_EXT__ 1
| #define __STDC_WANT_LIB_EXT2__ 1
| #define __STDC_WANT_MATH_SPEC_FUNCS__ 1
| #define _TANDEM_SOURCE 1
| #define __EXTENSIONS__ 1
| #define PY_SUPPORT_TIER 1
| #define STDC_HEADERS 1
| #define HAVE_ALLOCA_H 1
| #define HAVE_ASM_TYPES_H 1
| #define HAVE_DLFCN_H 1
| #define HAVE_ENDIAN_H 1
| #define HAVE_ERRNO_H 1
| #define HAVE_FCNTL_H 1
| #define HAVE_GRP_H 1
| #define HAVE_LANGINFO_H 1
| #define HAVE_LIBINTL_H 1
| #define HAVE_LINUX_AUXVEC_H 1
| #define HAVE_SYS_AUXV_H 1
| #define HAVE_LINUX_FS_H 1
| #define HAVE_LINUX_LIMITS_H 1
| #define HAVE_LINUX_MEMFD_H 1
| #define HAVE_LINUX_RANDOM_H 1
| #define HAVE_LINUX_SOUNDCARD_H 1
| #define HAVE_LINUX_TIPC_H 1
| #define HAVE_LINUX_WAIT_H 1
| #define HAVE_NETDB_H 1
| #define HAVE_NET_ETHERNET_H 1
| #define HAVE_NETINET_IN_H 1
| #define HAVE_NETPACKET_PACKET_H 1
| #define HAVE_POLL_H 1
| /* end confdefs.h.  */
| #include <stddef.h>
| #ifdef HAVE_STDIO_H
| # include <stdio.h>
| #endif
| #ifdef HAVE_STDLIB_H
| # include <stdlib.h>
| #endif
| #ifdef HAVE_STRING_H
| # include <string.h>
| #endif
| #ifdef HAVE_INTTYPES_H
| # include <inttypes.h>
| #endif
| #ifdef HAVE_STDINT_H
| # include <stdint.h>
| #endif
| #ifdef HAVE_STRINGS_H
| # include <strings.h>
| #endif
| #ifdef HAVE_SYS_TYPES_H
| # include <sys/types.h>
| #endif
| #ifdef HAVE_SYS_STAT_H
| # include <sys/stat.h>
| #endif
| #ifdef HAVE_UNISTD_H
| # include <unistd.h>
| #endif
| #include <process.h>
configure:10842: result: no
configure:10848: checking for pthread.h
configure:10848: gcc -c   conftest.c >&5
configure:10848: $? = 0
configure:10848: result: yes
configure:10854: checking for pty.h
configure:10854: gcc -c   conftest.c >&5
configure:10854: $? = 0
configure:10854: result: yes
configure:10860: checking for sched.h
configure:10860: gcc -c   conftest.c >&5
configure:10860: $? = 0
configure:10860: result: yes
configure:10866: checking for setjmp.h
configure:10866: gcc -c   conftest.c >&5
configure:10866: $? = 0
configure:10866: result: yes
configure:10872: checking for shadow.h
configure:10872: gcc -c   conftest.c >&5
configure:10872: $? = 0
configure:10872: result: yes
configure:10878: checking for signal.h
configure:10878: gcc -c   conftest.c >&5
configure:10878: $? = 0
configure:10878: result: yes
configure:10884: checking for spawn.h
configure:10884: gcc -c   conftest.c >&5
configure:10884: $? = 0
configure:10884: result: yes
configure:10890: checking for stropts.h
configure:10890: gcc -c   conftest.c >&5
conftest.c:97:10: fatal error: stropts.h: No such file or directory
   97 | #include <stropts.h>
      |          ^~~~~~~~~~~
compilation terminated.
configure:10890: $? = 1
configure: failed program was:
| /* confdefs.h */
| #define _NETBSD_SOURCE 1
| #define __BSD_VISIBLE 1
| #define _DARWIN_C_SOURCE 1
| #define _PYTHONFRAMEWORK ""
| #define _XOPEN_SOURCE 700
| #define _XOPEN_SOURCE_EXTENDED 1
| #define _POSIX_C_SOURCE 200809L
| #define HAVE_STDIO_H 1
| #define HAVE_STDLIB_H 1
| #define HAVE_STRING_H 1
| #define HAVE_INTTYPES_H 1
| #define HAVE_STDINT_H 1
| #define HAVE_STRINGS_H 1
| #define HAVE_SYS_STAT_H 1
| #define HAVE_SYS_TYPES_H 1
| #define HAVE_UNISTD_H 1
| #define HAVE_WCHAR_H 1
| #define STDC_HEADERS 1
| #define _ALL_SOURCE 1
| #define _DARWIN_C_SOURCE 1
| #define _GNU_SOURCE 1
| #define _HPUX_ALT_XOPEN_SOCKET_API 1
| #define _NETBSD_SOURCE 1
| #define _OPENBSD_SOURCE 1
| #define _POSIX_PTHREAD_SEMANTICS 1
| #define __STDC_WANT_IEC_60559_ATTRIBS_EXT__ 1
| #define __STDC_WANT_IEC_60559_BFP_EXT__ 1
| #define __STDC_WANT_IEC_60559_DFP_EXT__ 1
| #define __STDC_WANT_IEC_60559_FUNCS_EXT__ 1
| #define __STDC_WANT_IEC_60559_TYPES_EXT__ 1
| #define __STDC_WANT_LIB_EXT2__ 1
| #define __STDC_WANT_MATH_SPEC_FUNCS__ 1
| #define _TANDEM_SOURCE 1
| #define __EXTENSIONS__ 1
| #define PY_SUPPORT_TIER 1
| #define STDC_HEADERS 1
| #define HAVE_ALLOCA_H 1
| #define HAVE_ASM_TYPES_H 1
| #define HAVE_DLFCN_H 1
| #define HAVE_ENDIAN_H 1
| #define HAVE_ERRNO_H 1
| #define HAVE_FCNTL_H 1
| #define HAVE_GRP_H 1
| #define HAVE_LANGINFO_H 1
| #define HAVE_LIBINTL_H 1
| #define HAVE_LINUX_AUXVEC_H 1
| #define HAVE_SYS_AUXV_H 1
| #define HAVE_LINUX_FS_H 1
| #define HAVE_LINUX_LIMITS_H 1
| #define HAVE_LINUX_MEMFD_H 1
| #define HAVE_LINUX_RANDOM_H 1
| #define HAVE_LINUX_SOUNDCARD_H 1
| #define HAVE_LINUX_TIPC_H 1
| #define HAVE_LINUX_WAIT_H 1
| #define HAVE_NETDB_H 1
| #define HAVE_NET_ETHERNET_H 1
| #define HAVE_NETINET_IN_H 1
| #define HAVE_NETPACKET_PACKET_H 1
| #define HAVE_POLL_H 1
| #define HAVE_PTHREAD_H 1
| #define HAVE_PTY_H 1
| #define HAVE_SCHED_H 1
| #define HAVE_SETJMP_H 1
| #define HAVE_SHADOW_H 1
| #define HAVE_SIGNAL_H 1
| #define HAVE_SPAWN_H 1
| /* end confdefs.h.  */
| #include <stddef.h>
| #ifdef HAVE_STDIO_H
| # include <stdio.h>
| #endif
| #ifdef HAVE_STDLIB_H
| # include <stdlib.h>
| #endif
| #ifdef HAVE_STRING_H
| # include <string.h>
| #endif
| #ifdef HAVE_INTTYPES_H
| # include <inttypes.h>
| #endif
| #ifdef HAVE_STDINT_H
| # include <stdint.h>
| #endif
| #ifdef HAVE_STRINGS_H
| # include <strings.h>
| #endif
| #ifdef HAVE_SYS_TYPES_H
| # include <sys/types.h>
| #endif
| #ifdef HAVE_SYS_STAT_H
| # include <sys/stat.h>
| #endif
| #ifdef HAVE_UNISTD_H
| # include <unistd.h>
| #endif
| #include <stropts.h>
configure:10890: result: no
configure:10896: checking for sys/audioio.h
configure:10896: gcc -c   conftest.c >&5
conftest.c:97:10: fatal error: sys/audioio.h: No such file or directory
   97 | #include <sys/audioio.h>
      |          ^~~~~~~~~~~~~~~
compilation terminated.
configure:10896: $? = 1
configure: failed program was:
| /* confdefs.h */
| #define _NETBSD_SOURCE 1
| #define __BSD_VISIBLE 1
| #define _DARWIN_C_SOURCE 1
| #define _PYTHONFRAMEWORK ""
| #define _XOPEN_SOURCE 700
| #define _XOPEN_SOURCE_EXTENDED 1
| #define _POSIX_C_SOURCE 200809L
| #define HAVE_STDIO_H 1
| #define HAVE_STDLIB_H 1
| #define HAVE_STRING_H 1
| #define HAVE_INTTYPES_H 1
| #define HAVE_STDINT_H 1
| #define HAVE_STRINGS_H 1
| #define HAVE_SYS_STAT_H 1
| #define HAVE_SYS_TYPES_H 1
| #define HAVE_UNISTD_H 1
| #define HAVE_WCHAR_H 1
| #define STDC_HEADERS 1
| #define _ALL_SOURCE 1
| #define _DARWIN_C_SOURCE 1
| #define _GNU_SOURCE 1
| #define _HPUX_ALT_XOPEN_SOCKET_API 1
| #define _NETBSD_SOURCE 1
| #define _OPENBSD_SOURCE 1
| #define _POSIX_PTHREAD_SEMANTICS 1
| #define __STDC_WANT_IEC_60559_ATTRIBS_EXT__ 1
| #define __STDC_WANT_IEC_60559_BFP_EXT__ 1
| #define __STDC_WANT_IEC_60559_DFP_EXT__ 1
| #define __STDC_WANT_IEC_60559_FUNCS_EXT__ 1
| #define __STDC_WANT_IEC_60559_TYPES_EXT__ 1
| #define __STDC_WANT_LIB_EXT2__ 1
| #define __STDC_WANT_MATH_SPEC_FUNCS__ 1
| #define _TANDEM_SOURCE 1
| #define __EXTENSIONS__ 1
| #define PY_SUPPORT_TIER 1
| #define STDC_HEADERS 1
| #define HAVE_ALLOCA_H 1
| #define HAVE_ASM_TYPES_H 1
| #define HAVE_DLFCN_H 1
| #define HAVE_ENDIAN_H 1
| #define HAVE_ERRNO_H 1
| #define HAVE_FCNTL_H 1
| #define HAVE_GRP_H 1
| #define HAVE_LANGINFO_H 1
| #define HAVE_LIBINTL_H 1
| #define HAVE_LINUX_AUXVEC_H 1
| #define HAVE_SYS_AUXV_H 1
| #define HAVE_LINUX_FS_H 1
| #define HAVE_LINUX_LIMITS_H 1
| #define HAVE_LINUX_MEMFD_H 1
| #define HAVE_LINUX_RANDOM_H 1
| #define HAVE_LINUX_SOUNDCARD_H 1
| #define HAVE_LINUX_TIPC_H 1
| #define HAVE_LINUX_WAIT_H 1
| #define HAVE_NETDB_H 1
| #define HAVE_NET_ETHERNET_H 1
| #define HAVE_NETINET_IN_H 1
| #define HAVE_NETPACKET_PACKET_H 1
| #define HAVE_POLL_H 1
| #define HAVE_PTHREAD_H 1
| #define HAVE_PTY_H 1
| #define HAVE_SCHED_H 1
| #define HAVE_SETJMP_H 1
| #define HAVE_SHADOW_H 1
| #define HAVE_SIGNAL_H 1
| #define HAVE_SPAWN_H 1
| /* end confdefs.h.  */
| #include <stddef.h>
| #ifdef HAVE_STDIO_H
| # include <stdio.h>
| #endif
| #ifdef HAVE_STDLIB_H
| # include <stdlib.h>
| #endif
| #ifdef HAVE_STRING_H
| # include <string.h>
| #endif
| #ifdef HAVE_INTTYPES_H
| # include <inttypes.h>
| #endif
| #ifdef HAVE_STDINT_H
| # include <stdint.h>
| #endif
| #ifdef HAVE_STRINGS_H
| # include <strings.h>
| #endif
| #ifdef HAVE_SYS_TYPES_H
| # include <sys/types.h>
| #endif
| #ifdef HAVE_SYS_STAT_H
| # include <sys/stat.h>
| #endif
| #ifdef HAVE_UNISTD_H
| # include <unistd.h>
| #endif
| #include <sys/audioio.h>
configure:10896: result: no
configure:10902: checking for sys/bsdtty.h
configure:10902: gcc -c   conftest.c >&5
conftest.c:97:10: fatal error: sys/bsdtty.h: No such file or directory
   97 | #include <sys/bsdtty.h>
      |          ^~~~~~~~~~~~~~
compilation terminated.
configure:10902: $? = 1
configure: failed program was:
| /* confdefs.h */
| #define _NETBSD_SOURCE 1
| #define __BSD_VISIBLE 1
| #define _DARWIN_C_SOURCE 1
| #define _PYTHONFRAMEWORK ""
| #define _XOPEN_SOURCE 700
| #define _XOPEN_SOURCE_EXTENDED 1
| #define _POSIX_C_SOURCE 200809L
| #define HAVE_STDIO_H 1
| #define HAVE_STDLIB_H 1
| #define HAVE_STRING_H 1
| #define HAVE_INTTYPES_H 1
| #define HAVE_STDINT_H 1
| #define HAVE_STRINGS_H 1
| #define HAVE_SYS_STAT_H 1
| #define HAVE_SYS_TYPES_H 1
| #define HAVE_UNISTD_H 1
| #define HAVE_WCHAR_H 1
| #define STDC_HEADERS 1
| #define _ALL_SOURCE 1
| #define _DARWIN_C_SOURCE 1
| #define _GNU_SOURCE 1
| #define _HPUX_ALT_XOPEN_SOCKET_API 1
| #define _NETBSD_SOURCE 1
| #define _OPENBSD_SOURCE 1
| #define _POSIX_PTHREAD_SEMANTICS 1
| #define __STDC_WANT_IEC_60559_ATTRIBS_EXT__ 1
| #define __STDC_WANT_IEC_60559_BFP_EXT__ 1
| #define __STDC_WANT_IEC_60559_DFP_EXT__ 1
| #define __STDC_WANT_IEC_60559_FUNCS_EXT__ 1
| #define __STDC_WANT_IEC_60559_TYPES_EXT__ 1
| #define __STDC_WANT_LIB_EXT2__ 1
| #define __STDC_WANT_MATH_SPEC_FUNCS__ 1
| #define _TANDEM_SOURCE 1
| #define __EXTENSIONS__ 1
| #define PY_SUPPORT_TIER 1
| #define STDC_HEADERS 1
| #define HAVE_ALLOCA_H 1
| #define HAVE_ASM_TYPES_H 1
| #define HAVE_DLFCN_H 1
| #define HAVE_ENDIAN_H 1
| #define HAVE_ERRNO_H 1
| #define HAVE_FCNTL_H 1
| #define HAVE_GRP_H 1
| #define HAVE_LANGINFO_H 1
| #define HAVE_LIBINTL_H 1
| #define HAVE_LINUX_AUXVEC_H 1
| #define HAVE_SYS_AUXV_H 1
| #define HAVE_LINUX_FS_H 1
| #define HAVE_LINUX_LIMITS_H 1
| #define HAVE_LINUX_MEMFD_H 1
| #define HAVE_LINUX_RANDOM_H 1
| #define HAVE_LINUX_SOUNDCARD_H 1
| #define HAVE_LINUX_TIPC_H 1
| #define HAVE_LINUX_WAIT_H 1
| #define HAVE_NETDB_H 1
| #define HAVE_NET_ETHERNET_H 1
| #define HAVE_NETINET_IN_H 1
| #define HAVE_NETPACKET_PACKET_H 1
| #define HAVE_POLL_H 1
| #define HAVE_PTHREAD_H 1
| #define HAVE_PTY_H 1
| #define HAVE_SCHED_H 1
| #define HAVE_SETJMP_H 1
| #define HAVE_SHADOW_H 1
| #define HAVE_SIGNAL_H 1
| #define HAVE_SPAWN_H 1
| /* end confdefs.h.  */
| #include <stddef.h>
| #ifdef HAVE_STDIO_H
| # include <stdio.h>
| #endif
| #ifdef HAVE_STDLIB_H
| # include <stdlib.h>
| #endif
| #ifdef HAVE_STRING_H
| # include <string.h>
| #endif
| #ifdef HAVE_INTTYPES_H
| # include <inttypes.h>
| #endif
| #ifdef HAVE_STDINT_H
| # include <stdint.h>
| #endif
| #ifdef HAVE_STRINGS_H
| # include <strings.h>
| #endif
| #ifdef HAVE_SYS_TYPES_H
| # include <sys/types.h>
| #endif
| #ifdef HAVE_SYS_STAT_H
| # include <sys/stat.h>
| #endif
| #ifdef HAVE_UNISTD_H
| # include <unistd.h>
| #endif
| #include <sys/bsdtty.h>
configure:10902: result: no
configure:10908: checking for sys/devpoll.h
configure:10908: gcc -c   conftest.c >&5
conftest.c:97:10: fatal error: sys/devpoll.h: No such file or directory
   97 | #include <sys/devpoll.h>
      |          ^~~~~~~~~~~~~~~
compilation terminated.
configure:10908: $? = 1
configure: failed program was:
| /* confdefs.h */
| #define _NETBSD_SOURCE 1
| #define __BSD_VISIBLE 1
| #define _DARWIN_C_SOURCE 1
| #define _PYTHONFRAMEWORK ""
| #define _XOPEN_SOURCE 700
| #define _XOPEN_SOURCE_EXTENDED 1
| #define _POSIX_C_SOURCE 200809L
| #define HAVE_STDIO_H 1
| #define HAVE_STDLIB_H 1
| #define HAVE_STRING_H 1
| #define HAVE_INTTYPES_H 1
| #define HAVE_STDINT_H 1
| #define HAVE_STRINGS_H 1
| #define HAVE_SYS_STAT_H 1
| #define HAVE_SYS_TYPES_H 1
| #define HAVE_UNISTD_H 1
| #define HAVE_WCHAR_H 1
| #define STDC_HEADERS 1
| #define _ALL_SOURCE 1
| #define _DARWIN_C_SOURCE 1
| #define _GNU_SOURCE 1
| #define _HPUX_ALT_XOPEN_SOCKET_API 1
| #define _NETBSD_SOURCE 1
| #define _OPENBSD_SOURCE 1
| #define _POSIX_PTHREAD_SEMANTICS 1
| #define __STDC_WANT_IEC_60559_ATTRIBS_EXT__ 1
| #define __STDC_WANT_IEC_60559_BFP_EXT__ 1
| #define __STDC_WANT_IEC_60559_DFP_EXT__ 1
| #define __STDC_WANT_IEC_60559_FUNCS_EXT__ 1
| #define __STDC_WANT_IEC_60559_TYPES_EXT__ 1
| #define __STDC_WANT_LIB_EXT2__ 1
| #define __STDC_WANT_MATH_SPEC_FUNCS__ 1
| #define _TANDEM_SOURCE 1
| #define __EXTENSIONS__ 1
| #define PY_SUPPORT_TIER 1
| #define STDC_HEADERS 1
| #define HAVE_ALLOCA_H 1
| #define HAVE_ASM_TYPES_H 1
| #define HAVE_DLFCN_H 1
| #define HAVE_ENDIAN_H 1
| #define HAVE_ERRNO_H 1
| #define HAVE_FCNTL_H 1
| #define HAVE_GRP_H 1
| #define HAVE_LANGINFO_H 1
| #define HAVE_LIBINTL_H 1
| #define HAVE_LINUX_AUXVEC_H 1
| #define HAVE_SYS_AUXV_H 1
| #define HAVE_LINUX_FS_H 1
| #define HAVE_LINUX_LIMITS_H 1
| #define HAVE_LINUX_MEMFD_H 1
| #define HAVE_LINUX_RANDOM_H 1
| #define HAVE_LINUX_SOUNDCARD_H 1
| #define HAVE_LINUX_TIPC_H 1
| #define HAVE_LINUX_WAIT_H 1
| #define HAVE_NETDB_H 1
| #define HAVE_NET_ETHERNET_H 1
| #define HAVE_NETINET_IN_H 1
| #define HAVE_NETPACKET_PACKET_H 1
| #define HAVE_POLL_H 1
| #define HAVE_PTHREAD_H 1
| #define HAVE_PTY_H 1
| #define HAVE_SCHED_H 1
| #define HAVE_SETJMP_H 1
| #define HAVE_SHADOW_H 1
| #define HAVE_SIGNAL_H 1
| #define HAVE_SPAWN_H 1
| /* end confdefs.h.  */
| #include <stddef.h>
| #ifdef HAVE_STDIO_H
| # include <stdio.h>
| #endif
| #ifdef HAVE_STDLIB_H
| # include <stdlib.h>
| #endif
| #ifdef HAVE_STRING_H
| # include <string.h>
| #endif
| #ifdef HAVE_INTTYPES_H
| # include <inttypes.h>
| #endif
| #ifdef HAVE_STDINT_H
| # include <stdint.h>
| #endif
| #ifdef HAVE_STRINGS_H
| # include <strings.h>
| #endif
| #ifdef HAVE_SYS_TYPES_H
| # include <sys/types.h>
| #endif
| #ifdef HAVE_SYS_STAT_H
| # include <sys/stat.h>
| #endif
| #ifdef HAVE_UNISTD_H
| # include <unistd.h>
| #endif
| #include <sys/devpoll.h>
configure:10908: result: no
configure:10914: checking for sys/endian.h
configure:10914: gcc -c   conftest.c >&5
conftest.c:97:10: fatal error: sys/endian.h: No such file or directory
   97 | #include <sys/endian.h>
      |          ^~~~~~~~~~~~~~
compilation terminated.
configure:10914: $? = 1
configure: failed program was:
| /* confdefs.h */
| #define _NETBSD_SOURCE 1
| #define __BSD_VISIBLE 1
| #define _DARWIN_C_SOURCE 1
| #define _PYTHONFRAMEWORK ""
| #define _XOPEN_SOURCE 700
| #define _XOPEN_SOURCE_EXTENDED 1
| #define _POSIX_C_SOURCE 200809L
| #define HAVE_STDIO_H 1
| #define HAVE_STDLIB_H 1
| #define HAVE_STRING_H 1
| #define HAVE_INTTYPES_H 1
| #define HAVE_STDINT_H 1
| #define HAVE_STRINGS_H 1
| #define HAVE_SYS_STAT_H 1
| #define HAVE_SYS_TYPES_H 1
| #define HAVE_UNISTD_H 1
| #define HAVE_WCHAR_H 1
| #define STDC_HEADERS 1
| #define _ALL_SOURCE 1
| #define _DARWIN_C_SOURCE 1
| #define _GNU_SOURCE 1
| #define _HPUX_ALT_XOPEN_SOCKET_API 1
| #define _NETBSD_SOURCE 1
| #define _OPENBSD_SOURCE 1
| #define _POSIX_PTHREAD_SEMANTICS 1
| #define __STDC_WANT_IEC_60559_ATTRIBS_EXT__ 1
| #define __STDC_WANT_IEC_60559_BFP_EXT__ 1
| #define __STDC_WANT_IEC_60559_DFP_EXT__ 1
| #define __STDC_WANT_IEC_60559_FUNCS_EXT__ 1
| #define __STDC_WANT_IEC_60559_TYPES_EXT__ 1
| #define __STDC_WANT_LIB_EXT2__ 1
| #define __STDC_WANT_MATH_SPEC_FUNCS__ 1
| #define _TANDEM_SOURCE 1
| #define __EXTENSIONS__ 1
| #define PY_SUPPORT_TIER 1
| #define STDC_HEADERS 1
| #define HAVE_ALLOCA_H 1
| #define HAVE_ASM_TYPES_H 1
| #define HAVE_DLFCN_H 1
| #define HAVE_ENDIAN_H 1
| #define HAVE_ERRNO_H 1
| #define HAVE_FCNTL_H 1
| #define HAVE_GRP_H 1
| #define HAVE_LANGINFO_H 1
| #define HAVE_LIBINTL_H 1
| #define HAVE_LINUX_AUXVEC_H 1
| #define HAVE_SYS_AUXV_H 1
| #define HAVE_LINUX_FS_H 1
| #define HAVE_LINUX_LIMITS_H 1
| #define HAVE_LINUX_MEMFD_H 1
| #define HAVE_LINUX_RANDOM_H 1
| #define HAVE_LINUX_SOUNDCARD_H 1
| #define HAVE_LINUX_TIPC_H 1
| #define HAVE_LINUX_WAIT_H 1
| #define HAVE_NETDB_H 1
| #define HAVE_NET_ETHERNET_H 1
| #define HAVE_NETINET_IN_H 1
| #define HAVE_NETPACKET_PACKET_H 1
| #define HAVE_POLL_H 1
| #define HAVE_PTHREAD_H 1
| #define HAVE_PTY_H 1
| #define HAVE_SCHED_H 1
| #define HAVE_SETJMP_H 1
| #define HAVE_SHADOW_H 1
| #define HAVE_SIGNAL_H 1
| #define HAVE_SPAWN_H 1
| /* end confdefs.h.  */
| #include <stddef.h>
| #ifdef HAVE_STDIO_H
| # include <stdio.h>
| #endif
| #ifdef HAVE_STDLIB_H
| # include <stdlib.h>
| #endif
| #ifdef HAVE_STRING_H
| # include <string.h>
| #endif
| #ifdef HAVE_INTTYPES_H
| # include <inttypes.h>
| #endif
| #ifdef HAVE_STDINT_H
| # include <stdint.h>
| #endif
| #ifdef HAVE_STRINGS_H
| # include <strings.h>
| #endif
| #ifdef HAVE_SYS_TYPES_H
| # include <sys/types.h>
| #endif
| #ifdef HAVE_SYS_STAT_H
| # include <sys/stat.h>
| #endif
| #ifdef HAVE_UNISTD_H
| # include <unistd.h>
| #endif
| #include <sys/endian.h>
configure:10914: result: no
configure:10920: checking for sys/epoll.h
configure:10920: gcc -c   conftest.c >&5
configure:10920: $? = 0
configure:10920: result: yes
configure:10926: checking for sys/event.h
configure:10926: gcc -c   conftest.c >&5
conftest.c:98:10: fatal error: sys/event.h: No such file or directory
   98 | #include <sys/event.h>
      |          ^~~~~~~~~~~~~
compilation terminated.
configure:10926: $? = 1
configure: failed program was:
| /* confdefs.h */
| #define _NETBSD_SOURCE 1
| #define __BSD_VISIBLE 1
| #define _DARWIN_C_SOURCE 1
| #define _PYTHONFRAMEWORK ""
| #define _XOPEN_SOURCE 700
| #define _XOPEN_SOURCE_EXTENDED 1
| #define _POSIX_C_SOURCE 200809L
| #define HAVE_STDIO_H 1
| #define HAVE_STDLIB_H 1
| #define HAVE_STRING_H 1
| #define HAVE_INTTYPES_H 1
| #define HAVE_STDINT_H 1
| #define HAVE_STRINGS_H 1
| #define HAVE_SYS_STAT_H 1
| #define HAVE_SYS_TYPES_H 1
| #define HAVE_UNISTD_H 1
| #define HAVE_WCHAR_H 1
| #define STDC_HEADERS 1
| #define _ALL_SOURCE 1
| #define _DARWIN_C_SOURCE 1
| #define _GNU_SOURCE 1
| #define _HPUX_ALT_XOPEN_SOCKET_API 1
| #define _NETBSD_SOURCE 1
| #define _OPENBSD_SOURCE 1
| #define _POSIX_PTHREAD_SEMANTICS 1
| #define __STDC_WANT_IEC_60559_ATTRIBS_EXT__ 1
| #define __STDC_WANT_IEC_60559_BFP_EXT__ 1
| #define __STDC_WANT_IEC_60559_DFP_EXT__ 1
| #define __STDC_WANT_IEC_60559_FUNCS_EXT__ 1
| #define __STDC_WANT_IEC_60559_TYPES_EXT__ 1
| #define __STDC_WANT_LIB_EXT2__ 1
| #define __STDC_WANT_MATH_SPEC_FUNCS__ 1
| #define _TANDEM_SOURCE 1
| #define __EXTENSIONS__ 1
| #define PY_SUPPORT_TIER 1
| #define STDC_HEADERS 1
| #define HAVE_ALLOCA_H 1
| #define HAVE_ASM_TYPES_H 1
| #define HAVE_DLFCN_H 1
| #define HAVE_ENDIAN_H 1
| #define HAVE_ERRNO_H 1
| #define HAVE_FCNTL_H 1
| #define HAVE_GRP_H 1
| #define HAVE_LANGINFO_H 1
| #define HAVE_LIBINTL_H 1
| #define HAVE_LINUX_AUXVEC_H 1
| #define HAVE_SYS_AUXV_H 1
| #define HAVE_LINUX_FS_H 1
| #define HAVE_LINUX_LIMITS_H 1
| #define HAVE_LINUX_MEMFD_H 1
| #define HAVE_LINUX_RANDOM_H 1
| #define HAVE_LINUX_SOUNDCARD_H 1
| #define HAVE_LINUX_TIPC_H 1
| #define HAVE_LINUX_WAIT_H 1
| #define HAVE_NETDB_H 1
| #define HAVE_NET_ETHERNET_H 1
| #define HAVE_NETINET_IN_H 1
| #define HAVE_NETPACKET_PACKET_H 1
| #define HAVE_POLL_H 1
| #define HAVE_PTHREAD_H 1
| #define HAVE_PTY_H 1
| #define HAVE_SCHED_H 1
| #define HAVE_SETJMP_H 1
| #define HAVE_SHADOW_H 1
| #define HAVE_SIGNAL_H 1
| #define HAVE_SPAWN_H 1
| #define HAVE_SYS_EPOLL_H 1
| /* end confdefs.h.  */
| #include <stddef.h>
| #ifdef HAVE_STDIO_H
| # include <stdio.h>
| #endif
| #ifdef HAVE_STDLIB_H
| # include <stdlib.h>
| #endif
| #ifdef HAVE_STRING_H
| # include <string.h>
| #endif
| #ifdef HAVE_INTTYPES_H
| # include <inttypes.h>
| #endif
| #ifdef HAVE_STDINT_H
| # include <stdint.h>
| #endif
| #ifdef HAVE_STRINGS_H
| # include <strings.h>
| #endif
| #ifdef HAVE_SYS_TYPES_H
| # include <sys/types.h>
| #endif
| #ifdef HAVE_SYS_STAT_H
| # include <sys/stat.h>
| #endif
| #ifdef HAVE_UNISTD_H
| # include <unistd.h>
| #endif
| #include <sys/event.h>
configure:10926: result: no
configure:10932: checking for sys/eventfd.h
configure:10932: gcc -c   conftest.c >&5
configure:10932: $? = 0
configure:10932: result: yes
configure:10938: checking for sys/file.h
configure:10938: gcc -c   conftest.c >&5
configure:10938: $? = 0
configure:10938: result: yes
configure:10944: checking for sys/ioctl.h
configure:10944: gcc -c   conftest.c >&5
configure:10944: $? = 0
configure:10944: result: yes
configure:10950: checking for sys/kern_control.h
configure:10950: gcc -c   conftest.c >&5
conftest.c:101:10: fatal error: sys/kern_control.h: No such file or directory
  101 | #include <sys/kern_control.h>
      |          ^~~~~~~~~~~~~~~~~~~~
compilation terminated.
configure:10950: $? = 1
configure: failed program was:
| /* confdefs.h */
| #define _NETBSD_SOURCE 1
| #define __BSD_VISIBLE 1
| #define _DARWIN_C_SOURCE 1
| #define _PYTHONFRAMEWORK ""
| #define _XOPEN_SOURCE 700
| #define _XOPEN_SOURCE_EXTENDED 1
| #define _POSIX_C_SOURCE 200809L
| #define HAVE_STDIO_H 1
| #define HAVE_STDLIB_H 1
| #define HAVE_STRING_H 1
| #define HAVE_INTTYPES_H 1
| #define HAVE_STDINT_H 1
| #define HAVE_STRINGS_H 1
| #define HAVE_SYS_STAT_H 1
| #define HAVE_SYS_TYPES_H 1
| #define HAVE_UNISTD_H 1
| #define HAVE_WCHAR_H 1
| #define STDC_HEADERS 1
| #define _ALL_SOURCE 1
| #define _DARWIN_C_SOURCE 1
| #define _GNU_SOURCE 1
| #define _HPUX_ALT_XOPEN_SOCKET_API 1
| #define _NETBSD_SOURCE 1
| #define _OPENBSD_SOURCE 1
| #define _POSIX_PTHREAD_SEMANTICS 1
| #define __STDC_WANT_IEC_60559_ATTRIBS_EXT__ 1
| #define __STDC_WANT_IEC_60559_BFP_EXT__ 1
| #define __STDC_WANT_IEC_60559_DFP_EXT__ 1
| #define __STDC_WANT_IEC_60559_FUNCS_EXT__ 1
| #define __STDC_WANT_IEC_60559_TYPES_EXT__ 1
| #define __STDC_WANT_LIB_EXT2__ 1
| #define __STDC_WANT_MATH_SPEC_FUNCS__ 1
| #define _TANDEM_SOURCE 1
| #define __EXTENSIONS__ 1
| #define PY_SUPPORT_TIER 1
| #define STDC_HEADERS 1
| #define HAVE_ALLOCA_H 1
| #define HAVE_ASM_TYPES_H 1
| #define HAVE_DLFCN_H 1
| #define HAVE_ENDIAN_H 1
| #define HAVE_ERRNO_H 1
| #define HAVE_FCNTL_H 1
| #define HAVE_GRP_H 1
| #define HAVE_LANGINFO_H 1
| #define HAVE_LIBINTL_H 1
| #define HAVE_LINUX_AUXVEC_H 1
| #define HAVE_SYS_AUXV_H 1
| #define HAVE_LINUX_FS_H 1
| #define HAVE_LINUX_LIMITS_H 1
| #define HAVE_LINUX_MEMFD_H 1
| #define HAVE_LINUX_RANDOM_H 1
| #define HAVE_LINUX_SOUNDCARD_H 1
| #define HAVE_LINUX_TIPC_H 1
| #define HAVE_LINUX_WAIT_H 1
| #define HAVE_NETDB_H 1
| #define HAVE_NET_ETHERNET_H 1
| #define HAVE_NETINET_IN_H 1
| #define HAVE_NETPACKET_PACKET_H 1
| #define HAVE_POLL_H 1
| #define HAVE_PTHREAD_H 1
| #define HAVE_PTY_H 1
| #define HAVE_SCHED_H 1
| #define HAVE_SETJMP_H 1
| #define HAVE_SHADOW_H 1
| #define HAVE_SIGNAL_H 1
| #define HAVE_SPAWN_H 1
| #define HAVE_SYS_EPOLL_H 1
| #define HAVE_SYS_EVENTFD_H 1
| #define HAVE_SYS_FILE_H 1
| #define HAVE_SYS_IOCTL_H 1
| /* end confdefs.h.  */
| #include <stddef.h>
| #ifdef HAVE_STDIO_H
| # include <stdio.h>
| #endif
| #ifdef HAVE_STDLIB_H
| # include <stdlib.h>
| #endif
| #ifdef HAVE_STRING_H
| # include <string.h>
| #endif
| #ifdef HAVE_INTTYPES_H
| # include <inttypes.h>
| #endif
| #ifdef HAVE_STDINT_H
| # include <stdint.h>
| #endif
| #ifdef HAVE_STRINGS_H
| # include <strings.h>
| #endif
| #ifdef HAVE_SYS_TYPES_H
| # include <sys/types.h>
| #endif
| #ifdef HAVE_SYS_STAT_H
| # include <sys/stat.h>
| #endif
| #ifdef HAVE_UNISTD_H
| # include <unistd.h>
| #endif
| #include <sys/kern_control.h>
configure:10950: result: no
configure:10956: checking for sys/loadavg.h
configure:10956: gcc -c   conftest.c >&5
conftest.c:101:10: fatal error: sys/loadavg.h: No such file or directory
  101 | #include <sys/loadavg.h>
      |          ^~~~~~~~~~~~~~~
compilation terminated.
configure:10956: $? = 1
configure: failed program was:
| /* confdefs.h */
| #define _NETBSD_SOURCE 1
| #define __BSD_VISIBLE 1
| #define _DARWIN_C_SOURCE 1
| #define _PYTHONFRAMEWORK ""
| #define _XOPEN_SOURCE 700
| #define _XOPEN_SOURCE_EXTENDED 1
| #define _POSIX_C_SOURCE 200809L
| #define HAVE_STDIO_H 1
| #define HAVE_STDLIB_H 1
| #define HAVE_STRING_H 1
| #define HAVE_INTTYPES_H 1
| #define HAVE_STDINT_H 1
| #define HAVE_STRINGS_H 1
| #define HAVE_SYS_STAT_H 1
| #define HAVE_SYS_TYPES_H 1
| #define HAVE_UNISTD_H 1
| #define HAVE_WCHAR_H 1
| #define STDC_HEADERS 1
| #define _ALL_SOURCE 1
| #define _DARWIN_C_SOURCE 1
| #define _GNU_SOURCE 1
| #define _HPUX_ALT_XOPEN_SOCKET_API 1
| #define _NETBSD_SOURCE 1
| #define _OPENBSD_SOURCE 1
| #define _POSIX_PTHREAD_SEMANTICS 1
| #define __STDC_WANT_IEC_60559_ATTRIBS_EXT__ 1
| #define __STDC_WANT_IEC_60559_BFP_EXT__ 1
| #define __STDC_WANT_IEC_60559_DFP_EXT__ 1
| #define __STDC_WANT_IEC_60559_FUNCS_EXT__ 1
| #define __STDC_WANT_IEC_60559_TYPES_EXT__ 1
| #define __STDC_WANT_LIB_EXT2__ 1
| #define __STDC_WANT_MATH_SPEC_FUNCS__ 1
| #define _TANDEM_SOURCE 1
| #define __EXTENSIONS__ 1
| #define PY_SUPPORT_TIER 1
| #define STDC_HEADERS 1
| #define HAVE_ALLOCA_H 1
| #define HAVE_ASM_TYPES_H 1
| #define HAVE_DLFCN_H 1
| #define HAVE_ENDIAN_H 1
| #define HAVE_ERRNO_H 1
| #define HAVE_FCNTL_H 1
| #define HAVE_GRP_H 1
| #define HAVE_LANGINFO_H 1
| #define HAVE_LIBINTL_H 1
| #define HAVE_LINUX_AUXVEC_H 1
| #define HAVE_SYS_AUXV_H 1
| #define HAVE_LINUX_FS_H 1
| #define HAVE_LINUX_LIMITS_H 1
| #define HAVE_LINUX_MEMFD_H 1
| #define HAVE_LINUX_RANDOM_H 1
| #define HAVE_LINUX_SOUNDCARD_H 1
| #define HAVE_LINUX_TIPC_H 1
| #define HAVE_LINUX_WAIT_H 1
| #define HAVE_NETDB_H 1
| #define HAVE_NET_ETHERNET_H 1
| #define HAVE_NETINET_IN_H 1
| #define HAVE_NETPACKET_PACKET_H 1
| #define HAVE_POLL_H 1
| #define HAVE_PTHREAD_H 1
| #define HAVE_PTY_H 1
| #define HAVE_SCHED_H 1
| #define HAVE_SETJMP_H 1
| #define HAVE_SHADOW_H 1
| #define HAVE_SIGNAL_H 1
| #define HAVE_SPAWN_H 1
| #define HAVE_SYS_EPOLL_H 1
| #define HAVE_SYS_EVENTFD_H 1
| #define HAVE_SYS_FILE_H 1
| #define HAVE_SYS_IOCTL_H 1
| /* end confdefs.h.  */
| #include <stddef.h>
| #ifdef HAVE_STDIO_H
| # include <stdio.h>
| #endif
| #ifdef HAVE_STDLIB_H
| # include <stdlib.h>
| #endif
| #ifdef HAVE_STRING_H
| # include <string.h>
| #endif
| #ifdef HAVE_INTTYPES_H
| # include <inttypes.h>
| #endif
| #ifdef HAVE_STDINT_H
| # include <stdint.h>
| #endif
| #ifdef HAVE_STRINGS_H
| # include <strings.h>
| #endif
| #ifdef HAVE_SYS_TYPES_H
| # include <sys/types.h>
| #endif
| #ifdef HAVE_SYS_STAT_H
| # include <sys/stat.h>
| #endif
| #ifdef HAVE_UNISTD_H
| # include <unistd.h>
| #endif
| #include <sys/loadavg.h>
configure:10956: result: no
configure:10962: checking for sys/lock.h
configure:10962: gcc -c   conftest.c >&5
conftest.c:101:10: fatal error: sys/lock.h: No such file or directory
  101 | #include <sys/lock.h>
      |          ^~~~~~~~~~~~
compilation terminated.
configure:10962: $? = 1
configure: failed program was:
| /* confdefs.h */
| #define _NETBSD_SOURCE 1
| #define __BSD_VISIBLE 1
| #define _DARWIN_C_SOURCE 1
| #define _PYTHONFRAMEWORK ""
| #define _XOPEN_SOURCE 700
| #define _XOPEN_SOURCE_EXTENDED 1
| #define _POSIX_C_SOURCE 200809L
| #define HAVE_STDIO_H 1
| #define HAVE_STDLIB_H 1
| #define HAVE_STRING_H 1
| #define HAVE_INTTYPES_H 1
| #define HAVE_STDINT_H 1
| #define HAVE_STRINGS_H 1
| #define HAVE_SYS_STAT_H 1
| #define HAVE_SYS_TYPES_H 1
| #define HAVE_UNISTD_H 1
| #define HAVE_WCHAR_H 1
| #define STDC_HEADERS 1
| #define _ALL_SOURCE 1
| #define _DARWIN_C_SOURCE 1
| #define _GNU_SOURCE 1
| #define _HPUX_ALT_XOPEN_SOCKET_API 1
| #define _NETBSD_SOURCE 1
| #define _OPENBSD_SOURCE 1
| #define _POSIX_PTHREAD_SEMANTICS 1
| #define __STDC_WANT_IEC_60559_ATTRIBS_EXT__ 1
| #define __STDC_WANT_IEC_60559_BFP_EXT__ 1
| #define __STDC_WANT_IEC_60559_DFP_EXT__ 1
| #define __STDC_WANT_IEC_60559_FUNCS_EXT__ 1
| #define __STDC_WANT_IEC_60559_TYPES_EXT__ 1
| #define __STDC_WANT_LIB_EXT2__ 1
| #define __STDC_WANT_MATH_SPEC_FUNCS__ 1
| #define _TANDEM_SOURCE 1
| #define __EXTENSIONS__ 1
| #define PY_SUPPORT_TIER 1
| #define STDC_HEADERS 1
| #define HAVE_ALLOCA_H 1
| #define HAVE_ASM_TYPES_H 1
| #define HAVE_DLFCN_H 1
| #define HAVE_ENDIAN_H 1
| #define HAVE_ERRNO_H 1
| #define HAVE_FCNTL_H 1
| #define HAVE_GRP_H 1
| #define HAVE_LANGINFO_H 1
| #define HAVE_LIBINTL_H 1
| #define HAVE_LINUX_AUXVEC_H 1
| #define HAVE_SYS_AUXV_H 1
| #define HAVE_LINUX_FS_H 1
| #define HAVE_LINUX_LIMITS_H 1
| #define HAVE_LINUX_MEMFD_H 1
| #define HAVE_LINUX_RANDOM_H 1
| #define HAVE_LINUX_SOUNDCARD_H 1
| #define HAVE_LINUX_TIPC_H 1
| #define HAVE_LINUX_WAIT_H 1
| #define HAVE_NETDB_H 1
| #define HAVE_NET_ETHERNET_H 1
| #define HAVE_NETINET_IN_H 1
| #define HAVE_NETPACKET_PACKET_H 1
| #define HAVE_POLL_H 1
| #define HAVE_PTHREAD_H 1
| #define HAVE_PTY_H 1
| #define HAVE_SCHED_H 1
| #define HAVE_SETJMP_H 1
| #define HAVE_SHADOW_H 1
| #define HAVE_SIGNAL_H 1
| #define HAVE_SPAWN_H 1
| #define HAVE_SYS_EPOLL_H 1
| #define HAVE_SYS_EVENTFD_H 1
| #define HAVE_SYS_FILE_H 1
| #define HAVE_SYS_IOCTL_H 1
| /* end confdefs.h.  */
| #include <stddef.h>
| #ifdef HAVE_STDIO_H
| # include <stdio.h>
| #endif
| #ifdef HAVE_STDLIB_H
| # include <stdlib.h>
| #endif
| #ifdef HAVE_STRING_H
| # include <string.h>
| #endif
| #ifdef HAVE_INTTYPES_H
| # include <inttypes.h>
| #endif
| #ifdef HAVE_STDINT_H
| # include <stdint.h>
| #endif
| #ifdef HAVE_STRINGS_H
| # include <strings.h>
| #endif
| #ifdef HAVE_SYS_TYPES_H
| # include <sys/types.h>
| #endif
| #ifdef HAVE_SYS_STAT_H
| # include <sys/stat.h>
| #endif
| #ifdef HAVE_UNISTD_H
| # include <unistd.h>
| #endif
| #include <sys/lock.h>
configure:10962: result: no
configure:10968: checking for sys/memfd.h
configure:10968: gcc -c   conftest.c >&5
conftest.c:101:10: fatal error: sys/memfd.h: No such file or directory
  101 | #include <sys/memfd.h>
      |          ^~~~~~~~~~~~~
compilation terminated.
configure:10968: $? = 1
configure: failed program was:
| /* confdefs.h */
| #define _NETBSD_SOURCE 1
| #define __BSD_VISIBLE 1
| #define _DARWIN_C_SOURCE 1
| #define _PYTHONFRAMEWORK ""
| #define _XOPEN_SOURCE 700
| #define _XOPEN_SOURCE_EXTENDED 1
| #define _POSIX_C_SOURCE 200809L
| #define HAVE_STDIO_H 1
| #define HAVE_STDLIB_H 1
| #define HAVE_STRING_H 1
| #define HAVE_INTTYPES_H 1
| #define HAVE_STDINT_H 1
| #define HAVE_STRINGS_H 1
| #define HAVE_SYS_STAT_H 1
| #define HAVE_SYS_TYPES_H 1
| #define HAVE_UNISTD_H 1
| #define HAVE_WCHAR_H 1
| #define STDC_HEADERS 1
| #define _ALL_SOURCE 1
| #define _DARWIN_C_SOURCE 1
| #define _GNU_SOURCE 1
| #define _HPUX_ALT_XOPEN_SOCKET_API 1
| #define _NETBSD_SOURCE 1
| #define _OPENBSD_SOURCE 1
| #define _POSIX_PTHREAD_SEMANTICS 1
| #define __STDC_WANT_IEC_60559_ATTRIBS_EXT__ 1
| #define __STDC_WANT_IEC_60559_BFP_EXT__ 1
| #define __STDC_WANT_IEC_60559_DFP_EXT__ 1
| #define __STDC_WANT_IEC_60559_FUNCS_EXT__ 1
| #define __STDC_WANT_IEC_60559_TYPES_EXT__ 1
| #define __STDC_WANT_LIB_EXT2__ 1
| #define __STDC_WANT_MATH_SPEC_FUNCS__ 1
| #define _TANDEM_SOURCE 1
| #define __EXTENSIONS__ 1
| #define PY_SUPPORT_TIER 1
| #define STDC_HEADERS 1
| #define HAVE_ALLOCA_H 1
| #define HAVE_ASM_TYPES_H 1
| #define HAVE_DLFCN_H 1
| #define HAVE_ENDIAN_H 1
| #define HAVE_ERRNO_H 1
| #define HAVE_FCNTL_H 1
| #define HAVE_GRP_H 1
| #define HAVE_LANGINFO_H 1
| #define HAVE_LIBINTL_H 1
| #define HAVE_LINUX_AUXVEC_H 1
| #define HAVE_SYS_AUXV_H 1
| #define HAVE_LINUX_FS_H 1
| #define HAVE_LINUX_LIMITS_H 1
| #define HAVE_LINUX_MEMFD_H 1
| #define HAVE_LINUX_RANDOM_H 1
| #define HAVE_LINUX_SOUNDCARD_H 1
| #define HAVE_LINUX_TIPC_H 1
| #define HAVE_LINUX_WAIT_H 1
| #define HAVE_NETDB_H 1
| #define HAVE_NET_ETHERNET_H 1
| #define HAVE_NETINET_IN_H 1
| #define HAVE_NETPACKET_PACKET_H 1
| #define HAVE_POLL_H 1
| #define HAVE_PTHREAD_H 1
| #define HAVE_PTY_H 1
| #define HAVE_SCHED_H 1
| #define HAVE_SETJMP_H 1
| #define HAVE_SHADOW_H 1
| #define HAVE_SIGNAL_H 1
| #define HAVE_SPAWN_H 1
| #define HAVE_SYS_EPOLL_H 1
| #define HAVE_SYS_EVENTFD_H 1
| #define HAVE_SYS_FILE_H 1
| #define HAVE_SYS_IOCTL_H 1
| /* end confdefs.h.  */
| #include <stddef.h>
| #ifdef HAVE_STDIO_H
| # include <stdio.h>
| #endif
| #ifdef HAVE_STDLIB_H
| # include <stdlib.h>
| #endif
| #ifdef HAVE_STRING_H
| # include <string.h>
| #endif
| #ifdef HAVE_INTTYPES_H
| # include <inttypes.h>
| #endif
| #ifdef HAVE_STDINT_H
| # include <stdint.h>
| #endif
| #ifdef HAVE_STRINGS_H
| # include <strings.h>
| #endif
| #ifdef HAVE_SYS_TYPES_H
| # include <sys/types.h>
| #endif
| #ifdef HAVE_SYS_STAT_H
| # include <sys/stat.h>
| #endif
| #ifdef HAVE_UNISTD_H
| # include <unistd.h>
| #endif
| #include <sys/memfd.h>
configure:10968: result: no
configure:10974: checking for sys/mkdev.h
configure:10974: gcc -c   conftest.c >&5
conftest.c:101:10: fatal error: sys/mkdev.h: No such file or directory
  101 | #include <sys/mkdev.h>
      |          ^~~~~~~~~~~~~
compilation terminated.
configure:10974: $? = 1
configure: failed program was:
| /* confdefs.h */
| #define _NETBSD_SOURCE 1
| #define __BSD_VISIBLE 1
| #define _DARWIN_C_SOURCE 1
| #define _PYTHONFRAMEWORK ""
| #define _XOPEN_SOURCE 700
| #define _XOPEN_SOURCE_EXTENDED 1
| #define _POSIX_C_SOURCE 200809L
| #define HAVE_STDIO_H 1
| #define HAVE_STDLIB_H 1
| #define HAVE_STRING_H 1
| #define HAVE_INTTYPES_H 1
| #define HAVE_STDINT_H 1
| #define HAVE_STRINGS_H 1
| #define HAVE_SYS_STAT_H 1
| #define HAVE_SYS_TYPES_H 1
| #define HAVE_UNISTD_H 1
| #define HAVE_WCHAR_H 1
| #define STDC_HEADERS 1
| #define _ALL_SOURCE 1
| #define _DARWIN_C_SOURCE 1
| #define _GNU_SOURCE 1
| #define _HPUX_ALT_XOPEN_SOCKET_API 1
| #define _NETBSD_SOURCE 1
| #define _OPENBSD_SOURCE 1
| #define _POSIX_PTHREAD_SEMANTICS 1
| #define __STDC_WANT_IEC_60559_ATTRIBS_EXT__ 1
| #define __STDC_WANT_IEC_60559_BFP_EXT__ 1
| #define __STDC_WANT_IEC_60559_DFP_EXT__ 1
| #define __STDC_WANT_IEC_60559_FUNCS_EXT__ 1
| #define __STDC_WANT_IEC_60559_TYPES_EXT__ 1
| #define __STDC_WANT_LIB_EXT2__ 1
| #define __STDC_WANT_MATH_SPEC_FUNCS__ 1
| #define _TANDEM_SOURCE 1
| #define __EXTENSIONS__ 1
| #define PY_SUPPORT_TIER 1
| #define STDC_HEADERS 1
| #define HAVE_ALLOCA_H 1
| #define HAVE_ASM_TYPES_H 1
| #define HAVE_DLFCN_H 1
| #define HAVE_ENDIAN_H 1
| #define HAVE_ERRNO_H 1
| #define HAVE_FCNTL_H 1
| #define HAVE_GRP_H 1
| #define HAVE_LANGINFO_H 1
| #define HAVE_LIBINTL_H 1
| #define HAVE_LINUX_AUXVEC_H 1
| #define HAVE_SYS_AUXV_H 1
| #define HAVE_LINUX_FS_H 1
| #define HAVE_LINUX_LIMITS_H 1
| #define HAVE_LINUX_MEMFD_H 1
| #define HAVE_LINUX_RANDOM_H 1
| #define HAVE_LINUX_SOUNDCARD_H 1
| #define HAVE_LINUX_TIPC_H 1
| #define HAVE_LINUX_WAIT_H 1
| #define HAVE_NETDB_H 1
| #define HAVE_NET_ETHERNET_H 1
| #define HAVE_NETINET_IN_H 1
| #define HAVE_NETPACKET_PACKET_H 1
| #define HAVE_POLL_H 1
| #define HAVE_PTHREAD_H 1
| #define HAVE_PTY_H 1
| #define HAVE_SCHED_H 1
| #define HAVE_SETJMP_H 1
| #define HAVE_SHADOW_H 1
| #define HAVE_SIGNAL_H 1
| #define HAVE_SPAWN_H 1
| #define HAVE_SYS_EPOLL_H 1
| #define HAVE_SYS_EVENTFD_H 1
| #define HAVE_SYS_FILE_H 1
| #define HAVE_SYS_IOCTL_H 1
| /* end confdefs.h.  */
| #include <stddef.h>
| #ifdef HAVE_STDIO_H
| # include <stdio.h>
| #endif
| #ifdef HAVE_STDLIB_H
| # include <stdlib.h>
| #endif
| #ifdef HAVE_STRING_H
| # include <string.h>
| #endif
| #ifdef HAVE_INTTYPES_H
| # include <inttypes.h>
| #endif
| #ifdef HAVE_STDINT_H
| # include <stdint.h>
| #endif
| #ifdef HAVE_STRINGS_H
| # include <strings.h>
| #endif
| #ifdef HAVE_SYS_TYPES_H
| # include <sys/types.h>
| #endif
| #ifdef HAVE_SYS_STAT_H
| # include <sys/stat.h>
| #endif
| #ifdef HAVE_UNISTD_H
| # include <unistd.h>
| #endif
| #include <sys/mkdev.h>
configure:10974: result: no
configure:10980: checking for sys/mman.h
configure:10980: gcc -c   conftest.c >&5
configure:10980: $? = 0
configure:10980: result: yes
configure:10986: checking for sys/modem.h
configure:10986: gcc -c   conftest.c >&5
conftest.c:102:10: fatal error: sys/modem.h: No such file or directory
  102 | #include <sys/modem.h>
      |          ^~~~~~~~~~~~~
compilation terminated.
configure:10986: $? = 1
configure: failed program was:
| /* confdefs.h */
| #define _NETBSD_SOURCE 1
| #define __BSD_VISIBLE 1
| #define _DARWIN_C_SOURCE 1
| #define _PYTHONFRAMEWORK ""
| #define _XOPEN_SOURCE 700
| #define _XOPEN_SOURCE_EXTENDED 1
| #define _POSIX_C_SOURCE 200809L
| #define HAVE_STDIO_H 1
| #define HAVE_STDLIB_H 1
| #define HAVE_STRING_H 1
| #define HAVE_INTTYPES_H 1
| #define HAVE_STDINT_H 1
| #define HAVE_STRINGS_H 1
| #define HAVE_SYS_STAT_H 1
| #define HAVE_SYS_TYPES_H 1
| #define HAVE_UNISTD_H 1
| #define HAVE_WCHAR_H 1
| #define STDC_HEADERS 1
| #define _ALL_SOURCE 1
| #define _DARWIN_C_SOURCE 1
| #define _GNU_SOURCE 1
| #define _HPUX_ALT_XOPEN_SOCKET_API 1
| #define _NETBSD_SOURCE 1
| #define _OPENBSD_SOURCE 1
| #define _POSIX_PTHREAD_SEMANTICS 1
| #define __STDC_WANT_IEC_60559_ATTRIBS_EXT__ 1
| #define __STDC_WANT_IEC_60559_BFP_EXT__ 1
| #define __STDC_WANT_IEC_60559_DFP_EXT__ 1
| #define __STDC_WANT_IEC_60559_FUNCS_EXT__ 1
| #define __STDC_WANT_IEC_60559_TYPES_EXT__ 1
| #define __STDC_WANT_LIB_EXT2__ 1
| #define __STDC_WANT_MATH_SPEC_FUNCS__ 1
| #define _TANDEM_SOURCE 1
| #define __EXTENSIONS__ 1
| #define PY_SUPPORT_TIER 1
| #define STDC_HEADERS 1
| #define HAVE_ALLOCA_H 1
| #define HAVE_ASM_TYPES_H 1
| #define HAVE_DLFCN_H 1
| #define HAVE_ENDIAN_H 1
| #define HAVE_ERRNO_H 1
| #define HAVE_FCNTL_H 1
| #define HAVE_GRP_H 1
| #define HAVE_LANGINFO_H 1
| #define HAVE_LIBINTL_H 1
| #define HAVE_LINUX_AUXVEC_H 1
| #define HAVE_SYS_AUXV_H 1
| #define HAVE_LINUX_FS_H 1
| #define HAVE_LINUX_LIMITS_H 1
| #define HAVE_LINUX_MEMFD_H 1
| #define HAVE_LINUX_RANDOM_H 1
| #define HAVE_LINUX_SOUNDCARD_H 1
| #define HAVE_LINUX_TIPC_H 1
| #define HAVE_LINUX_WAIT_H 1
| #define HAVE_NETDB_H 1
| #define HAVE_NET_ETHERNET_H 1
| #define HAVE_NETINET_IN_H 1
| #define HAVE_NETPACKET_PACKET_H 1
| #define HAVE_POLL_H 1
| #define HAVE_PTHREAD_H 1
| #define HAVE_PTY_H 1
| #define HAVE_SCHED_H 1
| #define HAVE_SETJMP_H 1
| #define HAVE_SHADOW_H 1
| #define HAVE_SIGNAL_H 1
| #define HAVE_SPAWN_H 1
| #define HAVE_SYS_EPOLL_H 1
| #define HAVE_SYS_EVENTFD_H 1
| #define HAVE_SYS_FILE_H 1
| #define HAVE_SYS_IOCTL_H 1
| #define HAVE_SYS_MMAN_H 1
| /* end confdefs.h.  */
| #include <stddef.h>
| #ifdef HAVE_STDIO_H
| # include <stdio.h>
| #endif
| #ifdef HAVE_STDLIB_H
| # include <stdlib.h>
| #endif
| #ifdef HAVE_STRING_H
| # include <string.h>
| #endif
| #ifdef HAVE_INTTYPES_H
| # include <inttypes.h>
| #endif
| #ifdef HAVE_STDINT_H
| # include <stdint.h>
| #endif
| #ifdef HAVE_STRINGS_H
| # include <strings.h>
| #endif
| #ifdef HAVE_SYS_TYPES_H
| # include <sys/types.h>
| #endif
| #ifdef HAVE_SYS_STAT_H
| # include <sys/stat.h>
| #endif
| #ifdef HAVE_UNISTD_H
| # include <unistd.h>
| #endif
| #include <sys/modem.h>
configure:10986: result: no
configure:10992: checking for sys/param.h
configure:10992: gcc -c   conftest.c >&5
configure:10992: $? = 0
configure:10992: result: yes
configure:10998: checking for sys/pidfd.h
configure:10998: gcc -c   conftest.c >&5
conftest.c:103:10: fatal error: sys/pidfd.h: No such file or directory
  103 | #include <sys/pidfd.h>
      |          ^~~~~~~~~~~~~
compilation terminated.
configure:10998: $? = 1
configure: failed program was:
| /* confdefs.h */
| #define _NETBSD_SOURCE 1
| #define __BSD_VISIBLE 1
| #define _DARWIN_C_SOURCE 1
| #define _PYTHONFRAMEWORK ""
| #define _XOPEN_SOURCE 700
| #define _XOPEN_SOURCE_EXTENDED 1
| #define _POSIX_C_SOURCE 200809L
| #define HAVE_STDIO_H 1
| #define HAVE_STDLIB_H 1
| #define HAVE_STRING_H 1
| #define HAVE_INTTYPES_H 1
| #define HAVE_STDINT_H 1
| #define HAVE_STRINGS_H 1
| #define HAVE_SYS_STAT_H 1
| #define HAVE_SYS_TYPES_H 1
| #define HAVE_UNISTD_H 1
| #define HAVE_WCHAR_H 1
| #define STDC_HEADERS 1
| #define _ALL_SOURCE 1
| #define _DARWIN_C_SOURCE 1
| #define _GNU_SOURCE 1
| #define _HPUX_ALT_XOPEN_SOCKET_API 1
| #define _NETBSD_SOURCE 1
| #define _OPENBSD_SOURCE 1
| #define _POSIX_PTHREAD_SEMANTICS 1
| #define __STDC_WANT_IEC_60559_ATTRIBS_EXT__ 1
| #define __STDC_WANT_IEC_60559_BFP_EXT__ 1
| #define __STDC_WANT_IEC_60559_DFP_EXT__ 1
| #define __STDC_WANT_IEC_60559_FUNCS_EXT__ 1
| #define __STDC_WANT_IEC_60559_TYPES_EXT__ 1
| #define __STDC_WANT_LIB_EXT2__ 1
| #define __STDC_WANT_MATH_SPEC_FUNCS__ 1
| #define _TANDEM_SOURCE 1
| #define __EXTENSIONS__ 1
| #define PY_SUPPORT_TIER 1
| #define STDC_HEADERS 1
| #define HAVE_ALLOCA_H 1
| #define HAVE_ASM_TYPES_H 1
| #define HAVE_DLFCN_H 1
| #define HAVE_ENDIAN_H 1
| #define HAVE_ERRNO_H 1
| #define HAVE_FCNTL_H 1
| #define HAVE_GRP_H 1
| #define HAVE_LANGINFO_H 1
| #define HAVE_LIBINTL_H 1
| #define HAVE_LINUX_AUXVEC_H 1
| #define HAVE_SYS_AUXV_H 1
| #define HAVE_LINUX_FS_H 1
| #define HAVE_LINUX_LIMITS_H 1
| #define HAVE_LINUX_MEMFD_H 1
| #define HAVE_LINUX_RANDOM_H 1
| #define HAVE_LINUX_SOUNDCARD_H 1
| #define HAVE_LINUX_TIPC_H 1
| #define HAVE_LINUX_WAIT_H 1
| #define HAVE_NETDB_H 1
| #define HAVE_NET_ETHERNET_H 1
| #define HAVE_NETINET_IN_H 1
| #define HAVE_NETPACKET_PACKET_H 1
| #define HAVE_POLL_H 1
| #define HAVE_PTHREAD_H 1
| #define HAVE_PTY_H 1
| #define HAVE_SCHED_H 1
| #define HAVE_SETJMP_H 1
| #define HAVE_SHADOW_H 1
| #define HAVE_SIGNAL_H 1
| #define HAVE_SPAWN_H 1
| #define HAVE_SYS_EPOLL_H 1
| #define HAVE_SYS_EVENTFD_H 1
| #define HAVE_SYS_FILE_H 1
| #define HAVE_SYS_IOCTL_H 1
| #define HAVE_SYS_MMAN_H 1
| #define HAVE_SYS_PARAM_H 1
| /* end confdefs.h.  */
| #include <stddef.h>
| #ifdef HAVE_STDIO_H
| # include <stdio.h>
| #endif
| #ifdef HAVE_STDLIB_H
| # include <stdlib.h>
| #endif
| #ifdef HAVE_STRING_H
| # include <string.h>
| #endif
| #ifdef HAVE_INTTYPES_H
| # include <inttypes.h>
| #endif
| #ifdef HAVE_STDINT_H
| # include <stdint.h>
| #endif
| #ifdef HAVE_STRINGS_H
| # include <strings.h>
| #endif
| #ifdef HAVE_SYS_TYPES_H
| # include <sys/types.h>
| #endif
| #ifdef HAVE_SYS_STAT_H
| # include <sys/stat.h>
| #endif
| #ifdef HAVE_UNISTD_H
| # include <unistd.h>
| #endif
| #include <sys/pidfd.h>
configure:10998: result: no
configure:11004: checking for sys/poll.h
configure:11004: gcc -c   conftest.c >&5
configure:11004: $? = 0
configure:11004: result: yes
configure:11010: checking for sys/random.h
configure:11010: gcc -c   conftest.c >&5
configure:11010: $? = 0
configure:11010: result: yes
configure:11016: checking for sys/resource.h
configure:11016: gcc -c   conftest.c >&5
configure:11016: $? = 0
configure:11016: result: yes
configure:11022: checking for sys/select.h
configure:11022: gcc -c   conftest.c >&5
configure:11022: $? = 0
configure:11022: result: yes
configure:11028: checking for sys/sendfile.h
configure:11028: gcc -c   conftest.c >&5
configure:11028: $? = 0
configure:11028: result: yes
configure:11034: checking for sys/socket.h
configure:11034: gcc -c   conftest.c >&5
configure:11034: $? = 0
configure:11034: result: yes
configure:11040: checking for sys/soundcard.h
configure:11040: gcc -c   conftest.c >&5
configure:11040: $? = 0
configure:11040: result: yes
configure:11046: checking for sys/stat.h
configure:11046: result: yes
configure:11052: checking for sys/statvfs.h
configure:11052: gcc -c   conftest.c >&5
configure:11052: $? = 0
configure:11052: result: yes
configure:11058: checking for sys/sys_domain.h
configure:11058: gcc -c   conftest.c >&5
conftest.c:112:10: fatal error: sys/sys_domain.h: No such file or directory
  112 | #include <sys/sys_domain.h>
      |          ^~~~~~~~~~~~~~~~~~
compilation terminated.
configure:11058: $? = 1
configure: failed program was:
| /* confdefs.h */
| #define _NETBSD_SOURCE 1
| #define __BSD_VISIBLE 1
| #define _DARWIN_C_SOURCE 1
| #define _PYTHONFRAMEWORK ""
| #define _XOPEN_SOURCE 700
| #define _XOPEN_SOURCE_EXTENDED 1
| #define _POSIX_C_SOURCE 200809L
| #define HAVE_STDIO_H 1
| #define HAVE_STDLIB_H 1
| #define HAVE_STRING_H 1
| #define HAVE_INTTYPES_H 1
| #define HAVE_STDINT_H 1
| #define HAVE_STRINGS_H 1
| #define HAVE_SYS_STAT_H 1
| #define HAVE_SYS_TYPES_H 1
| #define HAVE_UNISTD_H 1
| #define HAVE_WCHAR_H 1
| #define STDC_HEADERS 1
| #define _ALL_SOURCE 1
| #define _DARWIN_C_SOURCE 1
| #define _GNU_SOURCE 1
| #define _HPUX_ALT_XOPEN_SOCKET_API 1
| #define _NETBSD_SOURCE 1
| #define _OPENBSD_SOURCE 1
| #define _POSIX_PTHREAD_SEMANTICS 1
| #define __STDC_WANT_IEC_60559_ATTRIBS_EXT__ 1
| #define __STDC_WANT_IEC_60559_BFP_EXT__ 1
| #define __STDC_WANT_IEC_60559_DFP_EXT__ 1
| #define __STDC_WANT_IEC_60559_FUNCS_EXT__ 1
| #define __STDC_WANT_IEC_60559_TYPES_EXT__ 1
| #define __STDC_WANT_LIB_EXT2__ 1
| #define __STDC_WANT_MATH_SPEC_FUNCS__ 1
| #define _TANDEM_SOURCE 1
| #define __EXTENSIONS__ 1
| #define PY_SUPPORT_TIER 1
| #define STDC_HEADERS 1
| #define HAVE_ALLOCA_H 1
| #define HAVE_ASM_TYPES_H 1
| #define HAVE_DLFCN_H 1
| #define HAVE_ENDIAN_H 1
| #define HAVE_ERRNO_H 1
| #define HAVE_FCNTL_H 1
| #define HAVE_GRP_H 1
| #define HAVE_LANGINFO_H 1
| #define HAVE_LIBINTL_H 1
| #define HAVE_LINUX_AUXVEC_H 1
| #define HAVE_SYS_AUXV_H 1
| #define HAVE_LINUX_FS_H 1
| #define HAVE_LINUX_LIMITS_H 1
| #define HAVE_LINUX_MEMFD_H 1
| #define HAVE_LINUX_RANDOM_H 1
| #define HAVE_LINUX_SOUNDCARD_H 1
| #define HAVE_LINUX_TIPC_H 1
| #define HAVE_LINUX_WAIT_H 1
| #define HAVE_NETDB_H 1
| #define HAVE_NET_ETHERNET_H 1
| #define HAVE_NETINET_IN_H 1
| #define HAVE_NETPACKET_PACKET_H 1
| #define HAVE_POLL_H 1
| #define HAVE_PTHREAD_H 1
| #define HAVE_PTY_H 1
| #define HAVE_SCHED_H 1
| #define HAVE_SETJMP_H 1
| #define HAVE_SHADOW_H 1
| #define HAVE_SIGNAL_H 1
| #define HAVE_SPAWN_H 1
| #define HAVE_SYS_EPOLL_H 1
| #define HAVE_SYS_EVENTFD_H 1
| #define HAVE_SYS_FILE_H 1
| #define HAVE_SYS_IOCTL_H 1
| #define HAVE_SYS_MMAN_H 1
| #define HAVE_SYS_PARAM_H 1
| #define HAVE_SYS_POLL_H 1
| #define HAVE_SYS_RANDOM_H 1
| #define HAVE_SYS_RESOURCE_H 1
| #define HAVE_SYS_SELECT_H 1
| #define HAVE_SYS_SENDFILE_H 1
| #define HAVE_SYS_SOCKET_H 1
| #define HAVE_SYS_SOUNDCARD_H 1
| #define HAVE_SYS_STAT_H 1
| #define HAVE_SYS_STATVFS_H 1
| /* end confdefs.h.  */
| #include <stddef.h>
| #ifdef HAVE_STDIO_H
| # include <stdio.h>
| #endif
| #ifdef HAVE_STDLIB_H
| # include <stdlib.h>
| #endif
| #ifdef HAVE_STRING_H
| # include <string.h>
| #endif
| #ifdef HAVE_INTTYPES_H
| # include <inttypes.h>
| #endif
| #ifdef HAVE_STDINT_H
| # include <stdint.h>
| #endif
| #ifdef HAVE_STRINGS_H
| # include <strings.h>
| #endif
| #ifdef HAVE_SYS_TYPES_H
| # include <sys/types.h>
| #endif
| #ifdef HAVE_SYS_STAT_H
| # include <sys/stat.h>
| #endif
| #ifdef HAVE_UNISTD_H
| # include <unistd.h>
| #endif
| #include <sys/sys_domain.h>
configure:11058: result: no
configure:11064: checking for sys/syscall.h
configure:11064: gcc -c   conftest.c >&5
configure:11064: $? = 0
configure:11064: result: yes
configure:11070: checking for sys/sysmacros.h
configure:11070: gcc -c   conftest.c >&5
configure:11070: $? = 0
configure:11070: result: yes
configure:11076: checking for sys/termio.h
configure:11076: gcc -c   conftest.c >&5
conftest.c:114:10: fatal error: sys/termio.h: No such file or directory
  114 | #include <sys/termio.h>
      |          ^~~~~~~~~~~~~~
compilation terminated.
configure:11076: $? = 1
configure: failed program was:
| /* confdefs.h */
| #define _NETBSD_SOURCE 1
| #define __BSD_VISIBLE 1
| #define _DARWIN_C_SOURCE 1
| #define _PYTHONFRAMEWORK ""
| #define _XOPEN_SOURCE 700
| #define _XOPEN_SOURCE_EXTENDED 1
| #define _POSIX_C_SOURCE 200809L
| #define HAVE_STDIO_H 1
| #define HAVE_STDLIB_H 1
| #define HAVE_STRING_H 1
| #define HAVE_INTTYPES_H 1
| #define HAVE_STDINT_H 1
| #define HAVE_STRINGS_H 1
| #define HAVE_SYS_STAT_H 1
| #define HAVE_SYS_TYPES_H 1
| #define HAVE_UNISTD_H 1
| #define HAVE_WCHAR_H 1
| #define STDC_HEADERS 1
| #define _ALL_SOURCE 1
| #define _DARWIN_C_SOURCE 1
| #define _GNU_SOURCE 1
| #define _HPUX_ALT_XOPEN_SOCKET_API 1
| #define _NETBSD_SOURCE 1
| #define _OPENBSD_SOURCE 1
| #define _POSIX_PTHREAD_SEMANTICS 1
| #define __STDC_WANT_IEC_60559_ATTRIBS_EXT__ 1
| #define __STDC_WANT_IEC_60559_BFP_EXT__ 1
| #define __STDC_WANT_IEC_60559_DFP_EXT__ 1
| #define __STDC_WANT_IEC_60559_FUNCS_EXT__ 1
| #define __STDC_WANT_IEC_60559_TYPES_EXT__ 1
| #define __STDC_WANT_LIB_EXT2__ 1
| #define __STDC_WANT_MATH_SPEC_FUNCS__ 1
| #define _TANDEM_SOURCE 1
| #define __EXTENSIONS__ 1
| #define PY_SUPPORT_TIER 1
| #define STDC_HEADERS 1
| #define HAVE_ALLOCA_H 1
| #define HAVE_ASM_TYPES_H 1
| #define HAVE_DLFCN_H 1
| #define HAVE_ENDIAN_H 1
| #define HAVE_ERRNO_H 1
| #define HAVE_FCNTL_H 1
| #define HAVE_GRP_H 1
| #define HAVE_LANGINFO_H 1
| #define HAVE_LIBINTL_H 1
| #define HAVE_LINUX_AUXVEC_H 1
| #define HAVE_SYS_AUXV_H 1
| #define HAVE_LINUX_FS_H 1
| #define HAVE_LINUX_LIMITS_H 1
| #define HAVE_LINUX_MEMFD_H 1
| #define HAVE_LINUX_RANDOM_H 1
| #define HAVE_LINUX_SOUNDCARD_H 1
| #define HAVE_LINUX_TIPC_H 1
| #define HAVE_LINUX_WAIT_H 1
| #define HAVE_NETDB_H 1
| #define HAVE_NET_ETHERNET_H 1
| #define HAVE_NETINET_IN_H 1
| #define HAVE_NETPACKET_PACKET_H 1
| #define HAVE_POLL_H 1
| #define HAVE_PTHREAD_H 1
| #define HAVE_PTY_H 1
| #define HAVE_SCHED_H 1
| #define HAVE_SETJMP_H 1
| #define HAVE_SHADOW_H 1
| #define HAVE_SIGNAL_H 1
| #define HAVE_SPAWN_H 1
| #define HAVE_SYS_EPOLL_H 1
| #define HAVE_SYS_EVENTFD_H 1
| #define HAVE_SYS_FILE_H 1
| #define HAVE_SYS_IOCTL_H 1
| #define HAVE_SYS_MMAN_H 1
| #define HAVE_SYS_PARAM_H 1
| #define HAVE_SYS_POLL_H 1
| #define HAVE_SYS_RANDOM_H 1
| #define HAVE_SYS_RESOURCE_H 1
| #define HAVE_SYS_SELECT_H 1
| #define HAVE_SYS_SENDFILE_H 1
| #define HAVE_SYS_SOCKET_H 1
| #define HAVE_SYS_SOUNDCARD_H 1
| #define HAVE_SYS_STAT_H 1
| #define HAVE_SYS_STATVFS_H 1
| #define HAVE_SYS_SYSCALL_H 1
| #define HAVE_SYS_SYSMACROS_H 1
| /* end confdefs.h.  */
| #include <stddef.h>
| #ifdef HAVE_STDIO_H
| # include <stdio.h>
| #endif
| #ifdef HAVE_STDLIB_H
| # include <stdlib.h>
| #endif
| #ifdef HAVE_STRING_H
| # include <string.h>
| #endif
| #ifdef HAVE_INTTYPES_H
| # include <inttypes.h>
| #endif
| #ifdef HAVE_STDINT_H
| # include <stdint.h>
| #endif
| #ifdef HAVE_STRINGS_H
| # include <strings.h>
| #endif
| #ifdef HAVE_SYS_TYPES_H
| # include <sys/types.h>
| #endif
| #ifdef HAVE_SYS_STAT_H
| # include <sys/stat.h>
| #endif
| #ifdef HAVE_UNISTD_H
| # include <unistd.h>
| #endif
| #include <sys/termio.h>
configure:11076: result: no
configure:11082: checking for sys/time.h
configure:11082: gcc -c   conftest.c >&5
configure:11082: $? = 0
configure:11082: result: yes
configure:11088: checking for sys/times.h
configure:11088: gcc -c   conftest.c >&5
configure:11088: $? = 0
configure:11088: result: yes
configure:11094: checking for sys/timerfd.h
configure:11094: gcc -c   conftest.c >&5
configure:11094: $? = 0
configure:11094: result: yes
configure:11100: checking for sys/types.h
configure:11100: result: yes
configure:11106: checking for sys/uio.h
configure:11106: gcc -c   conftest.c >&5
configure:11106: $? = 0
configure:11106: result: yes
configure:11112: checking for sys/un.h
configure:11112: gcc -c   conftest.c >&5
configure:11112: $? = 0
configure:11112: result: yes
configure:11118: checking for sys/utsname.h
configure:11118: gcc -c   conftest.c >&5
configure:11118: $? = 0
configure:11118: result: yes
configure:11124: checking for sys/wait.h
configure:11124: gcc -c   conftest.c >&5
configure:11124: $? = 0
configure:11124: result: yes
configure:11130: checking for sys/xattr.h
configure:11130: gcc -c   conftest.c >&5
configure:11130: $? = 0
configure:11130: result: yes
configure:11136: checking for sysexits.h
configure:11136: gcc -c   conftest.c >&5
configure:11136: $? = 0
configure:11136: result: yes
configure:11142: checking for syslog.h
configure:11142: gcc -c   conftest.c >&5
configure:11142: $? = 0
configure:11142: result: yes
configure:11148: checking for termios.h
configure:11148: gcc -c   conftest.c >&5
configure:11148: $? = 0
configure:11148: result: yes
configure:11154: checking for util.h
configure:11154: gcc -c   conftest.c >&5
conftest.c:126:10: fatal error: util.h: No such file or directory
  126 | #include <util.h>
      |          ^~~~~~~~
compilation terminated.
configure:11154: $? = 1
configure: failed program was:
| /* confdefs.h */
| #define _NETBSD_SOURCE 1
| #define __BSD_VISIBLE 1
| #define _DARWIN_C_SOURCE 1
| #define _PYTHONFRAMEWORK ""
| #define _XOPEN_SOURCE 700
| #define _XOPEN_SOURCE_EXTENDED 1
| #define _POSIX_C_SOURCE 200809L
| #define HAVE_STDIO_H 1
| #define HAVE_STDLIB_H 1
| #define HAVE_STRING_H 1
| #define HAVE_INTTYPES_H 1
| #define HAVE_STDINT_H 1
| #define HAVE_STRINGS_H 1
| #define HAVE_SYS_STAT_H 1
| #define HAVE_SYS_TYPES_H 1
| #define HAVE_UNISTD_H 1
| #define HAVE_WCHAR_H 1
| #define STDC_HEADERS 1
| #define _ALL_SOURCE 1
| #define _DARWIN_C_SOURCE 1
| #define _GNU_SOURCE 1
| #define _HPUX_ALT_XOPEN_SOCKET_API 1
| #define _NETBSD_SOURCE 1
| #define _OPENBSD_SOURCE 1
| #define _POSIX_PTHREAD_SEMANTICS 1
| #define __STDC_WANT_IEC_60559_ATTRIBS_EXT__ 1
| #define __STDC_WANT_IEC_60559_BFP_EXT__ 1
| #define __STDC_WANT_IEC_60559_DFP_EXT__ 1
| #define __STDC_WANT_IEC_60559_FUNCS_EXT__ 1
| #define __STDC_WANT_IEC_60559_TYPES_EXT__ 1
| #define __STDC_WANT_LIB_EXT2__ 1
| #define __STDC_WANT_MATH_SPEC_FUNCS__ 1
| #define _TANDEM_SOURCE 1
| #define __EXTENSIONS__ 1
| #define PY_SUPPORT_TIER 1
| #define STDC_HEADERS 1
| #define HAVE_ALLOCA_H 1
| #define HAVE_ASM_TYPES_H 1
| #define HAVE_DLFCN_H 1
| #define HAVE_ENDIAN_H 1
| #define HAVE_ERRNO_H 1
| #define HAVE_FCNTL_H 1
| #define HAVE_GRP_H 1
| #define HAVE_LANGINFO_H 1
| #define HAVE_LIBINTL_H 1
| #define HAVE_LINUX_AUXVEC_H 1
| #define HAVE_SYS_AUXV_H 1
| #define HAVE_LINUX_FS_H 1
| #define HAVE_LINUX_LIMITS_H 1
| #define HAVE_LINUX_MEMFD_H 1
| #define HAVE_LINUX_RANDOM_H 1
| #define HAVE_LINUX_SOUNDCARD_H 1
| #define HAVE_LINUX_TIPC_H 1
| #define HAVE_LINUX_WAIT_H 1
| #define HAVE_NETDB_H 1
| #define HAVE_NET_ETHERNET_H 1
| #define HAVE_NETINET_IN_H 1
| #define HAVE_NETPACKET_PACKET_H 1
| #define HAVE_POLL_H 1
| #define HAVE_PTHREAD_H 1
| #define HAVE_PTY_H 1
| #define HAVE_SCHED_H 1
| #define HAVE_SETJMP_H 1
| #define HAVE_SHADOW_H 1
| #define HAVE_SIGNAL_H 1
| #define HAVE_SPAWN_H 1
| #define HAVE_SYS_EPOLL_H 1
| #define HAVE_SYS_EVENTFD_H 1
| #define HAVE_SYS_FILE_H 1
| #define HAVE_SYS_IOCTL_H 1
| #define HAVE_SYS_MMAN_H 1
| #define HAVE_SYS_PARAM_H 1
| #define HAVE_SYS_POLL_H 1
| #define HAVE_SYS_RANDOM_H 1
| #define HAVE_SYS_RESOURCE_H 1
| #define HAVE_SYS_SELECT_H 1
| #define HAVE_SYS_SENDFILE_H 1
| #define HAVE_SYS_SOCKET_H 1
| #define HAVE_SYS_SOUNDCARD_H 1
| #define HAVE_SYS_STAT_H 1
| #define HAVE_SYS_STATVFS_H 1
| #define HAVE_SYS_SYSCALL_H 1
| #define HAVE_SYS_SYSMACROS_H 1
| #define HAVE_SYS_TIME_H 1
| #define HAVE_SYS_TIMES_H 1
| #define HAVE_SYS_TIMERFD_H 1
| #define HAVE_SYS_TYPES_H 1
| #define HAVE_SYS_UIO_H 1
| #define HAVE_SYS_UN_H 1
| #define HAVE_SYS_UTSNAME_H 1
| #define HAVE_SYS_WAIT_H 1
| #define HAVE_SYS_XATTR_H 1
| #define HAVE_SYSEXITS_H 1
| #define HAVE_SYSLOG_H 1
| #define HAVE_TERMIOS_H 1
| /* end confdefs.h.  */
| #include <stddef.h>
| #ifdef HAVE_STDIO_H
| # include <stdio.h>
| #endif
| #ifdef HAVE_STDLIB_H
| # include <stdlib.h>
| #endif
| #ifdef HAVE_STRING_H
| # include <string.h>
| #endif
| #ifdef HAVE_INTTYPES_H
| # include <inttypes.h>
| #endif
| #ifdef HAVE_STDINT_H
| # include <stdint.h>
| #endif
| #ifdef HAVE_STRINGS_H
| # include <strings.h>
| #endif
| #ifdef HAVE_SYS_TYPES_H
| # include <sys/types.h>
| #endif
| #ifdef HAVE_SYS_STAT_H
| # include <sys/stat.h>
| #endif
| #ifdef HAVE_UNISTD_H
| # include <unistd.h>
| #endif
| #include <util.h>
configure:11154: result: no
configure:11160: checking for utime.h
configure:11160: gcc -c   conftest.c >&5
configure:11160: $? = 0
configure:11160: result: yes
configure:11166: checking for utmp.h
configure:11166: gcc -c   conftest.c >&5
configure:11166: $? = 0
configure:11166: result: yes
configure:11176: checking for dirent.h that defines DIR
configure:11196: gcc -c   conftest.c >&5
configure:11196: $? = 0
configure:11205: result: yes
configure:11219: checking for library containing opendir
configure:11249: gcc -o conftest    conftest.c  >&5
configure:11249: $? = 0
configure:11269: result: none required
configure:11341: checking for sys/mkdev.h
configure:11341: result: no
configure:11350: checking for sys/sysmacros.h
configure:11350: result: yes
configure:11365: checking for bluetooth/bluetooth.h
configure:11365: gcc -c -std=c99   conftest.c >&5
conftest.c:130:10: fatal error: bluetooth/bluetooth.h: No such file or directory
  130 | #include <bluetooth/bluetooth.h>
      |          ^~~~~~~~~~~~~~~~~~~~~~~
compilation terminated.
configure:11365: $? = 1
configure: failed program was:
| /* confdefs.h */
| #define _NETBSD_SOURCE 1
| #define __BSD_VISIBLE 1
| #define _DARWIN_C_SOURCE 1
| #define _PYTHONFRAMEWORK ""
| #define _XOPEN_SOURCE 700
| #define _XOPEN_SOURCE_EXTENDED 1
| #define _POSIX_C_SOURCE 200809L
| #define HAVE_STDIO_H 1
| #define HAVE_STDLIB_H 1
| #define HAVE_STRING_H 1
| #define HAVE_INTTYPES_H 1
| #define HAVE_STDINT_H 1
| #define HAVE_STRINGS_H 1
| #define HAVE_SYS_STAT_H 1
| #define HAVE_SYS_TYPES_H 1
| #define HAVE_UNISTD_H 1
| #define HAVE_WCHAR_H 1
| #define STDC_HEADERS 1
| #define _ALL_SOURCE 1
| #define _DARWIN_C_SOURCE 1
| #define _GNU_SOURCE 1
| #define _HPUX_ALT_XOPEN_SOCKET_API 1
| #define _NETBSD_SOURCE 1
| #define _OPENBSD_SOURCE 1
| #define _POSIX_PTHREAD_SEMANTICS 1
| #define __STDC_WANT_IEC_60559_ATTRIBS_EXT__ 1
| #define __STDC_WANT_IEC_60559_BFP_EXT__ 1
| #define __STDC_WANT_IEC_60559_DFP_EXT__ 1
| #define __STDC_WANT_IEC_60559_FUNCS_EXT__ 1
| #define __STDC_WANT_IEC_60559_TYPES_EXT__ 1
| #define __STDC_WANT_LIB_EXT2__ 1
| #define __STDC_WANT_MATH_SPEC_FUNCS__ 1
| #define _TANDEM_SOURCE 1
| #define __EXTENSIONS__ 1
| #define PY_SUPPORT_TIER 1
| #define STDC_HEADERS 1
| #define HAVE_ALLOCA_H 1
| #define HAVE_ASM_TYPES_H 1
| #define HAVE_DLFCN_H 1
| #define HAVE_ENDIAN_H 1
| #define HAVE_ERRNO_H 1
| #define HAVE_FCNTL_H 1
| #define HAVE_GRP_H 1
| #define HAVE_LANGINFO_H 1
| #define HAVE_LIBINTL_H 1
| #define HAVE_LINUX_AUXVEC_H 1
| #define HAVE_SYS_AUXV_H 1
| #define HAVE_LINUX_FS_H 1
| #define HAVE_LINUX_LIMITS_H 1
| #define HAVE_LINUX_MEMFD_H 1
| #define HAVE_LINUX_RANDOM_H 1
| #define HAVE_LINUX_SOUNDCARD_H 1
| #define HAVE_LINUX_TIPC_H 1
| #define HAVE_LINUX_WAIT_H 1
| #define HAVE_NETDB_H 1
| #define HAVE_NET_ETHERNET_H 1
| #define HAVE_NETINET_IN_H 1
| #define HAVE_NETPACKET_PACKET_H 1
| #define HAVE_POLL_H 1
| #define HAVE_PTHREAD_H 1
| #define HAVE_PTY_H 1
| #define HAVE_SCHED_H 1
| #define HAVE_SETJMP_H 1
| #define HAVE_SHADOW_H 1
| #define HAVE_SIGNAL_H 1
| #define HAVE_SPAWN_H 1
| #define HAVE_SYS_EPOLL_H 1
| #define HAVE_SYS_EVENTFD_H 1
| #define HAVE_SYS_FILE_H 1
| #define HAVE_SYS_IOCTL_H 1
| #define HAVE_SYS_MMAN_H 1
| #define HAVE_SYS_PARAM_H 1
| #define HAVE_SYS_POLL_H 1
| #define HAVE_SYS_RANDOM_H 1
| #define HAVE_SYS_RESOURCE_H 1
| #define HAVE_SYS_SELECT_H 1
| #define HAVE_SYS_SENDFILE_H 1
| #define HAVE_SYS_SOCKET_H 1
| #define HAVE_SYS_SOUNDCARD_H 1
| #define HAVE_SYS_STAT_H 1
| #define HAVE_SYS_STATVFS_H 1
| #define HAVE_SYS_SYSCALL_H 1
| #define HAVE_SYS_SYSMACROS_H 1
| #define HAVE_SYS_TIME_H 1
| #define HAVE_SYS_TIMES_H 1
| #define HAVE_SYS_TIMERFD_H 1
| #define HAVE_SYS_TYPES_H 1
| #define HAVE_SYS_UIO_H 1
| #define HAVE_SYS_UN_H 1
| #define HAVE_SYS_UTSNAME_H 1
| #define HAVE_SYS_WAIT_H 1
| #define HAVE_SYS_XATTR_H 1
| #define HAVE_SYSEXITS_H 1
| #define HAVE_SYSLOG_H 1
| #define HAVE_TERMIOS_H 1
| #define HAVE_UTIME_H 1
| #define HAVE_UTMP_H 1
| #define HAVE_DIRENT_H 1
| #define MAJOR_IN_SYSMACROS 1
| /* end confdefs.h.  */
| #include <stddef.h>
| #ifdef HAVE_STDIO_H
| # include <stdio.h>
| #endif
| #ifdef HAVE_STDLIB_H
| # include <stdlib.h>
| #endif
| #ifdef HAVE_STRING_H
| # include <string.h>
| #endif
| #ifdef HAVE_INTTYPES_H
| # include <inttypes.h>
| #endif
| #ifdef HAVE_STDINT_H
| # include <stdint.h>
| #endif
| #ifdef HAVE_STRINGS_H
| # include <strings.h>
| #endif
| #ifdef HAVE_SYS_TYPES_H
| # include <sys/types.h>
| #endif
| #ifdef HAVE_SYS_STAT_H
| # include <sys/stat.h>
| #endif
| #ifdef HAVE_UNISTD_H
| # include <unistd.h>
| #endif
| #include <bluetooth/bluetooth.h>
configure:11365: result: no
configure:11375: checking for net/if.h
configure:11375: gcc -c   conftest.c >&5
configure:11375: $? = 0
configure:11375: result: yes
configure:11392: checking for linux/netlink.h
configure:11392: gcc -c   conftest.c >&5
configure:11392: $? = 0
configure:11392: result: yes
configure:11406: checking for netlink/netlink.h
configure:11406: gcc -c   conftest.c >&5
conftest.c:113:10: fatal error: netlink/netlink.h: No such file or directory
  113 | #include <netlink/netlink.h>
      |          ^~~~~~~~~~~~~~~~~~~
compilation terminated.
configure:11406: $? = 1
configure: failed program was:
| /* confdefs.h */
| #define _NETBSD_SOURCE 1
| #define __BSD_VISIBLE 1
| #define _DARWIN_C_SOURCE 1
| #define _PYTHONFRAMEWORK ""
| #define _XOPEN_SOURCE 700
| #define _XOPEN_SOURCE_EXTENDED 1
| #define _POSIX_C_SOURCE 200809L
| #define HAVE_STDIO_H 1
| #define HAVE_STDLIB_H 1
| #define HAVE_STRING_H 1
| #define HAVE_INTTYPES_H 1
| #define HAVE_STDINT_H 1
| #define HAVE_STRINGS_H 1
| #define HAVE_SYS_STAT_H 1
| #define HAVE_SYS_TYPES_H 1
| #define HAVE_UNISTD_H 1
| #define HAVE_WCHAR_H 1
| #define STDC_HEADERS 1
| #define _ALL_SOURCE 1
| #define _DARWIN_C_SOURCE 1
| #define _GNU_SOURCE 1
| #define _HPUX_ALT_XOPEN_SOCKET_API 1
| #define _NETBSD_SOURCE 1
| #define _OPENBSD_SOURCE 1
| #define _POSIX_PTHREAD_SEMANTICS 1
| #define __STDC_WANT_IEC_60559_ATTRIBS_EXT__ 1
| #define __STDC_WANT_IEC_60559_BFP_EXT__ 1
| #define __STDC_WANT_IEC_60559_DFP_EXT__ 1
| #define __STDC_WANT_IEC_60559_FUNCS_EXT__ 1
| #define __STDC_WANT_IEC_60559_TYPES_EXT__ 1
| #define __STDC_WANT_LIB_EXT2__ 1
| #define __STDC_WANT_MATH_SPEC_FUNCS__ 1
| #define _TANDEM_SOURCE 1
| #define __EXTENSIONS__ 1
| #define PY_SUPPORT_TIER 1
| #define STDC_HEADERS 1
| #define HAVE_ALLOCA_H 1
| #define HAVE_ASM_TYPES_H 1
| #define HAVE_DLFCN_H 1
| #define HAVE_ENDIAN_H 1
| #define HAVE_ERRNO_H 1
| #define HAVE_FCNTL_H 1
| #define HAVE_GRP_H 1
| #define HAVE_LANGINFO_H 1
| #define HAVE_LIBINTL_H 1
| #define HAVE_LINUX_AUXVEC_H 1
| #define HAVE_SYS_AUXV_H 1
| #define HAVE_LINUX_FS_H 1
| #define HAVE_LINUX_LIMITS_H 1
| #define HAVE_LINUX_MEMFD_H 1
| #define HAVE_LINUX_RANDOM_H 1
| #define HAVE_LINUX_SOUNDCARD_H 1
| #define HAVE_LINUX_TIPC_H 1
| #define HAVE_LINUX_WAIT_H 1
| #define HAVE_NETDB_H 1
| #define HAVE_NET_ETHERNET_H 1
| #define HAVE_NETINET_IN_H 1
| #define HAVE_NETPACKET_PACKET_H 1
| #define HAVE_POLL_H 1
| #define HAVE_PTHREAD_H 1
| #define HAVE_PTY_H 1
| #define HAVE_SCHED_H 1
| #define HAVE_SETJMP_H 1
| #define HAVE_SHADOW_H 1
| #define HAVE_SIGNAL_H 1
| #define HAVE_SPAWN_H 1
| #define HAVE_SYS_EPOLL_H 1
| #define HAVE_SYS_EVENTFD_H 1
| #define HAVE_SYS_FILE_H 1
| #define HAVE_SYS_IOCTL_H 1
| #define HAVE_SYS_MMAN_H 1
| #define HAVE_SYS_PARAM_H 1
| #define HAVE_SYS_POLL_H 1
| #define HAVE_SYS_RANDOM_H 1
| #define HAVE_SYS_RESOURCE_H 1
| #define HAVE_SYS_SELECT_H 1
| #define HAVE_SYS_SENDFILE_H 1
| #define HAVE_SYS_SOCKET_H 1
| #define HAVE_SYS_SOUNDCARD_H 1
| #define HAVE_SYS_STAT_H 1
| #define HAVE_SYS_STATVFS_H 1
| #define HAVE_SYS_SYSCALL_H 1
| #define HAVE_SYS_SYSMACROS_H 1
| #define HAVE_SYS_TIME_H 1
| #define HAVE_SYS_TIMES_H 1
| #define HAVE_SYS_TIMERFD_H 1
| #define HAVE_SYS_TYPES_H 1
| #define HAVE_SYS_UIO_H 1
| #define HAVE_SYS_UN_H 1
| #define HAVE_SYS_UTSNAME_H 1
| #define HAVE_SYS_WAIT_H 1
| #define HAVE_SYS_XATTR_H 1
| #define HAVE_SYSEXITS_H 1
| #define HAVE_SYSLOG_H 1
| #define HAVE_TERMIOS_H 1
| #define HAVE_UTIME_H 1
| #define HAVE_UTMP_H 1
| #define HAVE_DIRENT_H 1
| #define MAJOR_IN_SYSMACROS 1
| #define HAVE_NET_IF_H 1
| #define HAVE_LINUX_NETLINK_H 1
| /* end confdefs.h.  */
| 
| #ifdef HAVE_ASM_TYPES_H
| #include <asm/types.h>
| #endif
| #ifdef HAVE_SYS_SOCKET_H
| #include <sys/socket.h>
| #endif
| 
| 
| #include <netlink/netlink.h>
configure:11406: result: no
configure:11423: checking for linux/qrtr.h
configure:11423: gcc -c   conftest.c >&5
configure:11423: $? = 0
configure:11423: result: yes
configure:11439: checking for linux/vm_sockets.h
configure:11439: gcc -c   conftest.c >&5
configure:11439: $? = 0
configure:11439: result: yes
configure:11454: checking for linux/can.h
configure:11454: gcc -c   conftest.c >&5
configure:11454: $? = 0
configure:11454: result: yes
configure:11465: checking for linux/can/bcm.h
configure:11465: gcc -c   conftest.c >&5
configure:11465: $? = 0
configure:11465: result: yes
configure:11476: checking for linux/can/j1939.h
configure:11476: gcc -c   conftest.c >&5
configure:11476: $? = 0
configure:11476: result: yes
configure:11487: checking for linux/can/raw.h
configure:11487: gcc -c   conftest.c >&5
configure:11487: $? = 0
configure:11487: result: yes
configure:11498: checking for netcan/can.h
configure:11498: gcc -c   conftest.c >&5
conftest.c:116:10: fatal error: netcan/can.h: No such file or directory
  116 | #include <netcan/can.h>
      |          ^~~~~~~~~~~~~~
compilation terminated.
configure:11498: $? = 1
configure: failed program was:
| /* confdefs.h */
| #define _NETBSD_SOURCE 1
| #define __BSD_VISIBLE 1
| #define _DARWIN_C_SOURCE 1
| #define _PYTHONFRAMEWORK ""
| #define _XOPEN_SOURCE 700
| #define _XOPEN_SOURCE_EXTENDED 1
| #define _POSIX_C_SOURCE 200809L
| #define HAVE_STDIO_H 1
| #define HAVE_STDLIB_H 1
| #define HAVE_STRING_H 1
| #define HAVE_INTTYPES_H 1
| #define HAVE_STDINT_H 1
| #define HAVE_STRINGS_H 1
| #define HAVE_SYS_STAT_H 1
| #define HAVE_SYS_TYPES_H 1
| #define HAVE_UNISTD_H 1
| #define HAVE_WCHAR_H 1
| #define STDC_HEADERS 1
| #define _ALL_SOURCE 1
| #define _DARWIN_C_SOURCE 1
| #define _GNU_SOURCE 1
| #define _HPUX_ALT_XOPEN_SOCKET_API 1
| #define _NETBSD_SOURCE 1
| #define _OPENBSD_SOURCE 1
| #define _POSIX_PTHREAD_SEMANTICS 1
| #define __STDC_WANT_IEC_60559_ATTRIBS_EXT__ 1
| #define __STDC_WANT_IEC_60559_BFP_EXT__ 1
| #define __STDC_WANT_IEC_60559_DFP_EXT__ 1
| #define __STDC_WANT_IEC_60559_FUNCS_EXT__ 1
| #define __STDC_WANT_IEC_60559_TYPES_EXT__ 1
| #define __STDC_WANT_LIB_EXT2__ 1
| #define __STDC_WANT_MATH_SPEC_FUNCS__ 1
| #define _TANDEM_SOURCE 1
| #define __EXTENSIONS__ 1
| #define PY_SUPPORT_TIER 1
| #define STDC_HEADERS 1
| #define HAVE_ALLOCA_H 1
| #define HAVE_ASM_TYPES_H 1
| #define HAVE_DLFCN_H 1
| #define HAVE_ENDIAN_H 1
| #define HAVE_ERRNO_H 1
| #define HAVE_FCNTL_H 1
| #define HAVE_GRP_H 1
| #define HAVE_LANGINFO_H 1
| #define HAVE_LIBINTL_H 1
| #define HAVE_LINUX_AUXVEC_H 1
| #define HAVE_SYS_AUXV_H 1
| #define HAVE_LINUX_FS_H 1
| #define HAVE_LINUX_LIMITS_H 1
| #define HAVE_LINUX_MEMFD_H 1
| #define HAVE_LINUX_RANDOM_H 1
| #define HAVE_LINUX_SOUNDCARD_H 1
| #define HAVE_LINUX_TIPC_H 1
| #define HAVE_LINUX_WAIT_H 1
| #define HAVE_NETDB_H 1
| #define HAVE_NET_ETHERNET_H 1
| #define HAVE_NETINET_IN_H 1
| #define HAVE_NETPACKET_PACKET_H 1
| #define HAVE_POLL_H 1
| #define HAVE_PTHREAD_H 1
| #define HAVE_PTY_H 1
| #define HAVE_SCHED_H 1
| #define HAVE_SETJMP_H 1
| #define HAVE_SHADOW_H 1
| #define HAVE_SIGNAL_H 1
| #define HAVE_SPAWN_H 1
| #define HAVE_SYS_EPOLL_H 1
| #define HAVE_SYS_EVENTFD_H 1
| #define HAVE_SYS_FILE_H 1
| #define HAVE_SYS_IOCTL_H 1
| #define HAVE_SYS_MMAN_H 1
| #define HAVE_SYS_PARAM_H 1
| #define HAVE_SYS_POLL_H 1
| #define HAVE_SYS_RANDOM_H 1
| #define HAVE_SYS_RESOURCE_H 1
| #define HAVE_SYS_SELECT_H 1
| #define HAVE_SYS_SENDFILE_H 1
| #define HAVE_SYS_SOCKET_H 1
| #define HAVE_SYS_SOUNDCARD_H 1
| #define HAVE_SYS_STAT_H 1
| #define HAVE_SYS_STATVFS_H 1
| #define HAVE_SYS_SYSCALL_H 1
| #define HAVE_SYS_SYSMACROS_H 1
| #define HAVE_SYS_TIME_H 1
| #define HAVE_SYS_TIMES_H 1
| #define HAVE_SYS_TIMERFD_H 1
| #define HAVE_SYS_TYPES_H 1
| #define HAVE_SYS_UIO_H 1
| #define HAVE_SYS_UN_H 1
| #define HAVE_SYS_UTSNAME_H 1
| #define HAVE_SYS_WAIT_H 1
| #define HAVE_SYS_XATTR_H 1
| #define HAVE_SYSEXITS_H 1
| #define HAVE_SYSLOG_H 1
| #define HAVE_TERMIOS_H 1
| #define HAVE_UTIME_H 1
| #define HAVE_UTMP_H 1
| #define HAVE_DIRENT_H 1
| #define MAJOR_IN_SYSMACROS 1
| #define HAVE_NET_IF_H 1
| #define HAVE_LINUX_NETLINK_H 1
| #define HAVE_LINUX_QRTR_H 1
| #define HAVE_LINUX_VM_SOCKETS_H 1
| #define HAVE_LINUX_CAN_H 1
| #define HAVE_LINUX_CAN_BCM_H 1
| #define HAVE_LINUX_CAN_J1939_H 1
| #define HAVE_LINUX_CAN_RAW_H 1
| /* end confdefs.h.  */
| 
| #ifdef HAVE_SYS_SOCKET_H
| #include <sys/socket.h>
| #endif
| 
| 
| #include <netcan/can.h>
configure:11498: result: no
configure:11512: checking for clock_t
configure:11512: gcc -c   conftest.c >&5
configure:11512: $? = 0
configure:11512: gcc -c   conftest.c >&5
conftest.c: In function 'main':
conftest.c:115:22: error: expected expression before ')' token
  115 | if (sizeof ((clock_t)))
      |                      ^
configure:11512: $? = 1
configure: failed program was:
| /* confdefs.h */
| #define _NETBSD_SOURCE 1
| #define __BSD_VISIBLE 1
| #define _DARWIN_C_SOURCE 1
| #define _PYTHONFRAMEWORK ""
| #define _XOPEN_SOURCE 700
| #define _XOPEN_SOURCE_EXTENDED 1
| #define _POSIX_C_SOURCE 200809L
| #define HAVE_STDIO_H 1
| #define HAVE_STDLIB_H 1
| #define HAVE_STRING_H 1
| #define HAVE_INTTYPES_H 1
| #define HAVE_STDINT_H 1
| #define HAVE_STRINGS_H 1
| #define HAVE_SYS_STAT_H 1
| #define HAVE_SYS_TYPES_H 1
| #define HAVE_UNISTD_H 1
| #define HAVE_WCHAR_H 1
| #define STDC_HEADERS 1
| #define _ALL_SOURCE 1
| #define _DARWIN_C_SOURCE 1
| #define _GNU_SOURCE 1
| #define _HPUX_ALT_XOPEN_SOCKET_API 1
| #define _NETBSD_SOURCE 1
| #define _OPENBSD_SOURCE 1
| #define _POSIX_PTHREAD_SEMANTICS 1
| #define __STDC_WANT_IEC_60559_ATTRIBS_EXT__ 1
| #define __STDC_WANT_IEC_60559_BFP_EXT__ 1
| #define __STDC_WANT_IEC_60559_DFP_EXT__ 1
| #define __STDC_WANT_IEC_60559_FUNCS_EXT__ 1
| #define __STDC_WANT_IEC_60559_TYPES_EXT__ 1
| #define __STDC_WANT_LIB_EXT2__ 1
| #define __STDC_WANT_MATH_SPEC_FUNCS__ 1
| #define _TANDEM_SOURCE 1
| #define __EXTENSIONS__ 1
| #define PY_SUPPORT_TIER 1
| #define STDC_HEADERS 1
| #define HAVE_ALLOCA_H 1
| #define HAVE_ASM_TYPES_H 1
| #define HAVE_DLFCN_H 1
| #define HAVE_ENDIAN_H 1
| #define HAVE_ERRNO_H 1
| #define HAVE_FCNTL_H 1
| #define HAVE_GRP_H 1
| #define HAVE_LANGINFO_H 1
| #define HAVE_LIBINTL_H 1
| #define HAVE_LINUX_AUXVEC_H 1
| #define HAVE_SYS_AUXV_H 1
| #define HAVE_LINUX_FS_H 1
| #define HAVE_LINUX_LIMITS_H 1
| #define HAVE_LINUX_MEMFD_H 1
| #define HAVE_LINUX_RANDOM_H 1
| #define HAVE_LINUX_SOUNDCARD_H 1
| #define HAVE_LINUX_TIPC_H 1
| #define HAVE_LINUX_WAIT_H 1
| #define HAVE_NETDB_H 1
| #define HAVE_NET_ETHERNET_H 1
| #define HAVE_NETINET_IN_H 1
| #define HAVE_NETPACKET_PACKET_H 1
| #define HAVE_POLL_H 1
| #define HAVE_PTHREAD_H 1
| #define HAVE_PTY_H 1
| #define HAVE_SCHED_H 1
| #define HAVE_SETJMP_H 1
| #define HAVE_SHADOW_H 1
| #define HAVE_SIGNAL_H 1
| #define HAVE_SPAWN_H 1
| #define HAVE_SYS_EPOLL_H 1
| #define HAVE_SYS_EVENTFD_H 1
| #define HAVE_SYS_FILE_H 1
| #define HAVE_SYS_IOCTL_H 1
| #define HAVE_SYS_MMAN_H 1
| #define HAVE_SYS_PARAM_H 1
| #define HAVE_SYS_POLL_H 1
| #define HAVE_SYS_RANDOM_H 1
| #define HAVE_SYS_RESOURCE_H 1
| #define HAVE_SYS_SELECT_H 1
| #define HAVE_SYS_SENDFILE_H 1
| #define HAVE_SYS_SOCKET_H 1
| #define HAVE_SYS_SOUNDCARD_H 1
| #define HAVE_SYS_STAT_H 1
| #define HAVE_SYS_STATVFS_H 1
| #define HAVE_SYS_SYSCALL_H 1
| #define HAVE_SYS_SYSMACROS_H 1
| #define HAVE_SYS_TIME_H 1
| #define HAVE_SYS_TIMES_H 1
| #define HAVE_SYS_TIMERFD_H 1
| #define HAVE_SYS_TYPES_H 1
| #define HAVE_SYS_UIO_H 1
| #define HAVE_SYS_UN_H 1
| #define HAVE_SYS_UTSNAME_H 1
| #define HAVE_SYS_WAIT_H 1
| #define HAVE_SYS_XATTR_H 1
| #define HAVE_SYSEXITS_H 1
| #define HAVE_SYSLOG_H 1
| #define HAVE_TERMIOS_H 1
| #define HAVE_UTIME_H 1
| #define HAVE_UTMP_H 1
| #define HAVE_DIRENT_H 1
| #define MAJOR_IN_SYSMACROS 1
| #define HAVE_NET_IF_H 1
| #define HAVE_LINUX_NETLINK_H 1
| #define HAVE_LINUX_QRTR_H 1
| #define HAVE_LINUX_VM_SOCKETS_H 1
| #define HAVE_LINUX_CAN_H 1
| #define HAVE_LINUX_CAN_BCM_H 1
| #define HAVE_LINUX_CAN_J1939_H 1
| #define HAVE_LINUX_CAN_RAW_H 1
| /* end confdefs.h.  */
| #include <time.h>
| 
| int
| main (void)
| {
| if (sizeof ((clock_t)))
| 	    return 0;
|   ;
|   return 0;
| }
configure:11512: result: yes
configure:11527: checking for makedev
configure:11555: gcc -o conftest    conftest.c  >&5
configure:11555: $? = 0
configure:11565: result: yes
configure:11578: checking for le64toh
configure:11604: gcc -o conftest    conftest.c  >&5
configure:11604: $? = 0
configure:11614: result: yes
configure:11658: checking for mode_t
configure:11658: gcc -c   conftest.c >&5
configure:11658: $? = 0
configure:11658: gcc -c   conftest.c >&5
conftest.c: In function 'main':
conftest.c:149:21: error: expected expression before ')' token
  149 | if (sizeof ((mode_t)))
      |                     ^
configure:11658: $? = 1
configure: failed program was:
| /* confdefs.h */
| #define _NETBSD_SOURCE 1
| #define __BSD_VISIBLE 1
| #define _DARWIN_C_SOURCE 1
| #define _PYTHONFRAMEWORK ""
| #define _XOPEN_SOURCE 700
| #define _XOPEN_SOURCE_EXTENDED 1
| #define _POSIX_C_SOURCE 200809L
| #define HAVE_STDIO_H 1
| #define HAVE_STDLIB_H 1
| #define HAVE_STRING_H 1
| #define HAVE_INTTYPES_H 1
| #define HAVE_STDINT_H 1
| #define HAVE_STRINGS_H 1
| #define HAVE_SYS_STAT_H 1
| #define HAVE_SYS_TYPES_H 1
| #define HAVE_UNISTD_H 1
| #define HAVE_WCHAR_H 1
| #define STDC_HEADERS 1
| #define _ALL_SOURCE 1
| #define _DARWIN_C_SOURCE 1
| #define _GNU_SOURCE 1
| #define _HPUX_ALT_XOPEN_SOCKET_API 1
| #define _NETBSD_SOURCE 1
| #define _OPENBSD_SOURCE 1
| #define _POSIX_PTHREAD_SEMANTICS 1
| #define __STDC_WANT_IEC_60559_ATTRIBS_EXT__ 1
| #define __STDC_WANT_IEC_60559_BFP_EXT__ 1
| #define __STDC_WANT_IEC_60559_DFP_EXT__ 1
| #define __STDC_WANT_IEC_60559_FUNCS_EXT__ 1
| #define __STDC_WANT_IEC_60559_TYPES_EXT__ 1
| #define __STDC_WANT_LIB_EXT2__ 1
| #define __STDC_WANT_MATH_SPEC_FUNCS__ 1
| #define _TANDEM_SOURCE 1
| #define __EXTENSIONS__ 1
| #define PY_SUPPORT_TIER 1
| #define STDC_HEADERS 1
| #define HAVE_ALLOCA_H 1
| #define HAVE_ASM_TYPES_H 1
| #define HAVE_DLFCN_H 1
| #define HAVE_ENDIAN_H 1
| #define HAVE_ERRNO_H 1
| #define HAVE_FCNTL_H 1
| #define HAVE_GRP_H 1
| #define HAVE_LANGINFO_H 1
| #define HAVE_LIBINTL_H 1
| #define HAVE_LINUX_AUXVEC_H 1
| #define HAVE_SYS_AUXV_H 1
| #define HAVE_LINUX_FS_H 1
| #define HAVE_LINUX_LIMITS_H 1
| #define HAVE_LINUX_MEMFD_H 1
| #define HAVE_LINUX_RANDOM_H 1
| #define HAVE_LINUX_SOUNDCARD_H 1
| #define HAVE_LINUX_TIPC_H 1
| #define HAVE_LINUX_WAIT_H 1
| #define HAVE_NETDB_H 1
| #define HAVE_NET_ETHERNET_H 1
| #define HAVE_NETINET_IN_H 1
| #define HAVE_NETPACKET_PACKET_H 1
| #define HAVE_POLL_H 1
| #define HAVE_PTHREAD_H 1
| #define HAVE_PTY_H 1
| #define HAVE_SCHED_H 1
| #define HAVE_SETJMP_H 1
| #define HAVE_SHADOW_H 1
| #define HAVE_SIGNAL_H 1
| #define HAVE_SPAWN_H 1
| #define HAVE_SYS_EPOLL_H 1
| #define HAVE_SYS_EVENTFD_H 1
| #define HAVE_SYS_FILE_H 1
| #define HAVE_SYS_IOCTL_H 1
| #define HAVE_SYS_MMAN_H 1
| #define HAVE_SYS_PARAM_H 1
| #define HAVE_SYS_POLL_H 1
| #define HAVE_SYS_RANDOM_H 1
| #define HAVE_SYS_RESOURCE_H 1
| #define HAVE_SYS_SELECT_H 1
| #define HAVE_SYS_SENDFILE_H 1
| #define HAVE_SYS_SOCKET_H 1
| #define HAVE_SYS_SOUNDCARD_H 1
| #define HAVE_SYS_STAT_H 1
| #define HAVE_SYS_STATVFS_H 1
| #define HAVE_SYS_SYSCALL_H 1
| #define HAVE_SYS_SYSMACROS_H 1
| #define HAVE_SYS_TIME_H 1
| #define HAVE_SYS_TIMES_H 1
| #define HAVE_SYS_TIMERFD_H 1
| #define HAVE_SYS_TYPES_H 1
| #define HAVE_SYS_UIO_H 1
| #define HAVE_SYS_UN_H 1
| #define HAVE_SYS_UTSNAME_H 1
| #define HAVE_SYS_WAIT_H 1
| #define HAVE_SYS_XATTR_H 1
| #define HAVE_SYSEXITS_H 1
| #define HAVE_SYSLOG_H 1
| #define HAVE_TERMIOS_H 1
| #define HAVE_UTIME_H 1
| #define HAVE_UTMP_H 1
| #define HAVE_DIRENT_H 1
| #define MAJOR_IN_SYSMACROS 1
| #define HAVE_NET_IF_H 1
| #define HAVE_LINUX_NETLINK_H 1
| #define HAVE_LINUX_QRTR_H 1
| #define HAVE_LINUX_VM_SOCKETS_H 1
| #define HAVE_LINUX_CAN_H 1
| #define HAVE_LINUX_CAN_BCM_H 1
| #define HAVE_LINUX_CAN_J1939_H 1
| #define HAVE_LINUX_CAN_RAW_H 1
| #define HAVE_CLOCK_T 1
| #define HAVE_MAKEDEV 1
| #define HAVE_HTOLE64 1
| #define _LARGEFILE_SOURCE 1
| #define _FILE_OFFSET_BITS 64
| #if defined(SCO_DS)
| #undef _OFF_T
| #endif
| /* end confdefs.h.  */
| #include <stddef.h>
| #ifdef HAVE_STDIO_H
| # include <stdio.h>
| #endif
| #ifdef HAVE_STDLIB_H
| # include <stdlib.h>
| #endif
| #ifdef HAVE_STRING_H
| # include <string.h>
| #endif
| #ifdef HAVE_INTTYPES_H
| # include <inttypes.h>
| #endif
| #ifdef HAVE_STDINT_H
| # include <stdint.h>
| #endif
| #ifdef HAVE_STRINGS_H
| # include <strings.h>
| #endif
| #ifdef HAVE_SYS_TYPES_H
| # include <sys/types.h>
| #endif
| #ifdef HAVE_SYS_STAT_H
| # include <sys/stat.h>
| #endif
| #ifdef HAVE_UNISTD_H
| # include <unistd.h>
| #endif
| int
| main (void)
| {
| if (sizeof ((mode_t)))
| 	    return 0;
|   ;
|   return 0;
| }
configure:11658: result: yes
configure:11668: checking for off_t
configure:11668: gcc -c   conftest.c >&5
configure:11668: $? = 0
configure:11668: gcc -c   conftest.c >&5
conftest.c: In function 'main':
conftest.c:149:20: error: expected expression before ')' token
  149 | if (sizeof ((off_t)))
      |                    ^
configure:11668: $? = 1
configure: failed program was:
| /* confdefs.h */
| #define _NETBSD_SOURCE 1
| #define __BSD_VISIBLE 1
| #define _DARWIN_C_SOURCE 1
| #define _PYTHONFRAMEWORK ""
| #define _XOPEN_SOURCE 700
| #define _XOPEN_SOURCE_EXTENDED 1
| #define _POSIX_C_SOURCE 200809L
| #define HAVE_STDIO_H 1
| #define HAVE_STDLIB_H 1
| #define HAVE_STRING_H 1
| #define HAVE_INTTYPES_H 1
| #define HAVE_STDINT_H 1
| #define HAVE_STRINGS_H 1
| #define HAVE_SYS_STAT_H 1
| #define HAVE_SYS_TYPES_H 1
| #define HAVE_UNISTD_H 1
| #define HAVE_WCHAR_H 1
| #define STDC_HEADERS 1
| #define _ALL_SOURCE 1
| #define _DARWIN_C_SOURCE 1
| #define _GNU_SOURCE 1
| #define _HPUX_ALT_XOPEN_SOCKET_API 1
| #define _NETBSD_SOURCE 1
| #define _OPENBSD_SOURCE 1
| #define _POSIX_PTHREAD_SEMANTICS 1
| #define __STDC_WANT_IEC_60559_ATTRIBS_EXT__ 1
| #define __STDC_WANT_IEC_60559_BFP_EXT__ 1
| #define __STDC_WANT_IEC_60559_DFP_EXT__ 1
| #define __STDC_WANT_IEC_60559_FUNCS_EXT__ 1
| #define __STDC_WANT_IEC_60559_TYPES_EXT__ 1
| #define __STDC_WANT_LIB_EXT2__ 1
| #define __STDC_WANT_MATH_SPEC_FUNCS__ 1
| #define _TANDEM_SOURCE 1
| #define __EXTENSIONS__ 1
| #define PY_SUPPORT_TIER 1
| #define STDC_HEADERS 1
| #define HAVE_ALLOCA_H 1
| #define HAVE_ASM_TYPES_H 1
| #define HAVE_DLFCN_H 1
| #define HAVE_ENDIAN_H 1
| #define HAVE_ERRNO_H 1
| #define HAVE_FCNTL_H 1
| #define HAVE_GRP_H 1
| #define HAVE_LANGINFO_H 1
| #define HAVE_LIBINTL_H 1
| #define HAVE_LINUX_AUXVEC_H 1
| #define HAVE_SYS_AUXV_H 1
| #define HAVE_LINUX_FS_H 1
| #define HAVE_LINUX_LIMITS_H 1
| #define HAVE_LINUX_MEMFD_H 1
| #define HAVE_LINUX_RANDOM_H 1
| #define HAVE_LINUX_SOUNDCARD_H 1
| #define HAVE_LINUX_TIPC_H 1
| #define HAVE_LINUX_WAIT_H 1
| #define HAVE_NETDB_H 1
| #define HAVE_NET_ETHERNET_H 1
| #define HAVE_NETINET_IN_H 1
| #define HAVE_NETPACKET_PACKET_H 1
| #define HAVE_POLL_H 1
| #define HAVE_PTHREAD_H 1
| #define HAVE_PTY_H 1
| #define HAVE_SCHED_H 1
| #define HAVE_SETJMP_H 1
| #define HAVE_SHADOW_H 1
| #define HAVE_SIGNAL_H 1
| #define HAVE_SPAWN_H 1
| #define HAVE_SYS_EPOLL_H 1
| #define HAVE_SYS_EVENTFD_H 1
| #define HAVE_SYS_FILE_H 1
| #define HAVE_SYS_IOCTL_H 1
| #define HAVE_SYS_MMAN_H 1
| #define HAVE_SYS_PARAM_H 1
| #define HAVE_SYS_POLL_H 1
| #define HAVE_SYS_RANDOM_H 1
| #define HAVE_SYS_RESOURCE_H 1
| #define HAVE_SYS_SELECT_H 1
| #define HAVE_SYS_SENDFILE_H 1
| #define HAVE_SYS_SOCKET_H 1
| #define HAVE_SYS_SOUNDCARD_H 1
| #define HAVE_SYS_STAT_H 1
| #define HAVE_SYS_STATVFS_H 1
| #define HAVE_SYS_SYSCALL_H 1
| #define HAVE_SYS_SYSMACROS_H 1
| #define HAVE_SYS_TIME_H 1
| #define HAVE_SYS_TIMES_H 1
| #define HAVE_SYS_TIMERFD_H 1
| #define HAVE_SYS_TYPES_H 1
| #define HAVE_SYS_UIO_H 1
| #define HAVE_SYS_UN_H 1
| #define HAVE_SYS_UTSNAME_H 1
| #define HAVE_SYS_WAIT_H 1
| #define HAVE_SYS_XATTR_H 1
| #define HAVE_SYSEXITS_H 1
| #define HAVE_SYSLOG_H 1
| #define HAVE_TERMIOS_H 1
| #define HAVE_UTIME_H 1
| #define HAVE_UTMP_H 1
| #define HAVE_DIRENT_H 1
| #define MAJOR_IN_SYSMACROS 1
| #define HAVE_NET_IF_H 1
| #define HAVE_LINUX_NETLINK_H 1
| #define HAVE_LINUX_QRTR_H 1
| #define HAVE_LINUX_VM_SOCKETS_H 1
| #define HAVE_LINUX_CAN_H 1
| #define HAVE_LINUX_CAN_BCM_H 1
| #define HAVE_LINUX_CAN_J1939_H 1
| #define HAVE_LINUX_CAN_RAW_H 1
| #define HAVE_CLOCK_T 1
| #define HAVE_MAKEDEV 1
| #define HAVE_HTOLE64 1
| #define _LARGEFILE_SOURCE 1
| #define _FILE_OFFSET_BITS 64
| #if defined(SCO_DS)
| #undef _OFF_T
| #endif
| /* end confdefs.h.  */
| #include <stddef.h>
| #ifdef HAVE_STDIO_H
| # include <stdio.h>
| #endif
| #ifdef HAVE_STDLIB_H
| # include <stdlib.h>
| #endif
| #ifdef HAVE_STRING_H
| # include <string.h>
| #endif
| #ifdef HAVE_INTTYPES_H
| # include <inttypes.h>
| #endif
| #ifdef HAVE_STDINT_H
| # include <stdint.h>
| #endif
| #ifdef HAVE_STRINGS_H
| # include <strings.h>
| #endif
| #ifdef HAVE_SYS_TYPES_H
| # include <sys/types.h>
| #endif
| #ifdef HAVE_SYS_STAT_H
| # include <sys/stat.h>
| #endif
| #ifdef HAVE_UNISTD_H
| # include <unistd.h>
| #endif
| int
| main (void)
| {
| if (sizeof ((off_t)))
| 	    return 0;
|   ;
|   return 0;
| }
configure:11668: result: yes
configure:11679: checking for pid_t
configure:11679: gcc -c   conftest.c >&5
configure:11679: $? = 0
configure:11679: gcc -c   conftest.c >&5
conftest.c: In function 'main':
conftest.c:150:20: error: expected expression before ')' token
  150 | if (sizeof ((pid_t)))
      |                    ^
configure:11679: $? = 1
configure: failed program was:
| /* confdefs.h */
| #define _NETBSD_SOURCE 1
| #define __BSD_VISIBLE 1
| #define _DARWIN_C_SOURCE 1
| #define _PYTHONFRAMEWORK ""
| #define _XOPEN_SOURCE 700
| #define _XOPEN_SOURCE_EXTENDED 1
| #define _POSIX_C_SOURCE 200809L
| #define HAVE_STDIO_H 1
| #define HAVE_STDLIB_H 1
| #define HAVE_STRING_H 1
| #define HAVE_INTTYPES_H 1
| #define HAVE_STDINT_H 1
| #define HAVE_STRINGS_H 1
| #define HAVE_SYS_STAT_H 1
| #define HAVE_SYS_TYPES_H 1
| #define HAVE_UNISTD_H 1
| #define HAVE_WCHAR_H 1
| #define STDC_HEADERS 1
| #define _ALL_SOURCE 1
| #define _DARWIN_C_SOURCE 1
| #define _GNU_SOURCE 1
| #define _HPUX_ALT_XOPEN_SOCKET_API 1
| #define _NETBSD_SOURCE 1
| #define _OPENBSD_SOURCE 1
| #define _POSIX_PTHREAD_SEMANTICS 1
| #define __STDC_WANT_IEC_60559_ATTRIBS_EXT__ 1
| #define __STDC_WANT_IEC_60559_BFP_EXT__ 1
| #define __STDC_WANT_IEC_60559_DFP_EXT__ 1
| #define __STDC_WANT_IEC_60559_FUNCS_EXT__ 1
| #define __STDC_WANT_IEC_60559_TYPES_EXT__ 1
| #define __STDC_WANT_LIB_EXT2__ 1
| #define __STDC_WANT_MATH_SPEC_FUNCS__ 1
| #define _TANDEM_SOURCE 1
| #define __EXTENSIONS__ 1
| #define PY_SUPPORT_TIER 1
| #define STDC_HEADERS 1
| #define HAVE_ALLOCA_H 1
| #define HAVE_ASM_TYPES_H 1
| #define HAVE_DLFCN_H 1
| #define HAVE_ENDIAN_H 1
| #define HAVE_ERRNO_H 1
| #define HAVE_FCNTL_H 1
| #define HAVE_GRP_H 1
| #define HAVE_LANGINFO_H 1
| #define HAVE_LIBINTL_H 1
| #define HAVE_LINUX_AUXVEC_H 1
| #define HAVE_SYS_AUXV_H 1
| #define HAVE_LINUX_FS_H 1
| #define HAVE_LINUX_LIMITS_H 1
| #define HAVE_LINUX_MEMFD_H 1
| #define HAVE_LINUX_RANDOM_H 1
| #define HAVE_LINUX_SOUNDCARD_H 1
| #define HAVE_LINUX_TIPC_H 1
| #define HAVE_LINUX_WAIT_H 1
| #define HAVE_NETDB_H 1
| #define HAVE_NET_ETHERNET_H 1
| #define HAVE_NETINET_IN_H 1
| #define HAVE_NETPACKET_PACKET_H 1
| #define HAVE_POLL_H 1
| #define HAVE_PTHREAD_H 1
| #define HAVE_PTY_H 1
| #define HAVE_SCHED_H 1
| #define HAVE_SETJMP_H 1
| #define HAVE_SHADOW_H 1
| #define HAVE_SIGNAL_H 1
| #define HAVE_SPAWN_H 1
| #define HAVE_SYS_EPOLL_H 1
| #define HAVE_SYS_EVENTFD_H 1
| #define HAVE_SYS_FILE_H 1
| #define HAVE_SYS_IOCTL_H 1
| #define HAVE_SYS_MMAN_H 1
| #define HAVE_SYS_PARAM_H 1
| #define HAVE_SYS_POLL_H 1
| #define HAVE_SYS_RANDOM_H 1
| #define HAVE_SYS_RESOURCE_H 1
| #define HAVE_SYS_SELECT_H 1
| #define HAVE_SYS_SENDFILE_H 1
| #define HAVE_SYS_SOCKET_H 1
| #define HAVE_SYS_SOUNDCARD_H 1
| #define HAVE_SYS_STAT_H 1
| #define HAVE_SYS_STATVFS_H 1
| #define HAVE_SYS_SYSCALL_H 1
| #define HAVE_SYS_SYSMACROS_H 1
| #define HAVE_SYS_TIME_H 1
| #define HAVE_SYS_TIMES_H 1
| #define HAVE_SYS_TIMERFD_H 1
| #define HAVE_SYS_TYPES_H 1
| #define HAVE_SYS_UIO_H 1
| #define HAVE_SYS_UN_H 1
| #define HAVE_SYS_UTSNAME_H 1
| #define HAVE_SYS_WAIT_H 1
| #define HAVE_SYS_XATTR_H 1
| #define HAVE_SYSEXITS_H 1
| #define HAVE_SYSLOG_H 1
| #define HAVE_TERMIOS_H 1
| #define HAVE_UTIME_H 1
| #define HAVE_UTMP_H 1
| #define HAVE_DIRENT_H 1
| #define MAJOR_IN_SYSMACROS 1
| #define HAVE_NET_IF_H 1
| #define HAVE_LINUX_NETLINK_H 1
| #define HAVE_LINUX_QRTR_H 1
| #define HAVE_LINUX_VM_SOCKETS_H 1
| #define HAVE_LINUX_CAN_H 1
| #define HAVE_LINUX_CAN_BCM_H 1
| #define HAVE_LINUX_CAN_J1939_H 1
| #define HAVE_LINUX_CAN_RAW_H 1
| #define HAVE_CLOCK_T 1
| #define HAVE_MAKEDEV 1
| #define HAVE_HTOLE64 1
| #define _LARGEFILE_SOURCE 1
| #define _FILE_OFFSET_BITS 64
| #if defined(SCO_DS)
| #undef _OFF_T
| #endif
| /* end confdefs.h.  */
| #include <stddef.h>
| #ifdef HAVE_STDIO_H
| # include <stdio.h>
| #endif
| #ifdef HAVE_STDLIB_H
| # include <stdlib.h>
| #endif
| #ifdef HAVE_STRING_H
| # include <string.h>
| #endif
| #ifdef HAVE_INTTYPES_H
| # include <inttypes.h>
| #endif
| #ifdef HAVE_STDINT_H
| # include <stdint.h>
| #endif
| #ifdef HAVE_STRINGS_H
| # include <strings.h>
| #endif
| #ifdef HAVE_SYS_TYPES_H
| # include <sys/types.h>
| #endif
| #ifdef HAVE_SYS_STAT_H
| # include <sys/stat.h>
| #endif
| #ifdef HAVE_UNISTD_H
| # include <unistd.h>
| #endif
| 
| int
| main (void)
| {
| if (sizeof ((pid_t)))
| 	    return 0;
|   ;
|   return 0;
| }
configure:11679: result: yes
configure:11718: checking for size_t
configure:11718: gcc -c   conftest.c >&5
configure:11718: $? = 0
configure:11718: gcc -c   conftest.c >&5
conftest.c: In function 'main':
conftest.c:150:21: error: expected expression before ')' token
  150 | if (sizeof ((size_t)))
      |                     ^
configure:11718: $? = 1
configure: failed program was:
| /* confdefs.h */
| #define _NETBSD_SOURCE 1
| #define __BSD_VISIBLE 1
| #define _DARWIN_C_SOURCE 1
| #define _PYTHONFRAMEWORK ""
| #define _XOPEN_SOURCE 700
| #define _XOPEN_SOURCE_EXTENDED 1
| #define _POSIX_C_SOURCE 200809L
| #define HAVE_STDIO_H 1
| #define HAVE_STDLIB_H 1
| #define HAVE_STRING_H 1
| #define HAVE_INTTYPES_H 1
| #define HAVE_STDINT_H 1
| #define HAVE_STRINGS_H 1
| #define HAVE_SYS_STAT_H 1
| #define HAVE_SYS_TYPES_H 1
| #define HAVE_UNISTD_H 1
| #define HAVE_WCHAR_H 1
| #define STDC_HEADERS 1
| #define _ALL_SOURCE 1
| #define _DARWIN_C_SOURCE 1
| #define _GNU_SOURCE 1
| #define _HPUX_ALT_XOPEN_SOCKET_API 1
| #define _NETBSD_SOURCE 1
| #define _OPENBSD_SOURCE 1
| #define _POSIX_PTHREAD_SEMANTICS 1
| #define __STDC_WANT_IEC_60559_ATTRIBS_EXT__ 1
| #define __STDC_WANT_IEC_60559_BFP_EXT__ 1
| #define __STDC_WANT_IEC_60559_DFP_EXT__ 1
| #define __STDC_WANT_IEC_60559_FUNCS_EXT__ 1
| #define __STDC_WANT_IEC_60559_TYPES_EXT__ 1
| #define __STDC_WANT_LIB_EXT2__ 1
| #define __STDC_WANT_MATH_SPEC_FUNCS__ 1
| #define _TANDEM_SOURCE 1
| #define __EXTENSIONS__ 1
| #define PY_SUPPORT_TIER 1
| #define STDC_HEADERS 1
| #define HAVE_ALLOCA_H 1
| #define HAVE_ASM_TYPES_H 1
| #define HAVE_DLFCN_H 1
| #define HAVE_ENDIAN_H 1
| #define HAVE_ERRNO_H 1
| #define HAVE_FCNTL_H 1
| #define HAVE_GRP_H 1
| #define HAVE_LANGINFO_H 1
| #define HAVE_LIBINTL_H 1
| #define HAVE_LINUX_AUXVEC_H 1
| #define HAVE_SYS_AUXV_H 1
| #define HAVE_LINUX_FS_H 1
| #define HAVE_LINUX_LIMITS_H 1
| #define HAVE_LINUX_MEMFD_H 1
| #define HAVE_LINUX_RANDOM_H 1
| #define HAVE_LINUX_SOUNDCARD_H 1
| #define HAVE_LINUX_TIPC_H 1
| #define HAVE_LINUX_WAIT_H 1
| #define HAVE_NETDB_H 1
| #define HAVE_NET_ETHERNET_H 1
| #define HAVE_NETINET_IN_H 1
| #define HAVE_NETPACKET_PACKET_H 1
| #define HAVE_POLL_H 1
| #define HAVE_PTHREAD_H 1
| #define HAVE_PTY_H 1
| #define HAVE_SCHED_H 1
| #define HAVE_SETJMP_H 1
| #define HAVE_SHADOW_H 1
| #define HAVE_SIGNAL_H 1
| #define HAVE_SPAWN_H 1
| #define HAVE_SYS_EPOLL_H 1
| #define HAVE_SYS_EVENTFD_H 1
| #define HAVE_SYS_FILE_H 1
| #define HAVE_SYS_IOCTL_H 1
| #define HAVE_SYS_MMAN_H 1
| #define HAVE_SYS_PARAM_H 1
| #define HAVE_SYS_POLL_H 1
| #define HAVE_SYS_RANDOM_H 1
| #define HAVE_SYS_RESOURCE_H 1
| #define HAVE_SYS_SELECT_H 1
| #define HAVE_SYS_SENDFILE_H 1
| #define HAVE_SYS_SOCKET_H 1
| #define HAVE_SYS_SOUNDCARD_H 1
| #define HAVE_SYS_STAT_H 1
| #define HAVE_SYS_STATVFS_H 1
| #define HAVE_SYS_SYSCALL_H 1
| #define HAVE_SYS_SYSMACROS_H 1
| #define HAVE_SYS_TIME_H 1
| #define HAVE_SYS_TIMES_H 1
| #define HAVE_SYS_TIMERFD_H 1
| #define HAVE_SYS_TYPES_H 1
| #define HAVE_SYS_UIO_H 1
| #define HAVE_SYS_UN_H 1
| #define HAVE_SYS_UTSNAME_H 1
| #define HAVE_SYS_WAIT_H 1
| #define HAVE_SYS_XATTR_H 1
| #define HAVE_SYSEXITS_H 1
| #define HAVE_SYSLOG_H 1
| #define HAVE_TERMIOS_H 1
| #define HAVE_UTIME_H 1
| #define HAVE_UTMP_H 1
| #define HAVE_DIRENT_H 1
| #define MAJOR_IN_SYSMACROS 1
| #define HAVE_NET_IF_H 1
| #define HAVE_LINUX_NETLINK_H 1
| #define HAVE_LINUX_QRTR_H 1
| #define HAVE_LINUX_VM_SOCKETS_H 1
| #define HAVE_LINUX_CAN_H 1
| #define HAVE_LINUX_CAN_BCM_H 1
| #define HAVE_LINUX_CAN_J1939_H 1
| #define HAVE_LINUX_CAN_RAW_H 1
| #define HAVE_CLOCK_T 1
| #define HAVE_MAKEDEV 1
| #define HAVE_HTOLE64 1
| #define _LARGEFILE_SOURCE 1
| #define _FILE_OFFSET_BITS 64
| #if defined(SCO_DS)
| #undef _OFF_T
| #endif
| #define RETSIGTYPE void
| /* end confdefs.h.  */
| #include <stddef.h>
| #ifdef HAVE_STDIO_H
| # include <stdio.h>
| #endif
| #ifdef HAVE_STDLIB_H
| # include <stdlib.h>
| #endif
| #ifdef HAVE_STRING_H
| # include <string.h>
| #endif
| #ifdef HAVE_INTTYPES_H
| # include <inttypes.h>
| #endif
| #ifdef HAVE_STDINT_H
| # include <stdint.h>
| #endif
| #ifdef HAVE_STRINGS_H
| # include <strings.h>
| #endif
| #ifdef HAVE_SYS_TYPES_H
| # include <sys/types.h>
| #endif
| #ifdef HAVE_SYS_STAT_H
| # include <sys/stat.h>
| #endif
| #ifdef HAVE_UNISTD_H
| # include <unistd.h>
| #endif
| int
| main (void)
| {
| if (sizeof ((size_t)))
| 	    return 0;
|   ;
|   return 0;
| }
configure:11718: result: yes
configure:11728: checking for uid_t in sys/types.h
configure:11749: result: yes
configure:11761: checking for ssize_t
configure:11761: gcc -c   conftest.c >&5
configure:11761: $? = 0
configure:11761: gcc -c   conftest.c >&5
conftest.c: In function 'main':
conftest.c:150:22: error: expected expression before ')' token
  150 | if (sizeof ((ssize_t)))
      |                      ^
configure:11761: $? = 1
configure: failed program was:
| /* confdefs.h */
| #define _NETBSD_SOURCE 1
| #define __BSD_VISIBLE 1
| #define _DARWIN_C_SOURCE 1
| #define _PYTHONFRAMEWORK ""
| #define _XOPEN_SOURCE 700
| #define _XOPEN_SOURCE_EXTENDED 1
| #define _POSIX_C_SOURCE 200809L
| #define HAVE_STDIO_H 1
| #define HAVE_STDLIB_H 1
| #define HAVE_STRING_H 1
| #define HAVE_INTTYPES_H 1
| #define HAVE_STDINT_H 1
| #define HAVE_STRINGS_H 1
| #define HAVE_SYS_STAT_H 1
| #define HAVE_SYS_TYPES_H 1
| #define HAVE_UNISTD_H 1
| #define HAVE_WCHAR_H 1
| #define STDC_HEADERS 1
| #define _ALL_SOURCE 1
| #define _DARWIN_C_SOURCE 1
| #define _GNU_SOURCE 1
| #define _HPUX_ALT_XOPEN_SOCKET_API 1
| #define _NETBSD_SOURCE 1
| #define _OPENBSD_SOURCE 1
| #define _POSIX_PTHREAD_SEMANTICS 1
| #define __STDC_WANT_IEC_60559_ATTRIBS_EXT__ 1
| #define __STDC_WANT_IEC_60559_BFP_EXT__ 1
| #define __STDC_WANT_IEC_60559_DFP_EXT__ 1
| #define __STDC_WANT_IEC_60559_FUNCS_EXT__ 1
| #define __STDC_WANT_IEC_60559_TYPES_EXT__ 1
| #define __STDC_WANT_LIB_EXT2__ 1
| #define __STDC_WANT_MATH_SPEC_FUNCS__ 1
| #define _TANDEM_SOURCE 1
| #define __EXTENSIONS__ 1
| #define PY_SUPPORT_TIER 1
| #define STDC_HEADERS 1
| #define HAVE_ALLOCA_H 1
| #define HAVE_ASM_TYPES_H 1
| #define HAVE_DLFCN_H 1
| #define HAVE_ENDIAN_H 1
| #define HAVE_ERRNO_H 1
| #define HAVE_FCNTL_H 1
| #define HAVE_GRP_H 1
| #define HAVE_LANGINFO_H 1
| #define HAVE_LIBINTL_H 1
| #define HAVE_LINUX_AUXVEC_H 1
| #define HAVE_SYS_AUXV_H 1
| #define HAVE_LINUX_FS_H 1
| #define HAVE_LINUX_LIMITS_H 1
| #define HAVE_LINUX_MEMFD_H 1
| #define HAVE_LINUX_RANDOM_H 1
| #define HAVE_LINUX_SOUNDCARD_H 1
| #define HAVE_LINUX_TIPC_H 1
| #define HAVE_LINUX_WAIT_H 1
| #define HAVE_NETDB_H 1
| #define HAVE_NET_ETHERNET_H 1
| #define HAVE_NETINET_IN_H 1
| #define HAVE_NETPACKET_PACKET_H 1
| #define HAVE_POLL_H 1
| #define HAVE_PTHREAD_H 1
| #define HAVE_PTY_H 1
| #define HAVE_SCHED_H 1
| #define HAVE_SETJMP_H 1
| #define HAVE_SHADOW_H 1
| #define HAVE_SIGNAL_H 1
| #define HAVE_SPAWN_H 1
| #define HAVE_SYS_EPOLL_H 1
| #define HAVE_SYS_EVENTFD_H 1
| #define HAVE_SYS_FILE_H 1
| #define HAVE_SYS_IOCTL_H 1
| #define HAVE_SYS_MMAN_H 1
| #define HAVE_SYS_PARAM_H 1
| #define HAVE_SYS_POLL_H 1
| #define HAVE_SYS_RANDOM_H 1
| #define HAVE_SYS_RESOURCE_H 1
| #define HAVE_SYS_SELECT_H 1
| #define HAVE_SYS_SENDFILE_H 1
| #define HAVE_SYS_SOCKET_H 1
| #define HAVE_SYS_SOUNDCARD_H 1
| #define HAVE_SYS_STAT_H 1
| #define HAVE_SYS_STATVFS_H 1
| #define HAVE_SYS_SYSCALL_H 1
| #define HAVE_SYS_SYSMACROS_H 1
| #define HAVE_SYS_TIME_H 1
| #define HAVE_SYS_TIMES_H 1
| #define HAVE_SYS_TIMERFD_H 1
| #define HAVE_SYS_TYPES_H 1
| #define HAVE_SYS_UIO_H 1
| #define HAVE_SYS_UN_H 1
| #define HAVE_SYS_UTSNAME_H 1
| #define HAVE_SYS_WAIT_H 1
| #define HAVE_SYS_XATTR_H 1
| #define HAVE_SYSEXITS_H 1
| #define HAVE_SYSLOG_H 1
| #define HAVE_TERMIOS_H 1
| #define HAVE_UTIME_H 1
| #define HAVE_UTMP_H 1
| #define HAVE_DIRENT_H 1
| #define MAJOR_IN_SYSMACROS 1
| #define HAVE_NET_IF_H 1
| #define HAVE_LINUX_NETLINK_H 1
| #define HAVE_LINUX_QRTR_H 1
| #define HAVE_LINUX_VM_SOCKETS_H 1
| #define HAVE_LINUX_CAN_H 1
| #define HAVE_LINUX_CAN_BCM_H 1
| #define HAVE_LINUX_CAN_J1939_H 1
| #define HAVE_LINUX_CAN_RAW_H 1
| #define HAVE_CLOCK_T 1
| #define HAVE_MAKEDEV 1
| #define HAVE_HTOLE64 1
| #define _LARGEFILE_SOURCE 1
| #define _FILE_OFFSET_BITS 64
| #if defined(SCO_DS)
| #undef _OFF_T
| #endif
| #define RETSIGTYPE void
| /* end confdefs.h.  */
| #include <stddef.h>
| #ifdef HAVE_STDIO_H
| # include <stdio.h>
| #endif
| #ifdef HAVE_STDLIB_H
| # include <stdlib.h>
| #endif
| #ifdef HAVE_STRING_H
| # include <string.h>
| #endif
| #ifdef HAVE_INTTYPES_H
| # include <inttypes.h>
| #endif
| #ifdef HAVE_STDINT_H
| # include <stdint.h>
| #endif
| #ifdef HAVE_STRINGS_H
| # include <strings.h>
| #endif
| #ifdef HAVE_SYS_TYPES_H
| # include <sys/types.h>
| #endif
| #ifdef HAVE_SYS_STAT_H
| # include <sys/stat.h>
| #endif
| #ifdef HAVE_UNISTD_H
| # include <unistd.h>
| #endif
| int
| main (void)
| {
| if (sizeof ((ssize_t)))
| 	    return 0;
|   ;
|   return 0;
| }
configure:11761: result: yes
configure:11770: checking for __uint128_t
configure:11770: gcc -c   conftest.c >&5
configure:11770: $? = 0
configure:11770: gcc -c   conftest.c >&5
conftest.c: In function 'main':
conftest.c:151:26: error: expected expression before ')' token
  151 | if (sizeof ((__uint128_t)))
      |                          ^
configure:11770: $? = 1
configure: failed program was:
| /* confdefs.h */
| #define _NETBSD_SOURCE 1
| #define __BSD_VISIBLE 1
| #define _DARWIN_C_SOURCE 1
| #define _PYTHONFRAMEWORK ""
| #define _XOPEN_SOURCE 700
| #define _XOPEN_SOURCE_EXTENDED 1
| #define _POSIX_C_SOURCE 200809L
| #define HAVE_STDIO_H 1
| #define HAVE_STDLIB_H 1
| #define HAVE_STRING_H 1
| #define HAVE_INTTYPES_H 1
| #define HAVE_STDINT_H 1
| #define HAVE_STRINGS_H 1
| #define HAVE_SYS_STAT_H 1
| #define HAVE_SYS_TYPES_H 1
| #define HAVE_UNISTD_H 1
| #define HAVE_WCHAR_H 1
| #define STDC_HEADERS 1
| #define _ALL_SOURCE 1
| #define _DARWIN_C_SOURCE 1
| #define _GNU_SOURCE 1
| #define _HPUX_ALT_XOPEN_SOCKET_API 1
| #define _NETBSD_SOURCE 1
| #define _OPENBSD_SOURCE 1
| #define _POSIX_PTHREAD_SEMANTICS 1
| #define __STDC_WANT_IEC_60559_ATTRIBS_EXT__ 1
| #define __STDC_WANT_IEC_60559_BFP_EXT__ 1
| #define __STDC_WANT_IEC_60559_DFP_EXT__ 1
| #define __STDC_WANT_IEC_60559_FUNCS_EXT__ 1
| #define __STDC_WANT_IEC_60559_TYPES_EXT__ 1
| #define __STDC_WANT_LIB_EXT2__ 1
| #define __STDC_WANT_MATH_SPEC_FUNCS__ 1
| #define _TANDEM_SOURCE 1
| #define __EXTENSIONS__ 1
| #define PY_SUPPORT_TIER 1
| #define STDC_HEADERS 1
| #define HAVE_ALLOCA_H 1
| #define HAVE_ASM_TYPES_H 1
| #define HAVE_DLFCN_H 1
| #define HAVE_ENDIAN_H 1
| #define HAVE_ERRNO_H 1
| #define HAVE_FCNTL_H 1
| #define HAVE_GRP_H 1
| #define HAVE_LANGINFO_H 1
| #define HAVE_LIBINTL_H 1
| #define HAVE_LINUX_AUXVEC_H 1
| #define HAVE_SYS_AUXV_H 1
| #define HAVE_LINUX_FS_H 1
| #define HAVE_LINUX_LIMITS_H 1
| #define HAVE_LINUX_MEMFD_H 1
| #define HAVE_LINUX_RANDOM_H 1
| #define HAVE_LINUX_SOUNDCARD_H 1
| #define HAVE_LINUX_TIPC_H 1
| #define HAVE_LINUX_WAIT_H 1
| #define HAVE_NETDB_H 1
| #define HAVE_NET_ETHERNET_H 1
| #define HAVE_NETINET_IN_H 1
| #define HAVE_NETPACKET_PACKET_H 1
| #define HAVE_POLL_H 1
| #define HAVE_PTHREAD_H 1
| #define HAVE_PTY_H 1
| #define HAVE_SCHED_H 1
| #define HAVE_SETJMP_H 1
| #define HAVE_SHADOW_H 1
| #define HAVE_SIGNAL_H 1
| #define HAVE_SPAWN_H 1
| #define HAVE_SYS_EPOLL_H 1
| #define HAVE_SYS_EVENTFD_H 1
| #define HAVE_SYS_FILE_H 1
| #define HAVE_SYS_IOCTL_H 1
| #define HAVE_SYS_MMAN_H 1
| #define HAVE_SYS_PARAM_H 1
| #define HAVE_SYS_POLL_H 1
| #define HAVE_SYS_RANDOM_H 1
| #define HAVE_SYS_RESOURCE_H 1
| #define HAVE_SYS_SELECT_H 1
| #define HAVE_SYS_SENDFILE_H 1
| #define HAVE_SYS_SOCKET_H 1
| #define HAVE_SYS_SOUNDCARD_H 1
| #define HAVE_SYS_STAT_H 1
| #define HAVE_SYS_STATVFS_H 1
| #define HAVE_SYS_SYSCALL_H 1
| #define HAVE_SYS_SYSMACROS_H 1
| #define HAVE_SYS_TIME_H 1
| #define HAVE_SYS_TIMES_H 1
| #define HAVE_SYS_TIMERFD_H 1
| #define HAVE_SYS_TYPES_H 1
| #define HAVE_SYS_UIO_H 1
| #define HAVE_SYS_UN_H 1
| #define HAVE_SYS_UTSNAME_H 1
| #define HAVE_SYS_WAIT_H 1
| #define HAVE_SYS_XATTR_H 1
| #define HAVE_SYSEXITS_H 1
| #define HAVE_SYSLOG_H 1
| #define HAVE_TERMIOS_H 1
| #define HAVE_UTIME_H 1
| #define HAVE_UTMP_H 1
| #define HAVE_DIRENT_H 1
| #define MAJOR_IN_SYSMACROS 1
| #define HAVE_NET_IF_H 1
| #define HAVE_LINUX_NETLINK_H 1
| #define HAVE_LINUX_QRTR_H 1
| #define HAVE_LINUX_VM_SOCKETS_H 1
| #define HAVE_LINUX_CAN_H 1
| #define HAVE_LINUX_CAN_BCM_H 1
| #define HAVE_LINUX_CAN_J1939_H 1
| #define HAVE_LINUX_CAN_RAW_H 1
| #define HAVE_CLOCK_T 1
| #define HAVE_MAKEDEV 1
| #define HAVE_HTOLE64 1
| #define _LARGEFILE_SOURCE 1
| #define _FILE_OFFSET_BITS 64
| #if defined(SCO_DS)
| #undef _OFF_T
| #endif
| #define RETSIGTYPE void
| #define HAVE_SSIZE_T 1
| /* end confdefs.h.  */
| #include <stddef.h>
| #ifdef HAVE_STDIO_H
| # include <stdio.h>
| #endif
| #ifdef HAVE_STDLIB_H
| # include <stdlib.h>
| #endif
| #ifdef HAVE_STRING_H
| # include <string.h>
| #endif
| #ifdef HAVE_INTTYPES_H
| # include <inttypes.h>
| #endif
| #ifdef HAVE_STDINT_H
| # include <stdint.h>
| #endif
| #ifdef HAVE_STRINGS_H
| # include <strings.h>
| #endif
| #ifdef HAVE_SYS_TYPES_H
| # include <sys/types.h>
| #endif
| #ifdef HAVE_SYS_STAT_H
| # include <sys/stat.h>
| #endif
| #ifdef HAVE_UNISTD_H
| # include <unistd.h>
| #endif
| int
| main (void)
| {
| if (sizeof ((__uint128_t)))
| 	    return 0;
|   ;
|   return 0;
| }
configure:11770: result: yes
configure:11788: checking size of int
configure:11794: gcc -o conftest    conftest.c  >&5
configure:11794: $? = 0
configure:11794: ./conftest
configure:11794: $? = 0
configure:11809: result: 4
configure:11821: checking size of long
configure:11827: gcc -o conftest    conftest.c  >&5
configure:11827: $? = 0
configure:11827: ./conftest
configure:11827: $? = 0
configure:11842: result: 8
configure:11852: checking alignment of long
configure:11858: gcc -o conftest    conftest.c  >&5
configure:11858: $? = 0
configure:11858: ./conftest
configure:11858: $? = 0
configure:11874: result: 8
configure:11886: checking size of long long
configure:11892: gcc -o conftest    conftest.c  >&5
configure:11892: $? = 0
configure:11892: ./conftest
configure:11892: $? = 0
configure:11907: result: 8
configure:11919: checking size of void *
configure:11925: gcc -o conftest    conftest.c  >&5
configure:11925: $? = 0
configure:11925: ./conftest
configure:11925: $? = 0
configure:11940: result: 8
configure:11952: checking size of short
configure:11958: gcc -o conftest    conftest.c  >&5
configure:11958: $? = 0
configure:11958: ./conftest
configure:11958: $? = 0
configure:11973: result: 2
configure:11985: checking size of float
configure:11991: gcc -o conftest    conftest.c  >&5
configure:11991: $? = 0
configure:11991: ./conftest
configure:11991: $? = 0
configure:12006: result: 4
configure:12018: checking size of double
configure:12024: gcc -o conftest    conftest.c  >&5
configure:12024: $? = 0
configure:12024: ./conftest
configure:12024: $? = 0
configure:12039: result: 8
configure:12051: checking size of fpos_t
configure:12057: gcc -o conftest    conftest.c  >&5
configure:12057: $? = 0
configure:12057: ./conftest
configure:12057: $? = 0
configure:12072: result: 16
configure:12084: checking size of size_t
configure:12090: gcc -o conftest    conftest.c  >&5
configure:12090: $? = 0
configure:12090: ./conftest
configure:12090: $? = 0
configure:12105: result: 8
configure:12115: checking alignment of size_t
configure:12121: gcc -o conftest    conftest.c  >&5
configure:12121: $? = 0
configure:12121: ./conftest
configure:12121: $? = 0
configure:12137: result: 8
configure:12149: checking size of pid_t
configure:12155: gcc -o conftest    conftest.c  >&5
configure:12155: $? = 0
configure:12155: ./conftest
configure:12155: $? = 0
configure:12170: result: 4
configure:12182: checking size of uintptr_t
configure:12188: gcc -o conftest    conftest.c  >&5
configure:12188: $? = 0
configure:12188: ./conftest
configure:12188: $? = 0
configure:12203: result: 8
configure:12213: checking alignment of max_align_t
configure:12219: gcc -o conftest    conftest.c  >&5
configure:12219: $? = 0
configure:12219: ./conftest
configure:12219: $? = 0
configure:12235: result: 16
configure:12245: checking for long double
configure:12280: result: yes
configure:12292: checking size of long double
configure:12298: gcc -o conftest    conftest.c  >&5
configure:12298: $? = 0
configure:12298: ./conftest
configure:12298: $? = 0
configure:12313: result: 16
configure:12326: checking size of _Bool
configure:12332: gcc -o conftest    conftest.c  >&5
configure:12332: $? = 0
configure:12332: ./conftest
configure:12332: $? = 0
configure:12347: result: 1
configure:12360: checking size of off_t
configure:12366: gcc -o conftest    conftest.c  >&5
configure:12366: $? = 0
configure:12366: ./conftest
configure:12366: $? = 0
configure:12386: result: 8
configure:12395: checking whether to enable large file support
configure:12421: result: no
configure:12430: checking size of time_t
configure:12436: gcc -o conftest    conftest.c  >&5
configure:12436: $? = 0
configure:12436: ./conftest
configure:12436: $? = 0
configure:12459: result: 8
configure:12478: checking for pthread_t
configure:12498: gcc -c   conftest.c >&5
configure:12498: $? = 0
configure:12507: result: yes
configure:12516: checking size of pthread_t
configure:12522: gcc -o conftest    conftest.c  >&5
configure:12522: $? = 0
configure:12522: ./conftest
configure:12522: $? = 0
configure:12542: result: 8
configure:12559: checking size of pthread_key_t
configure:12565: gcc -o conftest    conftest.c  >&5
configure:12565: $? = 0
configure:12565: ./conftest
configure:12565: $? = 0
configure:12581: result: 4
configure:12589: checking whether pthread_key_t is compatible with int
configure:12608: gcc -c   conftest.c >&5
configure:12608: $? = 0
configure:12621: result: yes
configure:12634: checking for --enable-framework
configure:12651: result: no
configure:12660: checking for --with-dsymutil
configure:12679: result: no
configure:12736: checking for dyld
configure:12747: result: no
configure:12752: checking for --with-address-sanitizer
configure:12767: result: no
configure:12772: checking for --with-memory-sanitizer
configure:12826: result: no
configure:12831: checking for --with-undefined-behavior-sanitizer
configure:12846: result: no
configure:12853: checking for --with-thread-sanitizer
configure:12868: result: no
configure:12885: checking the extension of shared libraries
configure:12899: result: .so
configure:12906: checking LDSHARED
configure:13044: result: $(CC) -shared
configure:13048: checking BLDSHARED flags
configure:13051: result: $(CC) -shared
configure:13056: checking CCSHARED
configure:13095: result: -fPIC
configure:13099: checking LINKFORSHARED
configure:13170: result: -Xlinker -export-dynamic
configure:13175: checking CFLAGSFORSHARED
configure:13196: result: 
configure:13208: checking SHLIBS
configure:13214: result: $(LIBS)
configure:13217: checking perf trampoline
configure:13228: result: yes
configure:13250: checking for sendfile in -lsendfile
configure:13273: gcc -o conftest    conftest.c -lsendfile   >&5
/usr/bin/ld: cannot find -lsendfile: No such file or directory
collect2: error: ld returned 1 exit status
configure:13273: $? = 1
configure: failed program was:
| /* confdefs.h */
| #define _NETBSD_SOURCE 1
| #define __BSD_VISIBLE 1
| #define _DARWIN_C_SOURCE 1
| #define _PYTHONFRAMEWORK ""
| #define _XOPEN_SOURCE 700
| #define _XOPEN_SOURCE_EXTENDED 1
| #define _POSIX_C_SOURCE 200809L
| #define HAVE_STDIO_H 1
| #define HAVE_STDLIB_H 1
| #define HAVE_STRING_H 1
| #define HAVE_INTTYPES_H 1
| #define HAVE_STDINT_H 1
| #define HAVE_STRINGS_H 1
| #define HAVE_SYS_STAT_H 1
| #define HAVE_SYS_TYPES_H 1
| #define HAVE_UNISTD_H 1
| #define HAVE_WCHAR_H 1
| #define STDC_HEADERS 1
| #define _ALL_SOURCE 1
| #define _DARWIN_C_SOURCE 1
| #define _GNU_SOURCE 1
| #define _HPUX_ALT_XOPEN_SOCKET_API 1
| #define _NETBSD_SOURCE 1
| #define _OPENBSD_SOURCE 1
| #define _POSIX_PTHREAD_SEMANTICS 1
| #define __STDC_WANT_IEC_60559_ATTRIBS_EXT__ 1
| #define __STDC_WANT_IEC_60559_BFP_EXT__ 1
| #define __STDC_WANT_IEC_60559_DFP_EXT__ 1
| #define __STDC_WANT_IEC_60559_FUNCS_EXT__ 1
| #define __STDC_WANT_IEC_60559_TYPES_EXT__ 1
| #define __STDC_WANT_LIB_EXT2__ 1
| #define __STDC_WANT_MATH_SPEC_FUNCS__ 1
| #define _TANDEM_SOURCE 1
| #define __EXTENSIONS__ 1
| #define PY_SUPPORT_TIER 1
| #define STDC_HEADERS 1
| #define HAVE_ALLOCA_H 1
| #define HAVE_ASM_TYPES_H 1
| #define HAVE_DLFCN_H 1
| #define HAVE_ENDIAN_H 1
| #define HAVE_ERRNO_H 1
| #define HAVE_FCNTL_H 1
| #define HAVE_GRP_H 1
| #define HAVE_LANGINFO_H 1
| #define HAVE_LIBINTL_H 1
| #define HAVE_LINUX_AUXVEC_H 1
| #define HAVE_SYS_AUXV_H 1
| #define HAVE_LINUX_FS_H 1
| #define HAVE_LINUX_LIMITS_H 1
| #define HAVE_LINUX_MEMFD_H 1
| #define HAVE_LINUX_RANDOM_H 1
| #define HAVE_LINUX_SOUNDCARD_H 1
| #define HAVE_LINUX_TIPC_H 1
| #define HAVE_LINUX_WAIT_H 1
| #define HAVE_NETDB_H 1
| #define HAVE_NET_ETHERNET_H 1
| #define HAVE_NETINET_IN_H 1
| #define HAVE_NETPACKET_PACKET_H 1
| #define HAVE_POLL_H 1
| #define HAVE_PTHREAD_H 1
| #define HAVE_PTY_H 1
| #define HAVE_SCHED_H 1
| #define HAVE_SETJMP_H 1
| #define HAVE_SHADOW_H 1
| #define HAVE_SIGNAL_H 1
| #define HAVE_SPAWN_H 1
| #define HAVE_SYS_EPOLL_H 1
| #define HAVE_SYS_EVENTFD_H 1
| #define HAVE_SYS_FILE_H 1
| #define HAVE_SYS_IOCTL_H 1
| #define HAVE_SYS_MMAN_H 1
| #define HAVE_SYS_PARAM_H 1
| #define HAVE_SYS_POLL_H 1
| #define HAVE_SYS_RANDOM_H 1
| #define HAVE_SYS_RESOURCE_H 1
| #define HAVE_SYS_SELECT_H 1
| #define HAVE_SYS_SENDFILE_H 1
| #define HAVE_SYS_SOCKET_H 1
| #define HAVE_SYS_SOUNDCARD_H 1
| #define HAVE_SYS_STAT_H 1
| #define HAVE_SYS_STATVFS_H 1
| #define HAVE_SYS_SYSCALL_H 1
| #define HAVE_SYS_SYSMACROS_H 1
| #define HAVE_SYS_TIME_H 1
| #define HAVE_SYS_TIMES_H 1
| #define HAVE_SYS_TIMERFD_H 1
| #define HAVE_SYS_TYPES_H 1
| #define HAVE_SYS_UIO_H 1
| #define HAVE_SYS_UN_H 1
| #define HAVE_SYS_UTSNAME_H 1
| #define HAVE_SYS_WAIT_H 1
| #define HAVE_SYS_XATTR_H 1
| #define HAVE_SYSEXITS_H 1
| #define HAVE_SYSLOG_H 1
| #define HAVE_TERMIOS_H 1
| #define HAVE_UTIME_H 1
| #define HAVE_UTMP_H 1
| #define HAVE_DIRENT_H 1
| #define MAJOR_IN_SYSMACROS 1
| #define HAVE_NET_IF_H 1
| #define HAVE_LINUX_NETLINK_H 1
| #define HAVE_LINUX_QRTR_H 1
| #define HAVE_LINUX_VM_SOCKETS_H 1
| #define HAVE_LINUX_CAN_H 1
| #define HAVE_LINUX_CAN_BCM_H 1
| #define HAVE_LINUX_CAN_J1939_H 1
| #define HAVE_LINUX_CAN_RAW_H 1
| #define HAVE_CLOCK_T 1
| #define HAVE_MAKEDEV 1
| #define HAVE_HTOLE64 1
| #define _LARGEFILE_SOURCE 1
| #define _FILE_OFFSET_BITS 64
| #if defined(SCO_DS)
| #undef _OFF_T
| #endif
| #define RETSIGTYPE void
| #define HAVE_SSIZE_T 1
| #define HAVE___UINT128_T 1
| #define HAVE_GCC_UINT128_T 1
| #define SIZEOF_INT 4
| #define SIZEOF_LONG 8
| #define ALIGNOF_LONG 8
| #define SIZEOF_LONG_LONG 8
| #define SIZEOF_VOID_P 8
| #define SIZEOF_SHORT 2
| #define SIZEOF_FLOAT 4
| #define SIZEOF_DOUBLE 8
| #define SIZEOF_FPOS_T 16
| #define SIZEOF_SIZE_T 8
| #define ALIGNOF_SIZE_T 8
| #define SIZEOF_PID_T 4
| #define SIZEOF_UINTPTR_T 8
| #define ALIGNOF_MAX_ALIGN_T 16
| #define HAVE_LONG_DOUBLE 1
| #define SIZEOF_LONG_DOUBLE 16
| #define SIZEOF__BOOL 1
| #define SIZEOF_OFF_T 8
| #define SIZEOF_TIME_T 8
| #define SIZEOF_PTHREAD_T 8
| #define SIZEOF_PTHREAD_KEY_T 4
| #define PTHREAD_KEY_T_IS_COMPATIBLE_WITH_INT 1
| #define PY_HAVE_PERF_TRAMPOLINE 1
| /* end confdefs.h.  */
| 
| /* Override any GCC internal prototype to avoid an error.
|    Use char because int might match the return type of a GCC
|    builtin and then its argument prototype would still apply.  */
| char sendfile ();
| int
| main (void)
| {
| return sendfile ();
|   ;
|   return 0;
| }
configure:13283: result: no
configure:13293: checking for dlopen in -ldl
configure:13316: gcc -o conftest    conftest.c -ldl   >&5
configure:13316: $? = 0
configure:13326: result: yes
configure:13336: checking for shl_load in -ldld
configure:13359: gcc -o conftest    conftest.c -ldld  -ldl  >&5
/usr/bin/ld: cannot find -ldld: No such file or directory
collect2: error: ld returned 1 exit status
configure:13359: $? = 1
configure: failed program was:
| /* confdefs.h */
| #define _NETBSD_SOURCE 1
| #define __BSD_VISIBLE 1
| #define _DARWIN_C_SOURCE 1
| #define _PYTHONFRAMEWORK ""
| #define _XOPEN_SOURCE 700
| #define _XOPEN_SOURCE_EXTENDED 1
| #define _POSIX_C_SOURCE 200809L
| #define HAVE_STDIO_H 1
| #define HAVE_STDLIB_H 1
| #define HAVE_STRING_H 1
| #define HAVE_INTTYPES_H 1
| #define HAVE_STDINT_H 1
| #define HAVE_STRINGS_H 1
| #define HAVE_SYS_STAT_H 1
| #define HAVE_SYS_TYPES_H 1
| #define HAVE_UNISTD_H 1
| #define HAVE_WCHAR_H 1
| #define STDC_HEADERS 1
| #define _ALL_SOURCE 1
| #define _DARWIN_C_SOURCE 1
| #define _GNU_SOURCE 1
| #define _HPUX_ALT_XOPEN_SOCKET_API 1
| #define _NETBSD_SOURCE 1
| #define _OPENBSD_SOURCE 1
| #define _POSIX_PTHREAD_SEMANTICS 1
| #define __STDC_WANT_IEC_60559_ATTRIBS_EXT__ 1
| #define __STDC_WANT_IEC_60559_BFP_EXT__ 1
| #define __STDC_WANT_IEC_60559_DFP_EXT__ 1
| #define __STDC_WANT_IEC_60559_FUNCS_EXT__ 1
| #define __STDC_WANT_IEC_60559_TYPES_EXT__ 1
| #define __STDC_WANT_LIB_EXT2__ 1
| #define __STDC_WANT_MATH_SPEC_FUNCS__ 1
| #define _TANDEM_SOURCE 1
| #define __EXTENSIONS__ 1
| #define PY_SUPPORT_TIER 1
| #define STDC_HEADERS 1
| #define HAVE_ALLOCA_H 1
| #define HAVE_ASM_TYPES_H 1
| #define HAVE_DLFCN_H 1
| #define HAVE_ENDIAN_H 1
| #define HAVE_ERRNO_H 1
| #define HAVE_FCNTL_H 1
| #define HAVE_GRP_H 1
| #define HAVE_LANGINFO_H 1
| #define HAVE_LIBINTL_H 1
| #define HAVE_LINUX_AUXVEC_H 1
| #define HAVE_SYS_AUXV_H 1
| #define HAVE_LINUX_FS_H 1
| #define HAVE_LINUX_LIMITS_H 1
| #define HAVE_LINUX_MEMFD_H 1
| #define HAVE_LINUX_RANDOM_H 1
| #define HAVE_LINUX_SOUNDCARD_H 1
| #define HAVE_LINUX_TIPC_H 1
| #define HAVE_LINUX_WAIT_H 1
| #define HAVE_NETDB_H 1
| #define HAVE_NET_ETHERNET_H 1
| #define HAVE_NETINET_IN_H 1
| #define HAVE_NETPACKET_PACKET_H 1
| #define HAVE_POLL_H 1
| #define HAVE_PTHREAD_H 1
| #define HAVE_PTY_H 1
| #define HAVE_SCHED_H 1
| #define HAVE_SETJMP_H 1
| #define HAVE_SHADOW_H 1
| #define HAVE_SIGNAL_H 1
| #define HAVE_SPAWN_H 1
| #define HAVE_SYS_EPOLL_H 1
| #define HAVE_SYS_EVENTFD_H 1
| #define HAVE_SYS_FILE_H 1
| #define HAVE_SYS_IOCTL_H 1
| #define HAVE_SYS_MMAN_H 1
| #define HAVE_SYS_PARAM_H 1
| #define HAVE_SYS_POLL_H 1
| #define HAVE_SYS_RANDOM_H 1
| #define HAVE_SYS_RESOURCE_H 1
| #define HAVE_SYS_SELECT_H 1
| #define HAVE_SYS_SENDFILE_H 1
| #define HAVE_SYS_SOCKET_H 1
| #define HAVE_SYS_SOUNDCARD_H 1
| #define HAVE_SYS_STAT_H 1
| #define HAVE_SYS_STATVFS_H 1
| #define HAVE_SYS_SYSCALL_H 1
| #define HAVE_SYS_SYSMACROS_H 1
| #define HAVE_SYS_TIME_H 1
| #define HAVE_SYS_TIMES_H 1
| #define HAVE_SYS_TIMERFD_H 1
| #define HAVE_SYS_TYPES_H 1
| #define HAVE_SYS_UIO_H 1
| #define HAVE_SYS_UN_H 1
| #define HAVE_SYS_UTSNAME_H 1
| #define HAVE_SYS_WAIT_H 1
| #define HAVE_SYS_XATTR_H 1
| #define HAVE_SYSEXITS_H 1
| #define HAVE_SYSLOG_H 1
| #define HAVE_TERMIOS_H 1
| #define HAVE_UTIME_H 1
| #define HAVE_UTMP_H 1
| #define HAVE_DIRENT_H 1
| #define MAJOR_IN_SYSMACROS 1
| #define HAVE_NET_IF_H 1
| #define HAVE_LINUX_NETLINK_H 1
| #define HAVE_LINUX_QRTR_H 1
| #define HAVE_LINUX_VM_SOCKETS_H 1
| #define HAVE_LINUX_CAN_H 1
| #define HAVE_LINUX_CAN_BCM_H 1
| #define HAVE_LINUX_CAN_J1939_H 1
| #define HAVE_LINUX_CAN_RAW_H 1
| #define HAVE_CLOCK_T 1
| #define HAVE_MAKEDEV 1
| #define HAVE_HTOLE64 1
| #define _LARGEFILE_SOURCE 1
| #define _FILE_OFFSET_BITS 64
| #if defined(SCO_DS)
| #undef _OFF_T
| #endif
| #define RETSIGTYPE void
| #define HAVE_SSIZE_T 1
| #define HAVE___UINT128_T 1
| #define HAVE_GCC_UINT128_T 1
| #define SIZEOF_INT 4
| #define SIZEOF_LONG 8
| #define ALIGNOF_LONG 8
| #define SIZEOF_LONG_LONG 8
| #define SIZEOF_VOID_P 8
| #define SIZEOF_SHORT 2
| #define SIZEOF_FLOAT 4
| #define SIZEOF_DOUBLE 8
| #define SIZEOF_FPOS_T 16
| #define SIZEOF_SIZE_T 8
| #define ALIGNOF_SIZE_T 8
| #define SIZEOF_PID_T 4
| #define SIZEOF_UINTPTR_T 8
| #define ALIGNOF_MAX_ALIGN_T 16
| #define HAVE_LONG_DOUBLE 1
| #define SIZEOF_LONG_DOUBLE 16
| #define SIZEOF__BOOL 1
| #define SIZEOF_OFF_T 8
| #define SIZEOF_TIME_T 8
| #define SIZEOF_PTHREAD_T 8
| #define SIZEOF_PTHREAD_KEY_T 4
| #define PTHREAD_KEY_T_IS_COMPATIBLE_WITH_INT 1
| #define PY_HAVE_PERF_TRAMPOLINE 1
| #define HAVE_LIBDL 1
| /* end confdefs.h.  */
| 
| /* Override any GCC internal prototype to avoid an error.
|    Use char because int might match the return type of a GCC
|    builtin and then its argument prototype would still apply.  */
| char shl_load ();
| int
| main (void)
| {
| return shl_load ();
|   ;
|   return 0;
| }
configure:13369: result: no
configure:13388: checking for uuid.h
configure:13388: gcc -c   conftest.c >&5
conftest.c:174:10: fatal error: uuid.h: No such file or directory
  174 | #include <uuid.h>
      |          ^~~~~~~~
compilation terminated.
configure:13388: $? = 1
configure: failed program was:
| /* confdefs.h */
| #define _NETBSD_SOURCE 1
| #define __BSD_VISIBLE 1
| #define _DARWIN_C_SOURCE 1
| #define _PYTHONFRAMEWORK ""
| #define _XOPEN_SOURCE 700
| #define _XOPEN_SOURCE_EXTENDED 1
| #define _POSIX_C_SOURCE 200809L
| #define HAVE_STDIO_H 1
| #define HAVE_STDLIB_H 1
| #define HAVE_STRING_H 1
| #define HAVE_INTTYPES_H 1
| #define HAVE_STDINT_H 1
| #define HAVE_STRINGS_H 1
| #define HAVE_SYS_STAT_H 1
| #define HAVE_SYS_TYPES_H 1
| #define HAVE_UNISTD_H 1
| #define HAVE_WCHAR_H 1
| #define STDC_HEADERS 1
| #define _ALL_SOURCE 1
| #define _DARWIN_C_SOURCE 1
| #define _GNU_SOURCE 1
| #define _HPUX_ALT_XOPEN_SOCKET_API 1
| #define _NETBSD_SOURCE 1
| #define _OPENBSD_SOURCE 1
| #define _POSIX_PTHREAD_SEMANTICS 1
| #define __STDC_WANT_IEC_60559_ATTRIBS_EXT__ 1
| #define __STDC_WANT_IEC_60559_BFP_EXT__ 1
| #define __STDC_WANT_IEC_60559_DFP_EXT__ 1
| #define __STDC_WANT_IEC_60559_FUNCS_EXT__ 1
| #define __STDC_WANT_IEC_60559_TYPES_EXT__ 1
| #define __STDC_WANT_LIB_EXT2__ 1
| #define __STDC_WANT_MATH_SPEC_FUNCS__ 1
| #define _TANDEM_SOURCE 1
| #define __EXTENSIONS__ 1
| #define PY_SUPPORT_TIER 1
| #define STDC_HEADERS 1
| #define HAVE_ALLOCA_H 1
| #define HAVE_ASM_TYPES_H 1
| #define HAVE_DLFCN_H 1
| #define HAVE_ENDIAN_H 1
| #define HAVE_ERRNO_H 1
| #define HAVE_FCNTL_H 1
| #define HAVE_GRP_H 1
| #define HAVE_LANGINFO_H 1
| #define HAVE_LIBINTL_H 1
| #define HAVE_LINUX_AUXVEC_H 1
| #define HAVE_SYS_AUXV_H 1
| #define HAVE_LINUX_FS_H 1
| #define HAVE_LINUX_LIMITS_H 1
| #define HAVE_LINUX_MEMFD_H 1
| #define HAVE_LINUX_RANDOM_H 1
| #define HAVE_LINUX_SOUNDCARD_H 1
| #define HAVE_LINUX_TIPC_H 1
| #define HAVE_LINUX_WAIT_H 1
| #define HAVE_NETDB_H 1
| #define HAVE_NET_ETHERNET_H 1
| #define HAVE_NETINET_IN_H 1
| #define HAVE_NETPACKET_PACKET_H 1
| #define HAVE_POLL_H 1
| #define HAVE_PTHREAD_H 1
| #define HAVE_PTY_H 1
| #define HAVE_SCHED_H 1
| #define HAVE_SETJMP_H 1
| #define HAVE_SHADOW_H 1
| #define HAVE_SIGNAL_H 1
| #define HAVE_SPAWN_H 1
| #define HAVE_SYS_EPOLL_H 1
| #define HAVE_SYS_EVENTFD_H 1
| #define HAVE_SYS_FILE_H 1
| #define HAVE_SYS_IOCTL_H 1
| #define HAVE_SYS_MMAN_H 1
| #define HAVE_SYS_PARAM_H 1
| #define HAVE_SYS_POLL_H 1
| #define HAVE_SYS_RANDOM_H 1
| #define HAVE_SYS_RESOURCE_H 1
| #define HAVE_SYS_SELECT_H 1
| #define HAVE_SYS_SENDFILE_H 1
| #define HAVE_SYS_SOCKET_H 1
| #define HAVE_SYS_SOUNDCARD_H 1
| #define HAVE_SYS_STAT_H 1
| #define HAVE_SYS_STATVFS_H 1
| #define HAVE_SYS_SYSCALL_H 1
| #define HAVE_SYS_SYSMACROS_H 1
| #define HAVE_SYS_TIME_H 1
| #define HAVE_SYS_TIMES_H 1
| #define HAVE_SYS_TIMERFD_H 1
| #define HAVE_SYS_TYPES_H 1
| #define HAVE_SYS_UIO_H 1
| #define HAVE_SYS_UN_H 1
| #define HAVE_SYS_UTSNAME_H 1
| #define HAVE_SYS_WAIT_H 1
| #define HAVE_SYS_XATTR_H 1
| #define HAVE_SYSEXITS_H 1
| #define HAVE_SYSLOG_H 1
| #define HAVE_TERMIOS_H 1
| #define HAVE_UTIME_H 1
| #define HAVE_UTMP_H 1
| #define HAVE_DIRENT_H 1
| #define MAJOR_IN_SYSMACROS 1
| #define HAVE_NET_IF_H 1
| #define HAVE_LINUX_NETLINK_H 1
| #define HAVE_LINUX_QRTR_H 1
| #define HAVE_LINUX_VM_SOCKETS_H 1
| #define HAVE_LINUX_CAN_H 1
| #define HAVE_LINUX_CAN_BCM_H 1
| #define HAVE_LINUX_CAN_J1939_H 1
| #define HAVE_LINUX_CAN_RAW_H 1
| #define HAVE_CLOCK_T 1
| #define HAVE_MAKEDEV 1
| #define HAVE_HTOLE64 1
| #define _LARGEFILE_SOURCE 1
| #define _FILE_OFFSET_BITS 64
| #if defined(SCO_DS)
| #undef _OFF_T
| #endif
| #define RETSIGTYPE void
| #define HAVE_SSIZE_T 1
| #define HAVE___UINT128_T 1
| #define HAVE_GCC_UINT128_T 1
| #define SIZEOF_INT 4
| #define SIZEOF_LONG 8
| #define ALIGNOF_LONG 8
| #define SIZEOF_LONG_LONG 8
| #define SIZEOF_VOID_P 8
| #define SIZEOF_SHORT 2
| #define SIZEOF_FLOAT 4
| #define SIZEOF_DOUBLE 8
| #define SIZEOF_FPOS_T 16
| #define SIZEOF_SIZE_T 8
| #define ALIGNOF_SIZE_T 8
| #define SIZEOF_PID_T 4
| #define SIZEOF_UINTPTR_T 8
| #define ALIGNOF_MAX_ALIGN_T 16
| #define HAVE_LONG_DOUBLE 1
| #define SIZEOF_LONG_DOUBLE 16
| #define SIZEOF__BOOL 1
| #define SIZEOF_OFF_T 8
| #define SIZEOF_TIME_T 8
| #define SIZEOF_PTHREAD_T 8
| #define SIZEOF_PTHREAD_KEY_T 4
| #define PTHREAD_KEY_T_IS_COMPATIBLE_WITH_INT 1
| #define PY_HAVE_PERF_TRAMPOLINE 1
| #define HAVE_LIBDL 1
| /* end confdefs.h.  */
| #include <stddef.h>
| #ifdef HAVE_STDIO_H
| # include <stdio.h>
| #endif
| #ifdef HAVE_STDLIB_H
| # include <stdlib.h>
| #endif
| #ifdef HAVE_STRING_H
| # include <string.h>
| #endif
| #ifdef HAVE_INTTYPES_H
| # include <inttypes.h>
| #endif
| #ifdef HAVE_STDINT_H
| # include <stdint.h>
| #endif
| #ifdef HAVE_STRINGS_H
| # include <strings.h>
| #endif
| #ifdef HAVE_SYS_TYPES_H
| # include <sys/types.h>
| #endif
| #ifdef HAVE_SYS_STAT_H
| # include <sys/stat.h>
| #endif
| #ifdef HAVE_UNISTD_H
| # include <unistd.h>
| #endif
| #include <uuid.h>
configure:13388: result: no
configure:13419: checking for uuid >= 2.20
configure:13426: $PKG_CONFIG --exists --print-errors "uuid >= 2.20"
Package uuid was not found in the pkg-config search path.
Perhaps you should add the directory containing `uuid.pc'
to the PKG_CONFIG_PATH environment variable
No package 'uuid' found
configure:13429: $? = 1
configure:13443: $PKG_CONFIG --exists --print-errors "uuid >= 2.20"
Package uuid was not found in the pkg-config search path.
Perhaps you should add the directory containing `uuid.pc'
to the PKG_CONFIG_PATH environment variable
No package 'uuid' found
configure:13446: $? = 1
configure:13460: result: no
No package 'uuid' found
configure:13487: checking for uuid/uuid.h
configure:13487: gcc -c    conftest.c >&5
conftest.c:174:10: fatal error: uuid/uuid.h: No such file or directory
  174 | #include <uuid/uuid.h>
      |          ^~~~~~~~~~~~~
compilation terminated.
configure:13487: $? = 1
configure: failed program was:
| /* confdefs.h */
| #define _NETBSD_SOURCE 1
| #define __BSD_VISIBLE 1
| #define _DARWIN_C_SOURCE 1
| #define _PYTHONFRAMEWORK ""
| #define _XOPEN_SOURCE 700
| #define _XOPEN_SOURCE_EXTENDED 1
| #define _POSIX_C_SOURCE 200809L
| #define HAVE_STDIO_H 1
| #define HAVE_STDLIB_H 1
| #define HAVE_STRING_H 1
| #define HAVE_INTTYPES_H 1
| #define HAVE_STDINT_H 1
| #define HAVE_STRINGS_H 1
| #define HAVE_SYS_STAT_H 1
| #define HAVE_SYS_TYPES_H 1
| #define HAVE_UNISTD_H 1
| #define HAVE_WCHAR_H 1
| #define STDC_HEADERS 1
| #define _ALL_SOURCE 1
| #define _DARWIN_C_SOURCE 1
| #define _GNU_SOURCE 1
| #define _HPUX_ALT_XOPEN_SOCKET_API 1
| #define _NETBSD_SOURCE 1
| #define _OPENBSD_SOURCE 1
| #define _POSIX_PTHREAD_SEMANTICS 1
| #define __STDC_WANT_IEC_60559_ATTRIBS_EXT__ 1
| #define __STDC_WANT_IEC_60559_BFP_EXT__ 1
| #define __STDC_WANT_IEC_60559_DFP_EXT__ 1
| #define __STDC_WANT_IEC_60559_FUNCS_EXT__ 1
| #define __STDC_WANT_IEC_60559_TYPES_EXT__ 1
| #define __STDC_WANT_LIB_EXT2__ 1
| #define __STDC_WANT_MATH_SPEC_FUNCS__ 1
| #define _TANDEM_SOURCE 1
| #define __EXTENSIONS__ 1
| #define PY_SUPPORT_TIER 1
| #define STDC_HEADERS 1
| #define HAVE_ALLOCA_H 1
| #define HAVE_ASM_TYPES_H 1
| #define HAVE_DLFCN_H 1
| #define HAVE_ENDIAN_H 1
| #define HAVE_ERRNO_H 1
| #define HAVE_FCNTL_H 1
| #define HAVE_GRP_H 1
| #define HAVE_LANGINFO_H 1
| #define HAVE_LIBINTL_H 1
| #define HAVE_LINUX_AUXVEC_H 1
| #define HAVE_SYS_AUXV_H 1
| #define HAVE_LINUX_FS_H 1
| #define HAVE_LINUX_LIMITS_H 1
| #define HAVE_LINUX_MEMFD_H 1
| #define HAVE_LINUX_RANDOM_H 1
| #define HAVE_LINUX_SOUNDCARD_H 1
| #define HAVE_LINUX_TIPC_H 1
| #define HAVE_LINUX_WAIT_H 1
| #define HAVE_NETDB_H 1
| #define HAVE_NET_ETHERNET_H 1
| #define HAVE_NETINET_IN_H 1
| #define HAVE_NETPACKET_PACKET_H 1
| #define HAVE_POLL_H 1
| #define HAVE_PTHREAD_H 1
| #define HAVE_PTY_H 1
| #define HAVE_SCHED_H 1
| #define HAVE_SETJMP_H 1
| #define HAVE_SHADOW_H 1
| #define HAVE_SIGNAL_H 1
| #define HAVE_SPAWN_H 1
| #define HAVE_SYS_EPOLL_H 1
| #define HAVE_SYS_EVENTFD_H 1
| #define HAVE_SYS_FILE_H 1
| #define HAVE_SYS_IOCTL_H 1
| #define HAVE_SYS_MMAN_H 1
| #define HAVE_SYS_PARAM_H 1
| #define HAVE_SYS_POLL_H 1
| #define HAVE_SYS_RANDOM_H 1
| #define HAVE_SYS_RESOURCE_H 1
| #define HAVE_SYS_SELECT_H 1
| #define HAVE_SYS_SENDFILE_H 1
| #define HAVE_SYS_SOCKET_H 1
| #define HAVE_SYS_SOUNDCARD_H 1
| #define HAVE_SYS_STAT_H 1
| #define HAVE_SYS_STATVFS_H 1
| #define HAVE_SYS_SYSCALL_H 1
| #define HAVE_SYS_SYSMACROS_H 1
| #define HAVE_SYS_TIME_H 1
| #define HAVE_SYS_TIMES_H 1
| #define HAVE_SYS_TIMERFD_H 1
| #define HAVE_SYS_TYPES_H 1
| #define HAVE_SYS_UIO_H 1
| #define HAVE_SYS_UN_H 1
| #define HAVE_SYS_UTSNAME_H 1
| #define HAVE_SYS_WAIT_H 1
| #define HAVE_SYS_XATTR_H 1
| #define HAVE_SYSEXITS_H 1
| #define HAVE_SYSLOG_H 1
| #define HAVE_TERMIOS_H 1
| #define HAVE_UTIME_H 1
| #define HAVE_UTMP_H 1
| #define HAVE_DIRENT_H 1
| #define MAJOR_IN_SYSMACROS 1
| #define HAVE_NET_IF_H 1
| #define HAVE_LINUX_NETLINK_H 1
| #define HAVE_LINUX_QRTR_H 1
| #define HAVE_LINUX_VM_SOCKETS_H 1
| #define HAVE_LINUX_CAN_H 1
| #define HAVE_LINUX_CAN_BCM_H 1
| #define HAVE_LINUX_CAN_J1939_H 1
| #define HAVE_LINUX_CAN_RAW_H 1
| #define HAVE_CLOCK_T 1
| #define HAVE_MAKEDEV 1
| #define HAVE_HTOLE64 1
| #define _LARGEFILE_SOURCE 1
| #define _FILE_OFFSET_BITS 64
| #if defined(SCO_DS)
| #undef _OFF_T
| #endif
| #define RETSIGTYPE void
| #define HAVE_SSIZE_T 1
| #define HAVE___UINT128_T 1
| #define HAVE_GCC_UINT128_T 1
| #define SIZEOF_INT 4
| #define SIZEOF_LONG 8
| #define ALIGNOF_LONG 8
| #define SIZEOF_LONG_LONG 8
| #define SIZEOF_VOID_P 8
| #define SIZEOF_SHORT 2
| #define SIZEOF_FLOAT 4
| #define SIZEOF_DOUBLE 8
| #define SIZEOF_FPOS_T 16
| #define SIZEOF_SIZE_T 8
| #define ALIGNOF_SIZE_T 8
| #define SIZEOF_PID_T 4
| #define SIZEOF_UINTPTR_T 8
| #define ALIGNOF_MAX_ALIGN_T 16
| #define HAVE_LONG_DOUBLE 1
| #define SIZEOF_LONG_DOUBLE 16
| #define SIZEOF__BOOL 1
| #define SIZEOF_OFF_T 8
| #define SIZEOF_TIME_T 8
| #define SIZEOF_PTHREAD_T 8
| #define SIZEOF_PTHREAD_KEY_T 4
| #define PTHREAD_KEY_T_IS_COMPATIBLE_WITH_INT 1
| #define PY_HAVE_PERF_TRAMPOLINE 1
| #define HAVE_LIBDL 1
| /* end confdefs.h.  */
| #include <stddef.h>
| #ifdef HAVE_STDIO_H
| # include <stdio.h>
| #endif
| #ifdef HAVE_STDLIB_H
| # include <stdlib.h>
| #endif
| #ifdef HAVE_STRING_H
| # include <string.h>
| #endif
| #ifdef HAVE_INTTYPES_H
| # include <inttypes.h>
| #endif
| #ifdef HAVE_STDINT_H
| # include <stdint.h>
| #endif
| #ifdef HAVE_STRINGS_H
| # include <strings.h>
| #endif
| #ifdef HAVE_SYS_TYPES_H
| # include <sys/types.h>
| #endif
| #ifdef HAVE_SYS_STAT_H
| # include <sys/stat.h>
| #endif
| #ifdef HAVE_UNISTD_H
| # include <unistd.h>
| #endif
| #include <uuid/uuid.h>
configure:13487: result: no
configure:13745: checking for uuid/uuid.h
configure:13745: result: no
configure:13775: checking for library containing sem_init
configure:13805: gcc -o conftest    conftest.c -ldl  >&5
configure:13805: $? = 0
configure:13825: result: none required
configure:13836: checking for textdomain in -lintl
configure:13859: gcc -o conftest    conftest.c -lintl  -ldl  >&5
/usr/bin/ld: cannot find -lintl: No such file or directory
collect2: error: ld returned 1 exit status
configure:13859: $? = 1
configure: failed program was:
| /* confdefs.h */
| #define _NETBSD_SOURCE 1
| #define __BSD_VISIBLE 1
| #define _DARWIN_C_SOURCE 1
| #define _PYTHONFRAMEWORK ""
| #define _XOPEN_SOURCE 700
| #define _XOPEN_SOURCE_EXTENDED 1
| #define _POSIX_C_SOURCE 200809L
| #define HAVE_STDIO_H 1
| #define HAVE_STDLIB_H 1
| #define HAVE_STRING_H 1
| #define HAVE_INTTYPES_H 1
| #define HAVE_STDINT_H 1
| #define HAVE_STRINGS_H 1
| #define HAVE_SYS_STAT_H 1
| #define HAVE_SYS_TYPES_H 1
| #define HAVE_UNISTD_H 1
| #define HAVE_WCHAR_H 1
| #define STDC_HEADERS 1
| #define _ALL_SOURCE 1
| #define _DARWIN_C_SOURCE 1
| #define _GNU_SOURCE 1
| #define _HPUX_ALT_XOPEN_SOCKET_API 1
| #define _NETBSD_SOURCE 1
| #define _OPENBSD_SOURCE 1
| #define _POSIX_PTHREAD_SEMANTICS 1
| #define __STDC_WANT_IEC_60559_ATTRIBS_EXT__ 1
| #define __STDC_WANT_IEC_60559_BFP_EXT__ 1
| #define __STDC_WANT_IEC_60559_DFP_EXT__ 1
| #define __STDC_WANT_IEC_60559_FUNCS_EXT__ 1
| #define __STDC_WANT_IEC_60559_TYPES_EXT__ 1
| #define __STDC_WANT_LIB_EXT2__ 1
| #define __STDC_WANT_MATH_SPEC_FUNCS__ 1
| #define _TANDEM_SOURCE 1
| #define __EXTENSIONS__ 1
| #define PY_SUPPORT_TIER 1
| #define STDC_HEADERS 1
| #define HAVE_ALLOCA_H 1
| #define HAVE_ASM_TYPES_H 1
| #define HAVE_DLFCN_H 1
| #define HAVE_ENDIAN_H 1
| #define HAVE_ERRNO_H 1
| #define HAVE_FCNTL_H 1
| #define HAVE_GRP_H 1
| #define HAVE_LANGINFO_H 1
| #define HAVE_LIBINTL_H 1
| #define HAVE_LINUX_AUXVEC_H 1
| #define HAVE_SYS_AUXV_H 1
| #define HAVE_LINUX_FS_H 1
| #define HAVE_LINUX_LIMITS_H 1
| #define HAVE_LINUX_MEMFD_H 1
| #define HAVE_LINUX_RANDOM_H 1
| #define HAVE_LINUX_SOUNDCARD_H 1
| #define HAVE_LINUX_TIPC_H 1
| #define HAVE_LINUX_WAIT_H 1
| #define HAVE_NETDB_H 1
| #define HAVE_NET_ETHERNET_H 1
| #define HAVE_NETINET_IN_H 1
| #define HAVE_NETPACKET_PACKET_H 1
| #define HAVE_POLL_H 1
| #define HAVE_PTHREAD_H 1
| #define HAVE_PTY_H 1
| #define HAVE_SCHED_H 1
| #define HAVE_SETJMP_H 1
| #define HAVE_SHADOW_H 1
| #define HAVE_SIGNAL_H 1
| #define HAVE_SPAWN_H 1
| #define HAVE_SYS_EPOLL_H 1
| #define HAVE_SYS_EVENTFD_H 1
| #define HAVE_SYS_FILE_H 1
| #define HAVE_SYS_IOCTL_H 1
| #define HAVE_SYS_MMAN_H 1
| #define HAVE_SYS_PARAM_H 1
| #define HAVE_SYS_POLL_H 1
| #define HAVE_SYS_RANDOM_H 1
| #define HAVE_SYS_RESOURCE_H 1
| #define HAVE_SYS_SELECT_H 1
| #define HAVE_SYS_SENDFILE_H 1
| #define HAVE_SYS_SOCKET_H 1
| #define HAVE_SYS_SOUNDCARD_H 1
| #define HAVE_SYS_STAT_H 1
| #define HAVE_SYS_STATVFS_H 1
| #define HAVE_SYS_SYSCALL_H 1
| #define HAVE_SYS_SYSMACROS_H 1
| #define HAVE_SYS_TIME_H 1
| #define HAVE_SYS_TIMES_H 1
| #define HAVE_SYS_TIMERFD_H 1
| #define HAVE_SYS_TYPES_H 1
| #define HAVE_SYS_UIO_H 1
| #define HAVE_SYS_UN_H 1
| #define HAVE_SYS_UTSNAME_H 1
| #define HAVE_SYS_WAIT_H 1
| #define HAVE_SYS_XATTR_H 1
| #define HAVE_SYSEXITS_H 1
| #define HAVE_SYSLOG_H 1
| #define HAVE_TERMIOS_H 1
| #define HAVE_UTIME_H 1
| #define HAVE_UTMP_H 1
| #define HAVE_DIRENT_H 1
| #define MAJOR_IN_SYSMACROS 1
| #define HAVE_NET_IF_H 1
| #define HAVE_LINUX_NETLINK_H 1
| #define HAVE_LINUX_QRTR_H 1
| #define HAVE_LINUX_VM_SOCKETS_H 1
| #define HAVE_LINUX_CAN_H 1
| #define HAVE_LINUX_CAN_BCM_H 1
| #define HAVE_LINUX_CAN_J1939_H 1
| #define HAVE_LINUX_CAN_RAW_H 1
| #define HAVE_CLOCK_T 1
| #define HAVE_MAKEDEV 1
| #define HAVE_HTOLE64 1
| #define _LARGEFILE_SOURCE 1
| #define _FILE_OFFSET_BITS 64
| #if defined(SCO_DS)
| #undef _OFF_T
| #endif
| #define RETSIGTYPE void
| #define HAVE_SSIZE_T 1
| #define HAVE___UINT128_T 1
| #define HAVE_GCC_UINT128_T 1
| #define SIZEOF_INT 4
| #define SIZEOF_LONG 8
| #define ALIGNOF_LONG 8
| #define SIZEOF_LONG_LONG 8
| #define SIZEOF_VOID_P 8
| #define SIZEOF_SHORT 2
| #define SIZEOF_FLOAT 4
| #define SIZEOF_DOUBLE 8
| #define SIZEOF_FPOS_T 16
| #define SIZEOF_SIZE_T 8
| #define ALIGNOF_SIZE_T 8
| #define SIZEOF_PID_T 4
| #define SIZEOF_UINTPTR_T 8
| #define ALIGNOF_MAX_ALIGN_T 16
| #define HAVE_LONG_DOUBLE 1
| #define SIZEOF_LONG_DOUBLE 16
| #define SIZEOF__BOOL 1
| #define SIZEOF_OFF_T 8
| #define SIZEOF_TIME_T 8
| #define SIZEOF_PTHREAD_T 8
| #define SIZEOF_PTHREAD_KEY_T 4
| #define PTHREAD_KEY_T_IS_COMPATIBLE_WITH_INT 1
| #define PY_HAVE_PERF_TRAMPOLINE 1
| #define HAVE_LIBDL 1
| /* end confdefs.h.  */
| 
| /* Override any GCC internal prototype to avoid an error.
|    Use char because int might match the return type of a GCC
|    builtin and then its argument prototype would still apply.  */
| char textdomain ();
| int
| main (void)
| {
| return textdomain ();
|   ;
|   return 0;
| }
configure:13869: result: no
configure:13930: checking aligned memory access is required
configure:13963: gcc -o conftest    conftest.c -ldl  >&5
configure:13963: $? = 0
configure:13963: ./conftest
configure:13963: $? = 0
configure:13975: result: no
configure:13986: checking for --with-hash-algorithm
configure:14014: result: default
configure:14034: checking for --with-tzpath
configure:14055: result: "/usr/share/zoneinfo:/usr/lib/zoneinfo:/usr/share/lib/zoneinfo:/etc/zoneinfo"
configure:14062: checking for t_open in -lnsl
configure:14085: gcc -o conftest    conftest.c -lnsl  -ldl  >&5
/usr/bin/ld: /tmp/ccmAfzXx.o: in function `main':
conftest.c:(.text+0xe): undefined reference to `t_open'
collect2: error: ld returned 1 exit status
configure:14085: $? = 1
configure: failed program was:
| /* confdefs.h */
| #define _NETBSD_SOURCE 1
| #define __BSD_VISIBLE 1
| #define _DARWIN_C_SOURCE 1
| #define _PYTHONFRAMEWORK ""
| #define _XOPEN_SOURCE 700
| #define _XOPEN_SOURCE_EXTENDED 1
| #define _POSIX_C_SOURCE 200809L
| #define HAVE_STDIO_H 1
| #define HAVE_STDLIB_H 1
| #define HAVE_STRING_H 1
| #define HAVE_INTTYPES_H 1
| #define HAVE_STDINT_H 1
| #define HAVE_STRINGS_H 1
| #define HAVE_SYS_STAT_H 1
| #define HAVE_SYS_TYPES_H 1
| #define HAVE_UNISTD_H 1
| #define HAVE_WCHAR_H 1
| #define STDC_HEADERS 1
| #define _ALL_SOURCE 1
| #define _DARWIN_C_SOURCE 1
| #define _GNU_SOURCE 1
| #define _HPUX_ALT_XOPEN_SOCKET_API 1
| #define _NETBSD_SOURCE 1
| #define _OPENBSD_SOURCE 1
| #define _POSIX_PTHREAD_SEMANTICS 1
| #define __STDC_WANT_IEC_60559_ATTRIBS_EXT__ 1
| #define __STDC_WANT_IEC_60559_BFP_EXT__ 1
| #define __STDC_WANT_IEC_60559_DFP_EXT__ 1
| #define __STDC_WANT_IEC_60559_FUNCS_EXT__ 1
| #define __STDC_WANT_IEC_60559_TYPES_EXT__ 1
| #define __STDC_WANT_LIB_EXT2__ 1
| #define __STDC_WANT_MATH_SPEC_FUNCS__ 1
| #define _TANDEM_SOURCE 1
| #define __EXTENSIONS__ 1
| #define PY_SUPPORT_TIER 1
| #define STDC_HEADERS 1
| #define HAVE_ALLOCA_H 1
| #define HAVE_ASM_TYPES_H 1
| #define HAVE_DLFCN_H 1
| #define HAVE_ENDIAN_H 1
| #define HAVE_ERRNO_H 1
| #define HAVE_FCNTL_H 1
| #define HAVE_GRP_H 1
| #define HAVE_LANGINFO_H 1
| #define HAVE_LIBINTL_H 1
| #define HAVE_LINUX_AUXVEC_H 1
| #define HAVE_SYS_AUXV_H 1
| #define HAVE_LINUX_FS_H 1
| #define HAVE_LINUX_LIMITS_H 1
| #define HAVE_LINUX_MEMFD_H 1
| #define HAVE_LINUX_RANDOM_H 1
| #define HAVE_LINUX_SOUNDCARD_H 1
| #define HAVE_LINUX_TIPC_H 1
| #define HAVE_LINUX_WAIT_H 1
| #define HAVE_NETDB_H 1
| #define HAVE_NET_ETHERNET_H 1
| #define HAVE_NETINET_IN_H 1
| #define HAVE_NETPACKET_PACKET_H 1
| #define HAVE_POLL_H 1
| #define HAVE_PTHREAD_H 1
| #define HAVE_PTY_H 1
| #define HAVE_SCHED_H 1
| #define HAVE_SETJMP_H 1
| #define HAVE_SHADOW_H 1
| #define HAVE_SIGNAL_H 1
| #define HAVE_SPAWN_H 1
| #define HAVE_SYS_EPOLL_H 1
| #define HAVE_SYS_EVENTFD_H 1
| #define HAVE_SYS_FILE_H 1
| #define HAVE_SYS_IOCTL_H 1
| #define HAVE_SYS_MMAN_H 1
| #define HAVE_SYS_PARAM_H 1
| #define HAVE_SYS_POLL_H 1
| #define HAVE_SYS_RANDOM_H 1
| #define HAVE_SYS_RESOURCE_H 1
| #define HAVE_SYS_SELECT_H 1
| #define HAVE_SYS_SENDFILE_H 1
| #define HAVE_SYS_SOCKET_H 1
| #define HAVE_SYS_SOUNDCARD_H 1
| #define HAVE_SYS_STAT_H 1
| #define HAVE_SYS_STATVFS_H 1
| #define HAVE_SYS_SYSCALL_H 1
| #define HAVE_SYS_SYSMACROS_H 1
| #define HAVE_SYS_TIME_H 1
| #define HAVE_SYS_TIMES_H 1
| #define HAVE_SYS_TIMERFD_H 1
| #define HAVE_SYS_TYPES_H 1
| #define HAVE_SYS_UIO_H 1
| #define HAVE_SYS_UN_H 1
| #define HAVE_SYS_UTSNAME_H 1
| #define HAVE_SYS_WAIT_H 1
| #define HAVE_SYS_XATTR_H 1
| #define HAVE_SYSEXITS_H 1
| #define HAVE_SYSLOG_H 1
| #define HAVE_TERMIOS_H 1
| #define HAVE_UTIME_H 1
| #define HAVE_UTMP_H 1
| #define HAVE_DIRENT_H 1
| #define MAJOR_IN_SYSMACROS 1
| #define HAVE_NET_IF_H 1
| #define HAVE_LINUX_NETLINK_H 1
| #define HAVE_LINUX_QRTR_H 1
| #define HAVE_LINUX_VM_SOCKETS_H 1
| #define HAVE_LINUX_CAN_H 1
| #define HAVE_LINUX_CAN_BCM_H 1
| #define HAVE_LINUX_CAN_J1939_H 1
| #define HAVE_LINUX_CAN_RAW_H 1
| #define HAVE_CLOCK_T 1
| #define HAVE_MAKEDEV 1
| #define HAVE_HTOLE64 1
| #define _LARGEFILE_SOURCE 1
| #define _FILE_OFFSET_BITS 64
| #if defined(SCO_DS)
| #undef _OFF_T
| #endif
| #define RETSIGTYPE void
| #define HAVE_SSIZE_T 1
| #define HAVE___UINT128_T 1
| #define HAVE_GCC_UINT128_T 1
| #define SIZEOF_INT 4
| #define SIZEOF_LONG 8
| #define ALIGNOF_LONG 8
| #define SIZEOF_LONG_LONG 8
| #define SIZEOF_VOID_P 8
| #define SIZEOF_SHORT 2
| #define SIZEOF_FLOAT 4
| #define SIZEOF_DOUBLE 8
| #define SIZEOF_FPOS_T 16
| #define SIZEOF_SIZE_T 8
| #define ALIGNOF_SIZE_T 8
| #define SIZEOF_PID_T 4
| #define SIZEOF_UINTPTR_T 8
| #define ALIGNOF_MAX_ALIGN_T 16
| #define HAVE_LONG_DOUBLE 1
| #define SIZEOF_LONG_DOUBLE 16
| #define SIZEOF__BOOL 1
| #define SIZEOF_OFF_T 8
| #define SIZEOF_TIME_T 8
| #define SIZEOF_PTHREAD_T 8
| #define SIZEOF_PTHREAD_KEY_T 4
| #define PTHREAD_KEY_T_IS_COMPATIBLE_WITH_INT 1
| #define PY_HAVE_PERF_TRAMPOLINE 1
| #define HAVE_LIBDL 1
| /* end confdefs.h.  */
| 
| /* Override any GCC internal prototype to avoid an error.
|    Use char because int might match the return type of a GCC
|    builtin and then its argument prototype would still apply.  */
| char t_open ();
| int
| main (void)
| {
| return t_open ();
|   ;
|   return 0;
| }
configure:14095: result: no
configure:14102: checking for socket in -lsocket
configure:14125: gcc -o conftest    conftest.c -lsocket -ldl  -ldl  >&5
/usr/bin/ld: cannot find -lsocket: No such file or directory
collect2: error: ld returned 1 exit status
configure:14125: $? = 1
configure: failed program was:
| /* confdefs.h */
| #define _NETBSD_SOURCE 1
| #define __BSD_VISIBLE 1
| #define _DARWIN_C_SOURCE 1
| #define _PYTHONFRAMEWORK ""
| #define _XOPEN_SOURCE 700
| #define _XOPEN_SOURCE_EXTENDED 1
| #define _POSIX_C_SOURCE 200809L
| #define HAVE_STDIO_H 1
| #define HAVE_STDLIB_H 1
| #define HAVE_STRING_H 1
| #define HAVE_INTTYPES_H 1
| #define HAVE_STDINT_H 1
| #define HAVE_STRINGS_H 1
| #define HAVE_SYS_STAT_H 1
| #define HAVE_SYS_TYPES_H 1
| #define HAVE_UNISTD_H 1
| #define HAVE_WCHAR_H 1
| #define STDC_HEADERS 1
| #define _ALL_SOURCE 1
| #define _DARWIN_C_SOURCE 1
| #define _GNU_SOURCE 1
| #define _HPUX_ALT_XOPEN_SOCKET_API 1
| #define _NETBSD_SOURCE 1
| #define _OPENBSD_SOURCE 1
| #define _POSIX_PTHREAD_SEMANTICS 1
| #define __STDC_WANT_IEC_60559_ATTRIBS_EXT__ 1
| #define __STDC_WANT_IEC_60559_BFP_EXT__ 1
| #define __STDC_WANT_IEC_60559_DFP_EXT__ 1
| #define __STDC_WANT_IEC_60559_FUNCS_EXT__ 1
| #define __STDC_WANT_IEC_60559_TYPES_EXT__ 1
| #define __STDC_WANT_LIB_EXT2__ 1
| #define __STDC_WANT_MATH_SPEC_FUNCS__ 1
| #define _TANDEM_SOURCE 1
| #define __EXTENSIONS__ 1
| #define PY_SUPPORT_TIER 1
| #define STDC_HEADERS 1
| #define HAVE_ALLOCA_H 1
| #define HAVE_ASM_TYPES_H 1
| #define HAVE_DLFCN_H 1
| #define HAVE_ENDIAN_H 1
| #define HAVE_ERRNO_H 1
| #define HAVE_FCNTL_H 1
| #define HAVE_GRP_H 1
| #define HAVE_LANGINFO_H 1
| #define HAVE_LIBINTL_H 1
| #define HAVE_LINUX_AUXVEC_H 1
| #define HAVE_SYS_AUXV_H 1
| #define HAVE_LINUX_FS_H 1
| #define HAVE_LINUX_LIMITS_H 1
| #define HAVE_LINUX_MEMFD_H 1
| #define HAVE_LINUX_RANDOM_H 1
| #define HAVE_LINUX_SOUNDCARD_H 1
| #define HAVE_LINUX_TIPC_H 1
| #define HAVE_LINUX_WAIT_H 1
| #define HAVE_NETDB_H 1
| #define HAVE_NET_ETHERNET_H 1
| #define HAVE_NETINET_IN_H 1
| #define HAVE_NETPACKET_PACKET_H 1
| #define HAVE_POLL_H 1
| #define HAVE_PTHREAD_H 1
| #define HAVE_PTY_H 1
| #define HAVE_SCHED_H 1
| #define HAVE_SETJMP_H 1
| #define HAVE_SHADOW_H 1
| #define HAVE_SIGNAL_H 1
| #define HAVE_SPAWN_H 1
| #define HAVE_SYS_EPOLL_H 1
| #define HAVE_SYS_EVENTFD_H 1
| #define HAVE_SYS_FILE_H 1
| #define HAVE_SYS_IOCTL_H 1
| #define HAVE_SYS_MMAN_H 1
| #define HAVE_SYS_PARAM_H 1
| #define HAVE_SYS_POLL_H 1
| #define HAVE_SYS_RANDOM_H 1
| #define HAVE_SYS_RESOURCE_H 1
| #define HAVE_SYS_SELECT_H 1
| #define HAVE_SYS_SENDFILE_H 1
| #define HAVE_SYS_SOCKET_H 1
| #define HAVE_SYS_SOUNDCARD_H 1
| #define HAVE_SYS_STAT_H 1
| #define HAVE_SYS_STATVFS_H 1
| #define HAVE_SYS_SYSCALL_H 1
| #define HAVE_SYS_SYSMACROS_H 1
| #define HAVE_SYS_TIME_H 1
| #define HAVE_SYS_TIMES_H 1
| #define HAVE_SYS_TIMERFD_H 1
| #define HAVE_SYS_TYPES_H 1
| #define HAVE_SYS_UIO_H 1
| #define HAVE_SYS_UN_H 1
| #define HAVE_SYS_UTSNAME_H 1
| #define HAVE_SYS_WAIT_H 1
| #define HAVE_SYS_XATTR_H 1
| #define HAVE_SYSEXITS_H 1
| #define HAVE_SYSLOG_H 1
| #define HAVE_TERMIOS_H 1
| #define HAVE_UTIME_H 1
| #define HAVE_UTMP_H 1
| #define HAVE_DIRENT_H 1
| #define MAJOR_IN_SYSMACROS 1
| #define HAVE_NET_IF_H 1
| #define HAVE_LINUX_NETLINK_H 1
| #define HAVE_LINUX_QRTR_H 1
| #define HAVE_LINUX_VM_SOCKETS_H 1
| #define HAVE_LINUX_CAN_H 1
| #define HAVE_LINUX_CAN_BCM_H 1
| #define HAVE_LINUX_CAN_J1939_H 1
| #define HAVE_LINUX_CAN_RAW_H 1
| #define HAVE_CLOCK_T 1
| #define HAVE_MAKEDEV 1
| #define HAVE_HTOLE64 1
| #define _LARGEFILE_SOURCE 1
| #define _FILE_OFFSET_BITS 64
| #if defined(SCO_DS)
| #undef _OFF_T
| #endif
| #define RETSIGTYPE void
| #define HAVE_SSIZE_T 1
| #define HAVE___UINT128_T 1
| #define HAVE_GCC_UINT128_T 1
| #define SIZEOF_INT 4
| #define SIZEOF_LONG 8
| #define ALIGNOF_LONG 8
| #define SIZEOF_LONG_LONG 8
| #define SIZEOF_VOID_P 8
| #define SIZEOF_SHORT 2
| #define SIZEOF_FLOAT 4
| #define SIZEOF_DOUBLE 8
| #define SIZEOF_FPOS_T 16
| #define SIZEOF_SIZE_T 8
| #define ALIGNOF_SIZE_T 8
| #define SIZEOF_PID_T 4
| #define SIZEOF_UINTPTR_T 8
| #define ALIGNOF_MAX_ALIGN_T 16
| #define HAVE_LONG_DOUBLE 1
| #define SIZEOF_LONG_DOUBLE 16
| #define SIZEOF__BOOL 1
| #define SIZEOF_OFF_T 8
| #define SIZEOF_TIME_T 8
| #define SIZEOF_PTHREAD_T 8
| #define SIZEOF_PTHREAD_KEY_T 4
| #define PTHREAD_KEY_T_IS_COMPATIBLE_WITH_INT 1
| #define PY_HAVE_PERF_TRAMPOLINE 1
| #define HAVE_LIBDL 1
| /* end confdefs.h.  */
| 
| /* Override any GCC internal prototype to avoid an error.
|    Use char because int might match the return type of a GCC
|    builtin and then its argument prototype would still apply.  */
| char socket ();
| int
| main (void)
| {
| return socket ();
|   ;
|   return 0;
| }
configure:14135: result: no
configure:14188: checking for --with-libs
configure:14200: result: no
configure:14206: checking for --with-system-expat
configure:14218: result: no
configure:14315: checking for libffi
configure:14322: $PKG_CONFIG --exists --print-errors "libffi"
configure:14325: $? = 0
configure:14339: $PKG_CONFIG --exists --print-errors "libffi"
configure:14342: $? = 0
configure:14518: result: yes
configure:14569: checking for ffi_prep_cif_var
configure:14586: gcc -c    conftest.c >&5
configure:14586: $? = 0
configure:14595: result: yes
configure:14608: checking for ffi_prep_closure_loc
configure:14625: gcc -c    conftest.c >&5
configure:14625: $? = 0
configure:14634: result: yes
configure:14647: checking for ffi_closure_alloc
configure:14664: gcc -c    conftest.c >&5
configure:14664: $? = 0
configure:14673: result: yes
configure:14695: checking for --with-system-libmpdec
configure:14706: result: yes
configure:14715: checking for libmpdec >= 2.5.0
configure:14722: $PKG_CONFIG --exists --print-errors "libmpdec >= 2.5.0"
Package libmpdec was not found in the pkg-config search path.
Perhaps you should add the directory containing `libmpdec.pc'
to the PKG_CONFIG_PATH environment variable
No package 'libmpdec' found
configure:14725: $? = 1
configure:14739: $PKG_CONFIG --exists --print-errors "libmpdec >= 2.5.0"
Package libmpdec was not found in the pkg-config search path.
Perhaps you should add the directory containing `libmpdec.pc'
to the PKG_CONFIG_PATH environment variable
No package 'libmpdec' found
configure:14742: $? = 1
configure:14756: result: no
No package 'libmpdec' found
configure:14824: gcc -o conftest     conftest.c -ldl  -lmpdec -lm >&5
conftest.c:151:18: fatal error: mpdecimal.h: No such file or directory
  151 |         #include <mpdecimal.h>
      |                  ^~~~~~~~~~~~~
compilation terminated.
configure:14824: $? = 1
configure: failed program was:
| /* confdefs.h */
| #define _NETBSD_SOURCE 1
| #define __BSD_VISIBLE 1
| #define _DARWIN_C_SOURCE 1
| #define _PYTHONFRAMEWORK ""
| #define _XOPEN_SOURCE 700
| #define _XOPEN_SOURCE_EXTENDED 1
| #define _POSIX_C_SOURCE 200809L
| #define HAVE_STDIO_H 1
| #define HAVE_STDLIB_H 1
| #define HAVE_STRING_H 1
| #define HAVE_INTTYPES_H 1
| #define HAVE_STDINT_H 1
| #define HAVE_STRINGS_H 1
| #define HAVE_SYS_STAT_H 1
| #define HAVE_SYS_TYPES_H 1
| #define HAVE_UNISTD_H 1
| #define HAVE_WCHAR_H 1
| #define STDC_HEADERS 1
| #define _ALL_SOURCE 1
| #define _DARWIN_C_SOURCE 1
| #define _GNU_SOURCE 1
| #define _HPUX_ALT_XOPEN_SOCKET_API 1
| #define _NETBSD_SOURCE 1
| #define _OPENBSD_SOURCE 1
| #define _POSIX_PTHREAD_SEMANTICS 1
| #define __STDC_WANT_IEC_60559_ATTRIBS_EXT__ 1
| #define __STDC_WANT_IEC_60559_BFP_EXT__ 1
| #define __STDC_WANT_IEC_60559_DFP_EXT__ 1
| #define __STDC_WANT_IEC_60559_FUNCS_EXT__ 1
| #define __STDC_WANT_IEC_60559_TYPES_EXT__ 1
| #define __STDC_WANT_LIB_EXT2__ 1
| #define __STDC_WANT_MATH_SPEC_FUNCS__ 1
| #define _TANDEM_SOURCE 1
| #define __EXTENSIONS__ 1
| #define PY_SUPPORT_TIER 1
| #define STDC_HEADERS 1
| #define HAVE_ALLOCA_H 1
| #define HAVE_ASM_TYPES_H 1
| #define HAVE_DLFCN_H 1
| #define HAVE_ENDIAN_H 1
| #define HAVE_ERRNO_H 1
| #define HAVE_FCNTL_H 1
| #define HAVE_GRP_H 1
| #define HAVE_LANGINFO_H 1
| #define HAVE_LIBINTL_H 1
| #define HAVE_LINUX_AUXVEC_H 1
| #define HAVE_SYS_AUXV_H 1
| #define HAVE_LINUX_FS_H 1
| #define HAVE_LINUX_LIMITS_H 1
| #define HAVE_LINUX_MEMFD_H 1
| #define HAVE_LINUX_RANDOM_H 1
| #define HAVE_LINUX_SOUNDCARD_H 1
| #define HAVE_LINUX_TIPC_H 1
| #define HAVE_LINUX_WAIT_H 1
| #define HAVE_NETDB_H 1
| #define HAVE_NET_ETHERNET_H 1
| #define HAVE_NETINET_IN_H 1
| #define HAVE_NETPACKET_PACKET_H 1
| #define HAVE_POLL_H 1
| #define HAVE_PTHREAD_H 1
| #define HAVE_PTY_H 1
| #define HAVE_SCHED_H 1
| #define HAVE_SETJMP_H 1
| #define HAVE_SHADOW_H 1
| #define HAVE_SIGNAL_H 1
| #define HAVE_SPAWN_H 1
| #define HAVE_SYS_EPOLL_H 1
| #define HAVE_SYS_EVENTFD_H 1
| #define HAVE_SYS_FILE_H 1
| #define HAVE_SYS_IOCTL_H 1
| #define HAVE_SYS_MMAN_H 1
| #define HAVE_SYS_PARAM_H 1
| #define HAVE_SYS_POLL_H 1
| #define HAVE_SYS_RANDOM_H 1
| #define HAVE_SYS_RESOURCE_H 1
| #define HAVE_SYS_SELECT_H 1
| #define HAVE_SYS_SENDFILE_H 1
| #define HAVE_SYS_SOCKET_H 1
| #define HAVE_SYS_SOUNDCARD_H 1
| #define HAVE_SYS_STAT_H 1
| #define HAVE_SYS_STATVFS_H 1
| #define HAVE_SYS_SYSCALL_H 1
| #define HAVE_SYS_SYSMACROS_H 1
| #define HAVE_SYS_TIME_H 1
| #define HAVE_SYS_TIMES_H 1
| #define HAVE_SYS_TIMERFD_H 1
| #define HAVE_SYS_TYPES_H 1
| #define HAVE_SYS_UIO_H 1
| #define HAVE_SYS_UN_H 1
| #define HAVE_SYS_UTSNAME_H 1
| #define HAVE_SYS_WAIT_H 1
| #define HAVE_SYS_XATTR_H 1
| #define HAVE_SYSEXITS_H 1
| #define HAVE_SYSLOG_H 1
| #define HAVE_TERMIOS_H 1
| #define HAVE_UTIME_H 1
| #define HAVE_UTMP_H 1
| #define HAVE_DIRENT_H 1
| #define MAJOR_IN_SYSMACROS 1
| #define HAVE_NET_IF_H 1
| #define HAVE_LINUX_NETLINK_H 1
| #define HAVE_LINUX_QRTR_H 1
| #define HAVE_LINUX_VM_SOCKETS_H 1
| #define HAVE_LINUX_CAN_H 1
| #define HAVE_LINUX_CAN_BCM_H 1
| #define HAVE_LINUX_CAN_J1939_H 1
| #define HAVE_LINUX_CAN_RAW_H 1
| #define HAVE_CLOCK_T 1
| #define HAVE_MAKEDEV 1
| #define HAVE_HTOLE64 1
| #define _LARGEFILE_SOURCE 1
| #define _FILE_OFFSET_BITS 64
| #if defined(SCO_DS)
| #undef _OFF_T
| #endif
| #define RETSIGTYPE void
| #define HAVE_SSIZE_T 1
| #define HAVE___UINT128_T 1
| #define HAVE_GCC_UINT128_T 1
| #define SIZEOF_INT 4
| #define SIZEOF_LONG 8
| #define ALIGNOF_LONG 8
| #define SIZEOF_LONG_LONG 8
| #define SIZEOF_VOID_P 8
| #define SIZEOF_SHORT 2
| #define SIZEOF_FLOAT 4
| #define SIZEOF_DOUBLE 8
| #define SIZEOF_FPOS_T 16
| #define SIZEOF_SIZE_T 8
| #define ALIGNOF_SIZE_T 8
| #define SIZEOF_PID_T 4
| #define SIZEOF_UINTPTR_T 8
| #define ALIGNOF_MAX_ALIGN_T 16
| #define HAVE_LONG_DOUBLE 1
| #define SIZEOF_LONG_DOUBLE 16
| #define SIZEOF__BOOL 1
| #define SIZEOF_OFF_T 8
| #define SIZEOF_TIME_T 8
| #define SIZEOF_PTHREAD_T 8
| #define SIZEOF_PTHREAD_KEY_T 4
| #define PTHREAD_KEY_T_IS_COMPATIBLE_WITH_INT 1
| #define PY_HAVE_PERF_TRAMPOLINE 1
| #define HAVE_LIBDL 1
| #define HAVE_FFI_PREP_CIF_VAR 1
| #define HAVE_FFI_PREP_CLOSURE_LOC 1
| #define HAVE_FFI_CLOSURE_ALLOC 1
| /* end confdefs.h.  */
| 
| 
|         #include <mpdecimal.h>
|         #if MPD_VERSION_HEX < 0x02050000
|         #  error "mpdecimal 2.5.0 or higher required"
|         #endif
| 
| int
| main (void)
| {
| const char *x = mpd_version();
|   ;
|   return 0;
| }
configure:14846: WARNING: no system libmpdecimal found; falling back to bundled libmpdecimal (deprecated and scheduled for removal in Python 3.15)
configure:14862: checking for --with-decimal-contextvar
configure:14881: result: yes
configure:14887: checking for decimal libmpdec machine
configure:14927: result: uint128
configure:14984: checking for sqlite3 >= 3.15.2
configure:14991: $PKG_CONFIG --exists --print-errors "sqlite3 >= 3.15.2"
configure:14994: $? = 0
configure:15008: $PKG_CONFIG --exists --print-errors "sqlite3 >= 3.15.2"
configure:15011: $? = 0
configure:15057: result: yes
configure:15074: checking for sqlite3.h
configure:15074: gcc -c    -I$(srcdir)/Modules/_sqlite conftest.c >&5
configure:15074: $? = 0
configure:15074: result: yes
configure:15098: gcc -c    -I$(srcdir)/Modules/_sqlite conftest.c >&5
configure:15098: $? = 0
configure:15103: checking for sqlite3_bind_double in -lsqlite3
configure:15126: gcc -o conftest    -I$(srcdir)/Modules/_sqlite  conftest.c -lsqlite3  -ldl  -lsqlite3 >&5
configure:15126: $? = 0
configure:15136: result: yes
configure:15152: checking for sqlite3_column_decltype in -lsqlite3
configure:15175: gcc -o conftest    -I$(srcdir)/Modules/_sqlite  conftest.c -lsqlite3  -lsqlite3 -ldl  -lsqlite3 >&5
configure:15175: $? = 0
configure:15185: result: yes
configure:15201: checking for sqlite3_column_double in -lsqlite3
configure:15224: gcc -o conftest    -I$(srcdir)/Modules/_sqlite  conftest.c -lsqlite3  -lsqlite3 -lsqlite3 -ldl  -lsqlite3 >&5
configure:15224: $? = 0
configure:15234: result: yes
configure:15250: checking for sqlite3_complete in -lsqlite3
configure:15273: gcc -o conftest    -I$(srcdir)/Modules/_sqlite  conftest.c -lsqlite3  -lsqlite3 -lsqlite3 -lsqlite3 -ldl  -lsqlite3 >&5
configure:15273: $? = 0
configure:15283: result: yes
configure:15299: checking for sqlite3_progress_handler in -lsqlite3
configure:15322: gcc -o conftest    -I$(srcdir)/Modules/_sqlite  conftest.c -lsqlite3  -lsqlite3 -lsqlite3 -lsqlite3 -lsqlite3 -ldl  -lsqlite3 >&5
configure:15322: $? = 0
configure:15332: result: yes
configure:15348: checking for sqlite3_result_double in -lsqlite3
configure:15371: gcc -o conftest    -I$(srcdir)/Modules/_sqlite  conftest.c -lsqlite3  -lsqlite3 -lsqlite3 -lsqlite3 -lsqlite3 -lsqlite3 -ldl  -lsqlite3 >&5
configure:15371: $? = 0
configure:15381: result: yes
configure:15397: checking for sqlite3_set_authorizer in -lsqlite3
configure:15420: gcc -o conftest    -I$(srcdir)/Modules/_sqlite  conftest.c -lsqlite3  -lsqlite3 -lsqlite3 -lsqlite3 -lsqlite3 -lsqlite3 -lsqlite3 -ldl  -lsqlite3 >&5
configure:15420: $? = 0
configure:15430: result: yes
configure:15446: checking for sqlite3_trace_v2 in -lsqlite3
configure:15469: gcc -o conftest    -I$(srcdir)/Modules/_sqlite  conftest.c -lsqlite3  -lsqlite3 -lsqlite3 -lsqlite3 -lsqlite3 -lsqlite3 -lsqlite3 -lsqlite3 -ldl  -lsqlite3 >&5
configure:15469: $? = 0
configure:15479: result: yes
configure:15545: checking for sqlite3_value_double in -lsqlite3
configure:15568: gcc -o conftest    -I$(srcdir)/Modules/_sqlite  conftest.c -lsqlite3  -lsqlite3 -lsqlite3 -lsqlite3 -lsqlite3 -lsqlite3 -lsqlite3 -lsqlite3 -lsqlite3 -ldl  -lsqlite3 >&5
configure:15568: $? = 0
configure:15578: result: yes
configure:15593: checking for sqlite3_load_extension in -lsqlite3
configure:15616: gcc -o conftest    -I$(srcdir)/Modules/_sqlite  conftest.c -lsqlite3  -lsqlite3 -lsqlite3 -lsqlite3 -lsqlite3 -lsqlite3 -lsqlite3 -lsqlite3 -lsqlite3 -lsqlite3 -ldl  -lsqlite3 >&5
configure:15616: $? = 0
configure:15626: result: yes
configure:15636: checking for sqlite3_serialize in -lsqlite3
configure:15659: gcc -o conftest    -I$(srcdir)/Modules/_sqlite  conftest.c -lsqlite3  -lsqlite3 -lsqlite3 -lsqlite3 -lsqlite3 -lsqlite3 -lsqlite3 -lsqlite3 -lsqlite3 -lsqlite3 -ldl  -lsqlite3 >&5
configure:15659: $? = 0
configure:15669: result: yes
configure:15698: checking for --enable-loadable-sqlite-extensions
configure:15724: result: no
configure:15740: $PKG_CONFIG --exists --print-errors "$_QUERY"
Package tcl was not found in the pkg-config search path.
Perhaps you should add the directory containing `tcl.pc'
to the PKG_CONFIG_PATH environment variable
No package 'tcl' found
Package tk was not found in the pkg-config search path.
Perhaps you should add the directory containing `tk.pc'
to the PKG_CONFIG_PATH environment variable
No package 'tk' found
configure:15743: $? = 1
configure:15740: $PKG_CONFIG --exists --print-errors "$_QUERY"
Package tcl8.6 was not found in the pkg-config search path.
Perhaps you should add the directory containing `tcl8.6.pc'
to the PKG_CONFIG_PATH environment variable
No package 'tcl8.6' found
Package tk8.6 was not found in the pkg-config search path.
Perhaps you should add the directory containing `tk8.6.pc'
to the PKG_CONFIG_PATH environment variable
No package 'tk8.6' found
configure:15743: $? = 1
configure:15740: $PKG_CONFIG --exists --print-errors "$_QUERY"
Package tcl86 was not found in the pkg-config search path.
Perhaps you should add the directory containing `tcl86.pc'
to the PKG_CONFIG_PATH environment variable
No package 'tcl86' found
Package tk86 was not found in the pkg-config search path.
Perhaps you should add the directory containing `tk86.pc'
to the PKG_CONFIG_PATH environment variable
No package 'tk86' found
configure:15743: $? = 1
configure:15740: $PKG_CONFIG --exists --print-errors "$_QUERY"
Package tcl8.5 was not found in the pkg-config search path.
Perhaps you should add the directory containing `tcl8.5.pc'
to the PKG_CONFIG_PATH environment variable
No package 'tcl8.5' found
Package tk8.5 was not found in the pkg-config search path.
Perhaps you should add the directory containing `tk8.5.pc'
to the PKG_CONFIG_PATH environment variable
No package 'tk8.5' found
configure:15743: $? = 1
configure:15740: $PKG_CONFIG --exists --print-errors "$_QUERY"
Package tcl85 was not found in the pkg-config search path.
Perhaps you should add the directory containing `tcl85.pc'
to the PKG_CONFIG_PATH environment variable
No package 'tcl85' found
Package tk85 was not found in the pkg-config search path.
Perhaps you should add the directory containing `tk85.pc'
to the PKG_CONFIG_PATH environment variable
No package 'tk85' found
configure:15743: $? = 1
configure:15988: gcc -o conftest     conftest.c -ldl   >&5
conftest.c:162:16: fatal error: tcl.h: No such file or directory
  162 |       #include <tcl.h>
      |                ^~~~~~~
compilation terminated.
configure:15988: $? = 1
configure: failed program was:
| /* confdefs.h */
| #define _NETBSD_SOURCE 1
| #define __BSD_VISIBLE 1
| #define _DARWIN_C_SOURCE 1
| #define _PYTHONFRAMEWORK ""
| #define _XOPEN_SOURCE 700
| #define _XOPEN_SOURCE_EXTENDED 1
| #define _POSIX_C_SOURCE 200809L
| #define HAVE_STDIO_H 1
| #define HAVE_STDLIB_H 1
| #define HAVE_STRING_H 1
| #define HAVE_INTTYPES_H 1
| #define HAVE_STDINT_H 1
| #define HAVE_STRINGS_H 1
| #define HAVE_SYS_STAT_H 1
| #define HAVE_SYS_TYPES_H 1
| #define HAVE_UNISTD_H 1
| #define HAVE_WCHAR_H 1
| #define STDC_HEADERS 1
| #define _ALL_SOURCE 1
| #define _DARWIN_C_SOURCE 1
| #define _GNU_SOURCE 1
| #define _HPUX_ALT_XOPEN_SOCKET_API 1
| #define _NETBSD_SOURCE 1
| #define _OPENBSD_SOURCE 1
| #define _POSIX_PTHREAD_SEMANTICS 1
| #define __STDC_WANT_IEC_60559_ATTRIBS_EXT__ 1
| #define __STDC_WANT_IEC_60559_BFP_EXT__ 1
| #define __STDC_WANT_IEC_60559_DFP_EXT__ 1
| #define __STDC_WANT_IEC_60559_FUNCS_EXT__ 1
| #define __STDC_WANT_IEC_60559_TYPES_EXT__ 1
| #define __STDC_WANT_LIB_EXT2__ 1
| #define __STDC_WANT_MATH_SPEC_FUNCS__ 1
| #define _TANDEM_SOURCE 1
| #define __EXTENSIONS__ 1
| #define PY_SUPPORT_TIER 1
| #define STDC_HEADERS 1
| #define HAVE_ALLOCA_H 1
| #define HAVE_ASM_TYPES_H 1
| #define HAVE_DLFCN_H 1
| #define HAVE_ENDIAN_H 1
| #define HAVE_ERRNO_H 1
| #define HAVE_FCNTL_H 1
| #define HAVE_GRP_H 1
| #define HAVE_LANGINFO_H 1
| #define HAVE_LIBINTL_H 1
| #define HAVE_LINUX_AUXVEC_H 1
| #define HAVE_SYS_AUXV_H 1
| #define HAVE_LINUX_FS_H 1
| #define HAVE_LINUX_LIMITS_H 1
| #define HAVE_LINUX_MEMFD_H 1
| #define HAVE_LINUX_RANDOM_H 1
| #define HAVE_LINUX_SOUNDCARD_H 1
| #define HAVE_LINUX_TIPC_H 1
| #define HAVE_LINUX_WAIT_H 1
| #define HAVE_NETDB_H 1
| #define HAVE_NET_ETHERNET_H 1
| #define HAVE_NETINET_IN_H 1
| #define HAVE_NETPACKET_PACKET_H 1
| #define HAVE_POLL_H 1
| #define HAVE_PTHREAD_H 1
| #define HAVE_PTY_H 1
| #define HAVE_SCHED_H 1
| #define HAVE_SETJMP_H 1
| #define HAVE_SHADOW_H 1
| #define HAVE_SIGNAL_H 1
| #define HAVE_SPAWN_H 1
| #define HAVE_SYS_EPOLL_H 1
| #define HAVE_SYS_EVENTFD_H 1
| #define HAVE_SYS_FILE_H 1
| #define HAVE_SYS_IOCTL_H 1
| #define HAVE_SYS_MMAN_H 1
| #define HAVE_SYS_PARAM_H 1
| #define HAVE_SYS_POLL_H 1
| #define HAVE_SYS_RANDOM_H 1
| #define HAVE_SYS_RESOURCE_H 1
| #define HAVE_SYS_SELECT_H 1
| #define HAVE_SYS_SENDFILE_H 1
| #define HAVE_SYS_SOCKET_H 1
| #define HAVE_SYS_SOUNDCARD_H 1
| #define HAVE_SYS_STAT_H 1
| #define HAVE_SYS_STATVFS_H 1
| #define HAVE_SYS_SYSCALL_H 1
| #define HAVE_SYS_SYSMACROS_H 1
| #define HAVE_SYS_TIME_H 1
| #define HAVE_SYS_TIMES_H 1
| #define HAVE_SYS_TIMERFD_H 1
| #define HAVE_SYS_TYPES_H 1
| #define HAVE_SYS_UIO_H 1
| #define HAVE_SYS_UN_H 1
| #define HAVE_SYS_UTSNAME_H 1
| #define HAVE_SYS_WAIT_H 1
| #define HAVE_SYS_XATTR_H 1
| #define HAVE_SYSEXITS_H 1
| #define HAVE_SYSLOG_H 1
| #define HAVE_TERMIOS_H 1
| #define HAVE_UTIME_H 1
| #define HAVE_UTMP_H 1
| #define HAVE_DIRENT_H 1
| #define MAJOR_IN_SYSMACROS 1
| #define HAVE_NET_IF_H 1
| #define HAVE_LINUX_NETLINK_H 1
| #define HAVE_LINUX_QRTR_H 1
| #define HAVE_LINUX_VM_SOCKETS_H 1
| #define HAVE_LINUX_CAN_H 1
| #define HAVE_LINUX_CAN_BCM_H 1
| #define HAVE_LINUX_CAN_J1939_H 1
| #define HAVE_LINUX_CAN_RAW_H 1
| #define HAVE_CLOCK_T 1
| #define HAVE_MAKEDEV 1
| #define HAVE_HTOLE64 1
| #define _LARGEFILE_SOURCE 1
| #define _FILE_OFFSET_BITS 64
| #if defined(SCO_DS)
| #undef _OFF_T
| #endif
| #define RETSIGTYPE void
| #define HAVE_SSIZE_T 1
| #define HAVE___UINT128_T 1
| #define HAVE_GCC_UINT128_T 1
| #define SIZEOF_INT 4
| #define SIZEOF_LONG 8
| #define ALIGNOF_LONG 8
| #define SIZEOF_LONG_LONG 8
| #define SIZEOF_VOID_P 8
| #define SIZEOF_SHORT 2
| #define SIZEOF_FLOAT 4
| #define SIZEOF_DOUBLE 8
| #define SIZEOF_FPOS_T 16
| #define SIZEOF_SIZE_T 8
| #define ALIGNOF_SIZE_T 8
| #define SIZEOF_PID_T 4
| #define SIZEOF_UINTPTR_T 8
| #define ALIGNOF_MAX_ALIGN_T 16
| #define HAVE_LONG_DOUBLE 1
| #define SIZEOF_LONG_DOUBLE 16
| #define SIZEOF__BOOL 1
| #define SIZEOF_OFF_T 8
| #define SIZEOF_TIME_T 8
| #define SIZEOF_PTHREAD_T 8
| #define SIZEOF_PTHREAD_KEY_T 4
| #define PTHREAD_KEY_T_IS_COMPATIBLE_WITH_INT 1
| #define PY_HAVE_PERF_TRAMPOLINE 1
| #define HAVE_LIBDL 1
| #define HAVE_FFI_PREP_CIF_VAR 1
| #define HAVE_FFI_PREP_CLOSURE_LOC 1
| #define HAVE_FFI_CLOSURE_ALLOC 1
| #define WITH_DECIMAL_CONTEXTVAR 1
| #define HAVE_LIBSQLITE3 1
| #define HAVE_LIBSQLITE3 1
| #define HAVE_LIBSQLITE3 1
| #define HAVE_LIBSQLITE3 1
| #define HAVE_LIBSQLITE3 1
| #define HAVE_LIBSQLITE3 1
| #define HAVE_LIBSQLITE3 1
| #define HAVE_LIBSQLITE3 1
| #define HAVE_LIBSQLITE3 1
| #define PY_SQLITE_HAVE_SERIALIZE 1
| /* end confdefs.h.  */
| 
| 
|       #include <tcl.h>
|       #include <tk.h>
|       #if defined(TK_HEX_VERSION)
|       #  if TK_HEX_VERSION < 0x0805020c
|       #    error "Tk older than 8.5.12 not supported"
|       #  endif
|       #endif
|       #if (TCL_MAJOR_VERSION < 8) ||           ((TCL_MAJOR_VERSION == 8) && (TCL_MINOR_VERSION < 5)) ||           ((TCL_MAJOR_VERSION == 8) && (TCL_MINOR_VERSION == 5) && (TCL_RELEASE_SERIAL < 12))
|       #  error "Tcl older than 8.5.12 not supported"
|       #endif
|       #if (TK_MAJOR_VERSION < 8) ||           ((TK_MAJOR_VERSION == 8) && (TK_MINOR_VERSION < 5)) ||           ((TK_MAJOR_VERSION == 8) && (TK_MINOR_VERSION == 5) && (TK_RELEASE_SERIAL < 12))
|       #  error "Tk older than 8.5.12 not supported"
|       #endif
| 
| int
| main (void)
| {
| 
|       void *x1 = Tcl_Init;
|       void *x2 = Tk_Init;
| 
|   ;
|   return 0;
| }
| 
configure:16021: checking for gdbm.h
configure:16021: gcc -c    conftest.c >&5
configure:16021: $? = 0
configure:16021: result: yes
configure:16026: checking for gdbm_open in -lgdbm
configure:16049: gcc -o conftest     conftest.c -lgdbm  -ldl   >&5
configure:16049: $? = 0
configure:16059: result: yes
configure:16087: checking for ndbm.h
configure:16087: gcc -c   conftest.c >&5
conftest.c:189:10: fatal error: ndbm.h: No such file or directory
  189 | #include <ndbm.h>
      |          ^~~~~~~~
compilation terminated.
configure:16087: $? = 1
configure: failed program was:
| /* confdefs.h */
| #define _NETBSD_SOURCE 1
| #define __BSD_VISIBLE 1
| #define _DARWIN_C_SOURCE 1
| #define _PYTHONFRAMEWORK ""
| #define _XOPEN_SOURCE 700
| #define _XOPEN_SOURCE_EXTENDED 1
| #define _POSIX_C_SOURCE 200809L
| #define HAVE_STDIO_H 1
| #define HAVE_STDLIB_H 1
| #define HAVE_STRING_H 1
| #define HAVE_INTTYPES_H 1
| #define HAVE_STDINT_H 1
| #define HAVE_STRINGS_H 1
| #define HAVE_SYS_STAT_H 1
| #define HAVE_SYS_TYPES_H 1
| #define HAVE_UNISTD_H 1
| #define HAVE_WCHAR_H 1
| #define STDC_HEADERS 1
| #define _ALL_SOURCE 1
| #define _DARWIN_C_SOURCE 1
| #define _GNU_SOURCE 1
| #define _HPUX_ALT_XOPEN_SOCKET_API 1
| #define _NETBSD_SOURCE 1
| #define _OPENBSD_SOURCE 1
| #define _POSIX_PTHREAD_SEMANTICS 1
| #define __STDC_WANT_IEC_60559_ATTRIBS_EXT__ 1
| #define __STDC_WANT_IEC_60559_BFP_EXT__ 1
| #define __STDC_WANT_IEC_60559_DFP_EXT__ 1
| #define __STDC_WANT_IEC_60559_FUNCS_EXT__ 1
| #define __STDC_WANT_IEC_60559_TYPES_EXT__ 1
| #define __STDC_WANT_LIB_EXT2__ 1
| #define __STDC_WANT_MATH_SPEC_FUNCS__ 1
| #define _TANDEM_SOURCE 1
| #define __EXTENSIONS__ 1
| #define PY_SUPPORT_TIER 1
| #define STDC_HEADERS 1
| #define HAVE_ALLOCA_H 1
| #define HAVE_ASM_TYPES_H 1
| #define HAVE_DLFCN_H 1
| #define HAVE_ENDIAN_H 1
| #define HAVE_ERRNO_H 1
| #define HAVE_FCNTL_H 1
| #define HAVE_GRP_H 1
| #define HAVE_LANGINFO_H 1
| #define HAVE_LIBINTL_H 1
| #define HAVE_LINUX_AUXVEC_H 1
| #define HAVE_SYS_AUXV_H 1
| #define HAVE_LINUX_FS_H 1
| #define HAVE_LINUX_LIMITS_H 1
| #define HAVE_LINUX_MEMFD_H 1
| #define HAVE_LINUX_RANDOM_H 1
| #define HAVE_LINUX_SOUNDCARD_H 1
| #define HAVE_LINUX_TIPC_H 1
| #define HAVE_LINUX_WAIT_H 1
| #define HAVE_NETDB_H 1
| #define HAVE_NET_ETHERNET_H 1
| #define HAVE_NETINET_IN_H 1
| #define HAVE_NETPACKET_PACKET_H 1
| #define HAVE_POLL_H 1
| #define HAVE_PTHREAD_H 1
| #define HAVE_PTY_H 1
| #define HAVE_SCHED_H 1
| #define HAVE_SETJMP_H 1
| #define HAVE_SHADOW_H 1
| #define HAVE_SIGNAL_H 1
| #define HAVE_SPAWN_H 1
| #define HAVE_SYS_EPOLL_H 1
| #define HAVE_SYS_EVENTFD_H 1
| #define HAVE_SYS_FILE_H 1
| #define HAVE_SYS_IOCTL_H 1
| #define HAVE_SYS_MMAN_H 1
| #define HAVE_SYS_PARAM_H 1
| #define HAVE_SYS_POLL_H 1
| #define HAVE_SYS_RANDOM_H 1
| #define HAVE_SYS_RESOURCE_H 1
| #define HAVE_SYS_SELECT_H 1
| #define HAVE_SYS_SENDFILE_H 1
| #define HAVE_SYS_SOCKET_H 1
| #define HAVE_SYS_SOUNDCARD_H 1
| #define HAVE_SYS_STAT_H 1
| #define HAVE_SYS_STATVFS_H 1
| #define HAVE_SYS_SYSCALL_H 1
| #define HAVE_SYS_SYSMACROS_H 1
| #define HAVE_SYS_TIME_H 1
| #define HAVE_SYS_TIMES_H 1
| #define HAVE_SYS_TIMERFD_H 1
| #define HAVE_SYS_TYPES_H 1
| #define HAVE_SYS_UIO_H 1
| #define HAVE_SYS_UN_H 1
| #define HAVE_SYS_UTSNAME_H 1
| #define HAVE_SYS_WAIT_H 1
| #define HAVE_SYS_XATTR_H 1
| #define HAVE_SYSEXITS_H 1
| #define HAVE_SYSLOG_H 1
| #define HAVE_TERMIOS_H 1
| #define HAVE_UTIME_H 1
| #define HAVE_UTMP_H 1
| #define HAVE_DIRENT_H 1
| #define MAJOR_IN_SYSMACROS 1
| #define HAVE_NET_IF_H 1
| #define HAVE_LINUX_NETLINK_H 1
| #define HAVE_LINUX_QRTR_H 1
| #define HAVE_LINUX_VM_SOCKETS_H 1
| #define HAVE_LINUX_CAN_H 1
| #define HAVE_LINUX_CAN_BCM_H 1
| #define HAVE_LINUX_CAN_J1939_H 1
| #define HAVE_LINUX_CAN_RAW_H 1
| #define HAVE_CLOCK_T 1
| #define HAVE_MAKEDEV 1
| #define HAVE_HTOLE64 1
| #define _LARGEFILE_SOURCE 1
| #define _FILE_OFFSET_BITS 64
| #if defined(SCO_DS)
| #undef _OFF_T
| #endif
| #define RETSIGTYPE void
| #define HAVE_SSIZE_T 1
| #define HAVE___UINT128_T 1
| #define HAVE_GCC_UINT128_T 1
| #define SIZEOF_INT 4
| #define SIZEOF_LONG 8
| #define ALIGNOF_LONG 8
| #define SIZEOF_LONG_LONG 8
| #define SIZEOF_VOID_P 8
| #define SIZEOF_SHORT 2
| #define SIZEOF_FLOAT 4
| #define SIZEOF_DOUBLE 8
| #define SIZEOF_FPOS_T 16
| #define SIZEOF_SIZE_T 8
| #define ALIGNOF_SIZE_T 8
| #define SIZEOF_PID_T 4
| #define SIZEOF_UINTPTR_T 8
| #define ALIGNOF_MAX_ALIGN_T 16
| #define HAVE_LONG_DOUBLE 1
| #define SIZEOF_LONG_DOUBLE 16
| #define SIZEOF__BOOL 1
| #define SIZEOF_OFF_T 8
| #define SIZEOF_TIME_T 8
| #define SIZEOF_PTHREAD_T 8
| #define SIZEOF_PTHREAD_KEY_T 4
| #define PTHREAD_KEY_T_IS_COMPATIBLE_WITH_INT 1
| #define PY_HAVE_PERF_TRAMPOLINE 1
| #define HAVE_LIBDL 1
| #define HAVE_FFI_PREP_CIF_VAR 1
| #define HAVE_FFI_PREP_CLOSURE_LOC 1
| #define HAVE_FFI_CLOSURE_ALLOC 1
| #define WITH_DECIMAL_CONTEXTVAR 1
| #define HAVE_LIBSQLITE3 1
| #define HAVE_LIBSQLITE3 1
| #define HAVE_LIBSQLITE3 1
| #define HAVE_LIBSQLITE3 1
| #define HAVE_LIBSQLITE3 1
| #define HAVE_LIBSQLITE3 1
| #define HAVE_LIBSQLITE3 1
| #define HAVE_LIBSQLITE3 1
| #define HAVE_LIBSQLITE3 1
| #define PY_SQLITE_HAVE_SERIALIZE 1
| #define HAVE_GDBM_H 1
| /* end confdefs.h.  */
| #include <stddef.h>
| #ifdef HAVE_STDIO_H
| # include <stdio.h>
| #endif
| #ifdef HAVE_STDLIB_H
| # include <stdlib.h>
| #endif
| #ifdef HAVE_STRING_H
| # include <string.h>
| #endif
| #ifdef HAVE_INTTYPES_H
| # include <inttypes.h>
| #endif
| #ifdef HAVE_STDINT_H
| # include <stdint.h>
| #endif
| #ifdef HAVE_STRINGS_H
| # include <strings.h>
| #endif
| #ifdef HAVE_SYS_TYPES_H
| # include <sys/types.h>
| #endif
| #ifdef HAVE_SYS_STAT_H
| # include <sys/stat.h>
| #endif
| #ifdef HAVE_UNISTD_H
| # include <unistd.h>
| #endif
| #include <ndbm.h>
configure:16087: result: no
configure:16169: checking for ndbm presence and linker args
configure:16188: result:  ()
configure:16197: checking for gdbm/ndbm.h
configure:16197: gcc -c   conftest.c >&5
conftest.c:189:10: fatal error: gdbm/ndbm.h: No such file or directory
  189 | #include <gdbm/ndbm.h>
      |          ^~~~~~~~~~~~~
compilation terminated.
configure:16197: $? = 1
configure: failed program was:
| /* confdefs.h */
| #define _NETBSD_SOURCE 1
| #define __BSD_VISIBLE 1
| #define _DARWIN_C_SOURCE 1
| #define _PYTHONFRAMEWORK ""
| #define _XOPEN_SOURCE 700
| #define _XOPEN_SOURCE_EXTENDED 1
| #define _POSIX_C_SOURCE 200809L
| #define HAVE_STDIO_H 1
| #define HAVE_STDLIB_H 1
| #define HAVE_STRING_H 1
| #define HAVE_INTTYPES_H 1
| #define HAVE_STDINT_H 1
| #define HAVE_STRINGS_H 1
| #define HAVE_SYS_STAT_H 1
| #define HAVE_SYS_TYPES_H 1
| #define HAVE_UNISTD_H 1
| #define HAVE_WCHAR_H 1
| #define STDC_HEADERS 1
| #define _ALL_SOURCE 1
| #define _DARWIN_C_SOURCE 1
| #define _GNU_SOURCE 1
| #define _HPUX_ALT_XOPEN_SOCKET_API 1
| #define _NETBSD_SOURCE 1
| #define _OPENBSD_SOURCE 1
| #define _POSIX_PTHREAD_SEMANTICS 1
| #define __STDC_WANT_IEC_60559_ATTRIBS_EXT__ 1
| #define __STDC_WANT_IEC_60559_BFP_EXT__ 1
| #define __STDC_WANT_IEC_60559_DFP_EXT__ 1
| #define __STDC_WANT_IEC_60559_FUNCS_EXT__ 1
| #define __STDC_WANT_IEC_60559_TYPES_EXT__ 1
| #define __STDC_WANT_LIB_EXT2__ 1
| #define __STDC_WANT_MATH_SPEC_FUNCS__ 1
| #define _TANDEM_SOURCE 1
| #define __EXTENSIONS__ 1
| #define PY_SUPPORT_TIER 1
| #define STDC_HEADERS 1
| #define HAVE_ALLOCA_H 1
| #define HAVE_ASM_TYPES_H 1
| #define HAVE_DLFCN_H 1
| #define HAVE_ENDIAN_H 1
| #define HAVE_ERRNO_H 1
| #define HAVE_FCNTL_H 1
| #define HAVE_GRP_H 1
| #define HAVE_LANGINFO_H 1
| #define HAVE_LIBINTL_H 1
| #define HAVE_LINUX_AUXVEC_H 1
| #define HAVE_SYS_AUXV_H 1
| #define HAVE_LINUX_FS_H 1
| #define HAVE_LINUX_LIMITS_H 1
| #define HAVE_LINUX_MEMFD_H 1
| #define HAVE_LINUX_RANDOM_H 1
| #define HAVE_LINUX_SOUNDCARD_H 1
| #define HAVE_LINUX_TIPC_H 1
| #define HAVE_LINUX_WAIT_H 1
| #define HAVE_NETDB_H 1
| #define HAVE_NET_ETHERNET_H 1
| #define HAVE_NETINET_IN_H 1
| #define HAVE_NETPACKET_PACKET_H 1
| #define HAVE_POLL_H 1
| #define HAVE_PTHREAD_H 1
| #define HAVE_PTY_H 1
| #define HAVE_SCHED_H 1
| #define HAVE_SETJMP_H 1
| #define HAVE_SHADOW_H 1
| #define HAVE_SIGNAL_H 1
| #define HAVE_SPAWN_H 1
| #define HAVE_SYS_EPOLL_H 1
| #define HAVE_SYS_EVENTFD_H 1
| #define HAVE_SYS_FILE_H 1
| #define HAVE_SYS_IOCTL_H 1
| #define HAVE_SYS_MMAN_H 1
| #define HAVE_SYS_PARAM_H 1
| #define HAVE_SYS_POLL_H 1
| #define HAVE_SYS_RANDOM_H 1
| #define HAVE_SYS_RESOURCE_H 1
| #define HAVE_SYS_SELECT_H 1
| #define HAVE_SYS_SENDFILE_H 1
| #define HAVE_SYS_SOCKET_H 1
| #define HAVE_SYS_SOUNDCARD_H 1
| #define HAVE_SYS_STAT_H 1
| #define HAVE_SYS_STATVFS_H 1
| #define HAVE_SYS_SYSCALL_H 1
| #define HAVE_SYS_SYSMACROS_H 1
| #define HAVE_SYS_TIME_H 1
| #define HAVE_SYS_TIMES_H 1
| #define HAVE_SYS_TIMERFD_H 1
| #define HAVE_SYS_TYPES_H 1
| #define HAVE_SYS_UIO_H 1
| #define HAVE_SYS_UN_H 1
| #define HAVE_SYS_UTSNAME_H 1
| #define HAVE_SYS_WAIT_H 1
| #define HAVE_SYS_XATTR_H 1
| #define HAVE_SYSEXITS_H 1
| #define HAVE_SYSLOG_H 1
| #define HAVE_TERMIOS_H 1
| #define HAVE_UTIME_H 1
| #define HAVE_UTMP_H 1
| #define HAVE_DIRENT_H 1
| #define MAJOR_IN_SYSMACROS 1
| #define HAVE_NET_IF_H 1
| #define HAVE_LINUX_NETLINK_H 1
| #define HAVE_LINUX_QRTR_H 1
| #define HAVE_LINUX_VM_SOCKETS_H 1
| #define HAVE_LINUX_CAN_H 1
| #define HAVE_LINUX_CAN_BCM_H 1
| #define HAVE_LINUX_CAN_J1939_H 1
| #define HAVE_LINUX_CAN_RAW_H 1
| #define HAVE_CLOCK_T 1
| #define HAVE_MAKEDEV 1
| #define HAVE_HTOLE64 1
| #define _LARGEFILE_SOURCE 1
| #define _FILE_OFFSET_BITS 64
| #if defined(SCO_DS)
| #undef _OFF_T
| #endif
| #define RETSIGTYPE void
| #define HAVE_SSIZE_T 1
| #define HAVE___UINT128_T 1
| #define HAVE_GCC_UINT128_T 1
| #define SIZEOF_INT 4
| #define SIZEOF_LONG 8
| #define ALIGNOF_LONG 8
| #define SIZEOF_LONG_LONG 8
| #define SIZEOF_VOID_P 8
| #define SIZEOF_SHORT 2
| #define SIZEOF_FLOAT 4
| #define SIZEOF_DOUBLE 8
| #define SIZEOF_FPOS_T 16
| #define SIZEOF_SIZE_T 8
| #define ALIGNOF_SIZE_T 8
| #define SIZEOF_PID_T 4
| #define SIZEOF_UINTPTR_T 8
| #define ALIGNOF_MAX_ALIGN_T 16
| #define HAVE_LONG_DOUBLE 1
| #define SIZEOF_LONG_DOUBLE 16
| #define SIZEOF__BOOL 1
| #define SIZEOF_OFF_T 8
| #define SIZEOF_TIME_T 8
| #define SIZEOF_PTHREAD_T 8
| #define SIZEOF_PTHREAD_KEY_T 4
| #define PTHREAD_KEY_T_IS_COMPATIBLE_WITH_INT 1
| #define PY_HAVE_PERF_TRAMPOLINE 1
| #define HAVE_LIBDL 1
| #define HAVE_FFI_PREP_CIF_VAR 1
| #define HAVE_FFI_PREP_CLOSURE_LOC 1
| #define HAVE_FFI_CLOSURE_ALLOC 1
| #define WITH_DECIMAL_CONTEXTVAR 1
| #define HAVE_LIBSQLITE3 1
| #define HAVE_LIBSQLITE3 1
| #define HAVE_LIBSQLITE3 1
| #define HAVE_LIBSQLITE3 1
| #define HAVE_LIBSQLITE3 1
| #define HAVE_LIBSQLITE3 1
| #define HAVE_LIBSQLITE3 1
| #define HAVE_LIBSQLITE3 1
| #define HAVE_LIBSQLITE3 1
| #define PY_SQLITE_HAVE_SERIALIZE 1
| #define HAVE_GDBM_H 1
| /* end confdefs.h.  */
| #include <stddef.h>
| #ifdef HAVE_STDIO_H
| # include <stdio.h>
| #endif
| #ifdef HAVE_STDLIB_H
| # include <stdlib.h>
| #endif
| #ifdef HAVE_STRING_H
| # include <string.h>
| #endif
| #ifdef HAVE_INTTYPES_H
| # include <inttypes.h>
| #endif
| #ifdef HAVE_STDINT_H
| # include <stdint.h>
| #endif
| #ifdef HAVE_STRINGS_H
| # include <strings.h>
| #endif
| #ifdef HAVE_SYS_TYPES_H
| # include <sys/types.h>
| #endif
| #ifdef HAVE_SYS_STAT_H
| # include <sys/stat.h>
| #endif
| #ifdef HAVE_UNISTD_H
| # include <unistd.h>
| #endif
| #include <gdbm/ndbm.h>
configure:16197: result: no
configure:16224: checking for gdbm-ndbm.h
configure:16224: gcc -c   conftest.c >&5
conftest.c:189:10: fatal error: gdbm-ndbm.h: No such file or directory
  189 | #include <gdbm-ndbm.h>
      |          ^~~~~~~~~~~~~
compilation terminated.
configure:16224: $? = 1
configure: failed program was:
| /* confdefs.h */
| #define _NETBSD_SOURCE 1
| #define __BSD_VISIBLE 1
| #define _DARWIN_C_SOURCE 1
| #define _PYTHONFRAMEWORK ""
| #define _XOPEN_SOURCE 700
| #define _XOPEN_SOURCE_EXTENDED 1
| #define _POSIX_C_SOURCE 200809L
| #define HAVE_STDIO_H 1
| #define HAVE_STDLIB_H 1
| #define HAVE_STRING_H 1
| #define HAVE_INTTYPES_H 1
| #define HAVE_STDINT_H 1
| #define HAVE_STRINGS_H 1
| #define HAVE_SYS_STAT_H 1
| #define HAVE_SYS_TYPES_H 1
| #define HAVE_UNISTD_H 1
| #define HAVE_WCHAR_H 1
| #define STDC_HEADERS 1
| #define _ALL_SOURCE 1
| #define _DARWIN_C_SOURCE 1
| #define _GNU_SOURCE 1
| #define _HPUX_ALT_XOPEN_SOCKET_API 1
| #define _NETBSD_SOURCE 1
| #define _OPENBSD_SOURCE 1
| #define _POSIX_PTHREAD_SEMANTICS 1
| #define __STDC_WANT_IEC_60559_ATTRIBS_EXT__ 1
| #define __STDC_WANT_IEC_60559_BFP_EXT__ 1
| #define __STDC_WANT_IEC_60559_DFP_EXT__ 1
| #define __STDC_WANT_IEC_60559_FUNCS_EXT__ 1
| #define __STDC_WANT_IEC_60559_TYPES_EXT__ 1
| #define __STDC_WANT_LIB_EXT2__ 1
| #define __STDC_WANT_MATH_SPEC_FUNCS__ 1
| #define _TANDEM_SOURCE 1
| #define __EXTENSIONS__ 1
| #define PY_SUPPORT_TIER 1
| #define STDC_HEADERS 1
| #define HAVE_ALLOCA_H 1
| #define HAVE_ASM_TYPES_H 1
| #define HAVE_DLFCN_H 1
| #define HAVE_ENDIAN_H 1
| #define HAVE_ERRNO_H 1
| #define HAVE_FCNTL_H 1
| #define HAVE_GRP_H 1
| #define HAVE_LANGINFO_H 1
| #define HAVE_LIBINTL_H 1
| #define HAVE_LINUX_AUXVEC_H 1
| #define HAVE_SYS_AUXV_H 1
| #define HAVE_LINUX_FS_H 1
| #define HAVE_LINUX_LIMITS_H 1
| #define HAVE_LINUX_MEMFD_H 1
| #define HAVE_LINUX_RANDOM_H 1
| #define HAVE_LINUX_SOUNDCARD_H 1
| #define HAVE_LINUX_TIPC_H 1
| #define HAVE_LINUX_WAIT_H 1
| #define HAVE_NETDB_H 1
| #define HAVE_NET_ETHERNET_H 1
| #define HAVE_NETINET_IN_H 1
| #define HAVE_NETPACKET_PACKET_H 1
| #define HAVE_POLL_H 1
| #define HAVE_PTHREAD_H 1
| #define HAVE_PTY_H 1
| #define HAVE_SCHED_H 1
| #define HAVE_SETJMP_H 1
| #define HAVE_SHADOW_H 1
| #define HAVE_SIGNAL_H 1
| #define HAVE_SPAWN_H 1
| #define HAVE_SYS_EPOLL_H 1
| #define HAVE_SYS_EVENTFD_H 1
| #define HAVE_SYS_FILE_H 1
| #define HAVE_SYS_IOCTL_H 1
| #define HAVE_SYS_MMAN_H 1
| #define HAVE_SYS_PARAM_H 1
| #define HAVE_SYS_POLL_H 1
| #define HAVE_SYS_RANDOM_H 1
| #define HAVE_SYS_RESOURCE_H 1
| #define HAVE_SYS_SELECT_H 1
| #define HAVE_SYS_SENDFILE_H 1
| #define HAVE_SYS_SOCKET_H 1
| #define HAVE_SYS_SOUNDCARD_H 1
| #define HAVE_SYS_STAT_H 1
| #define HAVE_SYS_STATVFS_H 1
| #define HAVE_SYS_SYSCALL_H 1
| #define HAVE_SYS_SYSMACROS_H 1
| #define HAVE_SYS_TIME_H 1
| #define HAVE_SYS_TIMES_H 1
| #define HAVE_SYS_TIMERFD_H 1
| #define HAVE_SYS_TYPES_H 1
| #define HAVE_SYS_UIO_H 1
| #define HAVE_SYS_UN_H 1
| #define HAVE_SYS_UTSNAME_H 1
| #define HAVE_SYS_WAIT_H 1
| #define HAVE_SYS_XATTR_H 1
| #define HAVE_SYSEXITS_H 1
| #define HAVE_SYSLOG_H 1
| #define HAVE_TERMIOS_H 1
| #define HAVE_UTIME_H 1
| #define HAVE_UTMP_H 1
| #define HAVE_DIRENT_H 1
| #define MAJOR_IN_SYSMACROS 1
| #define HAVE_NET_IF_H 1
| #define HAVE_LINUX_NETLINK_H 1
| #define HAVE_LINUX_QRTR_H 1
| #define HAVE_LINUX_VM_SOCKETS_H 1
| #define HAVE_LINUX_CAN_H 1
| #define HAVE_LINUX_CAN_BCM_H 1
| #define HAVE_LINUX_CAN_J1939_H 1
| #define HAVE_LINUX_CAN_RAW_H 1
| #define HAVE_CLOCK_T 1
| #define HAVE_MAKEDEV 1
| #define HAVE_HTOLE64 1
| #define _LARGEFILE_SOURCE 1
| #define _FILE_OFFSET_BITS 64
| #if defined(SCO_DS)
| #undef _OFF_T
| #endif
| #define RETSIGTYPE void
| #define HAVE_SSIZE_T 1
| #define HAVE___UINT128_T 1
| #define HAVE_GCC_UINT128_T 1
| #define SIZEOF_INT 4
| #define SIZEOF_LONG 8
| #define ALIGNOF_LONG 8
| #define SIZEOF_LONG_LONG 8
| #define SIZEOF_VOID_P 8
| #define SIZEOF_SHORT 2
| #define SIZEOF_FLOAT 4
| #define SIZEOF_DOUBLE 8
| #define SIZEOF_FPOS_T 16
| #define SIZEOF_SIZE_T 8
| #define ALIGNOF_SIZE_T 8
| #define SIZEOF_PID_T 4
| #define SIZEOF_UINTPTR_T 8
| #define ALIGNOF_MAX_ALIGN_T 16
| #define HAVE_LONG_DOUBLE 1
| #define SIZEOF_LONG_DOUBLE 16
| #define SIZEOF__BOOL 1
| #define SIZEOF_OFF_T 8
| #define SIZEOF_TIME_T 8
| #define SIZEOF_PTHREAD_T 8
| #define SIZEOF_PTHREAD_KEY_T 4
| #define PTHREAD_KEY_T_IS_COMPATIBLE_WITH_INT 1
| #define PY_HAVE_PERF_TRAMPOLINE 1
| #define HAVE_LIBDL 1
| #define HAVE_FFI_PREP_CIF_VAR 1
| #define HAVE_FFI_PREP_CLOSURE_LOC 1
| #define HAVE_FFI_CLOSURE_ALLOC 1
| #define WITH_DECIMAL_CONTEXTVAR 1
| #define HAVE_LIBSQLITE3 1
| #define HAVE_LIBSQLITE3 1
| #define HAVE_LIBSQLITE3 1
| #define HAVE_LIBSQLITE3 1
| #define HAVE_LIBSQLITE3 1
| #define HAVE_LIBSQLITE3 1
| #define HAVE_LIBSQLITE3 1
| #define HAVE_LIBSQLITE3 1
| #define HAVE_LIBSQLITE3 1
| #define PY_SQLITE_HAVE_SERIALIZE 1
| #define HAVE_GDBM_H 1
| /* end confdefs.h.  */
| #include <stddef.h>
| #ifdef HAVE_STDIO_H
| # include <stdio.h>
| #endif
| #ifdef HAVE_STDLIB_H
| # include <stdlib.h>
| #endif
| #ifdef HAVE_STRING_H
| # include <string.h>
| #endif
| #ifdef HAVE_INTTYPES_H
| # include <inttypes.h>
| #endif
| #ifdef HAVE_STDINT_H
| # include <stdint.h>
| #endif
| #ifdef HAVE_STRINGS_H
| # include <strings.h>
| #endif
| #ifdef HAVE_SYS_TYPES_H
| # include <sys/types.h>
| #endif
| #ifdef HAVE_SYS_STAT_H
| # include <sys/stat.h>
| #endif
| #ifdef HAVE_UNISTD_H
| # include <unistd.h>
| #endif
| #include <gdbm-ndbm.h>
configure:16224: result: no
configure:16328: checking for db.h
configure:16328: gcc -c   conftest.c >&5
conftest.c:189:10: fatal error: db.h: No such file or directory
  189 | #include <db.h>
      |          ^~~~~~
compilation terminated.
configure:16328: $? = 1
configure: failed program was:
| /* confdefs.h */
| #define _NETBSD_SOURCE 1
| #define __BSD_VISIBLE 1
| #define _DARWIN_C_SOURCE 1
| #define _PYTHONFRAMEWORK ""
| #define _XOPEN_SOURCE 700
| #define _XOPEN_SOURCE_EXTENDED 1
| #define _POSIX_C_SOURCE 200809L
| #define HAVE_STDIO_H 1
| #define HAVE_STDLIB_H 1
| #define HAVE_STRING_H 1
| #define HAVE_INTTYPES_H 1
| #define HAVE_STDINT_H 1
| #define HAVE_STRINGS_H 1
| #define HAVE_SYS_STAT_H 1
| #define HAVE_SYS_TYPES_H 1
| #define HAVE_UNISTD_H 1
| #define HAVE_WCHAR_H 1
| #define STDC_HEADERS 1
| #define _ALL_SOURCE 1
| #define _DARWIN_C_SOURCE 1
| #define _GNU_SOURCE 1
| #define _HPUX_ALT_XOPEN_SOCKET_API 1
| #define _NETBSD_SOURCE 1
| #define _OPENBSD_SOURCE 1
| #define _POSIX_PTHREAD_SEMANTICS 1
| #define __STDC_WANT_IEC_60559_ATTRIBS_EXT__ 1
| #define __STDC_WANT_IEC_60559_BFP_EXT__ 1
| #define __STDC_WANT_IEC_60559_DFP_EXT__ 1
| #define __STDC_WANT_IEC_60559_FUNCS_EXT__ 1
| #define __STDC_WANT_IEC_60559_TYPES_EXT__ 1
| #define __STDC_WANT_LIB_EXT2__ 1
| #define __STDC_WANT_MATH_SPEC_FUNCS__ 1
| #define _TANDEM_SOURCE 1
| #define __EXTENSIONS__ 1
| #define PY_SUPPORT_TIER 1
| #define STDC_HEADERS 1
| #define HAVE_ALLOCA_H 1
| #define HAVE_ASM_TYPES_H 1
| #define HAVE_DLFCN_H 1
| #define HAVE_ENDIAN_H 1
| #define HAVE_ERRNO_H 1
| #define HAVE_FCNTL_H 1
| #define HAVE_GRP_H 1
| #define HAVE_LANGINFO_H 1
| #define HAVE_LIBINTL_H 1
| #define HAVE_LINUX_AUXVEC_H 1
| #define HAVE_SYS_AUXV_H 1
| #define HAVE_LINUX_FS_H 1
| #define HAVE_LINUX_LIMITS_H 1
| #define HAVE_LINUX_MEMFD_H 1
| #define HAVE_LINUX_RANDOM_H 1
| #define HAVE_LINUX_SOUNDCARD_H 1
| #define HAVE_LINUX_TIPC_H 1
| #define HAVE_LINUX_WAIT_H 1
| #define HAVE_NETDB_H 1
| #define HAVE_NET_ETHERNET_H 1
| #define HAVE_NETINET_IN_H 1
| #define HAVE_NETPACKET_PACKET_H 1
| #define HAVE_POLL_H 1
| #define HAVE_PTHREAD_H 1
| #define HAVE_PTY_H 1
| #define HAVE_SCHED_H 1
| #define HAVE_SETJMP_H 1
| #define HAVE_SHADOW_H 1
| #define HAVE_SIGNAL_H 1
| #define HAVE_SPAWN_H 1
| #define HAVE_SYS_EPOLL_H 1
| #define HAVE_SYS_EVENTFD_H 1
| #define HAVE_SYS_FILE_H 1
| #define HAVE_SYS_IOCTL_H 1
| #define HAVE_SYS_MMAN_H 1
| #define HAVE_SYS_PARAM_H 1
| #define HAVE_SYS_POLL_H 1
| #define HAVE_SYS_RANDOM_H 1
| #define HAVE_SYS_RESOURCE_H 1
| #define HAVE_SYS_SELECT_H 1
| #define HAVE_SYS_SENDFILE_H 1
| #define HAVE_SYS_SOCKET_H 1
| #define HAVE_SYS_SOUNDCARD_H 1
| #define HAVE_SYS_STAT_H 1
| #define HAVE_SYS_STATVFS_H 1
| #define HAVE_SYS_SYSCALL_H 1
| #define HAVE_SYS_SYSMACROS_H 1
| #define HAVE_SYS_TIME_H 1
| #define HAVE_SYS_TIMES_H 1
| #define HAVE_SYS_TIMERFD_H 1
| #define HAVE_SYS_TYPES_H 1
| #define HAVE_SYS_UIO_H 1
| #define HAVE_SYS_UN_H 1
| #define HAVE_SYS_UTSNAME_H 1
| #define HAVE_SYS_WAIT_H 1
| #define HAVE_SYS_XATTR_H 1
| #define HAVE_SYSEXITS_H 1
| #define HAVE_SYSLOG_H 1
| #define HAVE_TERMIOS_H 1
| #define HAVE_UTIME_H 1
| #define HAVE_UTMP_H 1
| #define HAVE_DIRENT_H 1
| #define MAJOR_IN_SYSMACROS 1
| #define HAVE_NET_IF_H 1
| #define HAVE_LINUX_NETLINK_H 1
| #define HAVE_LINUX_QRTR_H 1
| #define HAVE_LINUX_VM_SOCKETS_H 1
| #define HAVE_LINUX_CAN_H 1
| #define HAVE_LINUX_CAN_BCM_H 1
| #define HAVE_LINUX_CAN_J1939_H 1
| #define HAVE_LINUX_CAN_RAW_H 1
| #define HAVE_CLOCK_T 1
| #define HAVE_MAKEDEV 1
| #define HAVE_HTOLE64 1
| #define _LARGEFILE_SOURCE 1
| #define _FILE_OFFSET_BITS 64
| #if defined(SCO_DS)
| #undef _OFF_T
| #endif
| #define RETSIGTYPE void
| #define HAVE_SSIZE_T 1
| #define HAVE___UINT128_T 1
| #define HAVE_GCC_UINT128_T 1
| #define SIZEOF_INT 4
| #define SIZEOF_LONG 8
| #define ALIGNOF_LONG 8
| #define SIZEOF_LONG_LONG 8
| #define SIZEOF_VOID_P 8
| #define SIZEOF_SHORT 2
| #define SIZEOF_FLOAT 4
| #define SIZEOF_DOUBLE 8
| #define SIZEOF_FPOS_T 16
| #define SIZEOF_SIZE_T 8
| #define ALIGNOF_SIZE_T 8
| #define SIZEOF_PID_T 4
| #define SIZEOF_UINTPTR_T 8
| #define ALIGNOF_MAX_ALIGN_T 16
| #define HAVE_LONG_DOUBLE 1
| #define SIZEOF_LONG_DOUBLE 16
| #define SIZEOF__BOOL 1
| #define SIZEOF_OFF_T 8
| #define SIZEOF_TIME_T 8
| #define SIZEOF_PTHREAD_T 8
| #define SIZEOF_PTHREAD_KEY_T 4
| #define PTHREAD_KEY_T_IS_COMPATIBLE_WITH_INT 1
| #define PY_HAVE_PERF_TRAMPOLINE 1
| #define HAVE_LIBDL 1
| #define HAVE_FFI_PREP_CIF_VAR 1
| #define HAVE_FFI_PREP_CLOSURE_LOC 1
| #define HAVE_FFI_CLOSURE_ALLOC 1
| #define WITH_DECIMAL_CONTEXTVAR 1
| #define HAVE_LIBSQLITE3 1
| #define HAVE_LIBSQLITE3 1
| #define HAVE_LIBSQLITE3 1
| #define HAVE_LIBSQLITE3 1
| #define HAVE_LIBSQLITE3 1
| #define HAVE_LIBSQLITE3 1
| #define HAVE_LIBSQLITE3 1
| #define HAVE_LIBSQLITE3 1
| #define HAVE_LIBSQLITE3 1
| #define PY_SQLITE_HAVE_SERIALIZE 1
| #define HAVE_GDBM_H 1
| /* end confdefs.h.  */
| #include <stddef.h>
| #ifdef HAVE_STDIO_H
| # include <stdio.h>
| #endif
| #ifdef HAVE_STDLIB_H
| # include <stdlib.h>
| #endif
| #ifdef HAVE_STRING_H
| # include <string.h>
| #endif
| #ifdef HAVE_INTTYPES_H
| # include <inttypes.h>
| #endif
| #ifdef HAVE_STDINT_H
| # include <stdint.h>
| #endif
| #ifdef HAVE_STRINGS_H
| # include <strings.h>
| #endif
| #ifdef HAVE_SYS_TYPES_H
| # include <sys/types.h>
| #endif
| #ifdef HAVE_SYS_STAT_H
| # include <sys/stat.h>
| #endif
| #ifdef HAVE_UNISTD_H
| # include <unistd.h>
| #endif
| #include <db.h>
configure:16328: result: no
configure:16398: checking for --with-dbmliborder
configure:16433: result: gdbm:ndbm:bdb
configure:16436: checking for _dbm module CFLAGS and LIBS
configure:16470: result:  
configure:16871: checking if PTHREAD_SCOPE_SYSTEM is supported
configure:16898: gcc -o conftest    conftest.c -ldl  >&5
configure:16898: $? = 0
configure:16898: ./conftest
configure:16898: $? = 0
configure:16910: result: yes
configure:16920: checking for pthread_sigmask
configure:16920: gcc -o conftest    conftest.c -ldl  >&5
configure:16920: $? = 0
configure:16920: result: yes
configure:16934: checking for pthread_getcpuclockid
configure:16934: gcc -o conftest    conftest.c -ldl  >&5
configure:16934: $? = 0
configure:16934: result: yes
configure:16954: checking if --enable-ipv6 is specified
configure:16987: gcc -c   conftest.c >&5
configure:16987: $? = 0
configure:17007: result: yes
configure:17011: checking if RFC2553 API is available
configure:17028: gcc -c   conftest.c >&5
configure:17028: $? = 0
configure:17031: result: yes
configure:17063: checking for IPV6_INRIA_VERSION defined in netinet/in.h
configure:17087: gcc -c   conftest.c >&5
conftest.c: In function 'main':
conftest.c:175:3: error: unknown type name 'choke'
  175 |   choke me
      |   ^~~~~
configure:17087: $? = 1
configure: failed program was:
| /* confdefs.h */
| #define _NETBSD_SOURCE 1
| #define __BSD_VISIBLE 1
| #define _DARWIN_C_SOURCE 1
| #define _PYTHONFRAMEWORK ""
| #define _XOPEN_SOURCE 700
| #define _XOPEN_SOURCE_EXTENDED 1
| #define _POSIX_C_SOURCE 200809L
| #define HAVE_STDIO_H 1
| #define HAVE_STDLIB_H 1
| #define HAVE_STRING_H 1
| #define HAVE_INTTYPES_H 1
| #define HAVE_STDINT_H 1
| #define HAVE_STRINGS_H 1
| #define HAVE_SYS_STAT_H 1
| #define HAVE_SYS_TYPES_H 1
| #define HAVE_UNISTD_H 1
| #define HAVE_WCHAR_H 1
| #define STDC_HEADERS 1
| #define _ALL_SOURCE 1
| #define _DARWIN_C_SOURCE 1
| #define _GNU_SOURCE 1
| #define _HPUX_ALT_XOPEN_SOCKET_API 1
| #define _NETBSD_SOURCE 1
| #define _OPENBSD_SOURCE 1
| #define _POSIX_PTHREAD_SEMANTICS 1
| #define __STDC_WANT_IEC_60559_ATTRIBS_EXT__ 1
| #define __STDC_WANT_IEC_60559_BFP_EXT__ 1
| #define __STDC_WANT_IEC_60559_DFP_EXT__ 1
| #define __STDC_WANT_IEC_60559_FUNCS_EXT__ 1
| #define __STDC_WANT_IEC_60559_TYPES_EXT__ 1
| #define __STDC_WANT_LIB_EXT2__ 1
| #define __STDC_WANT_MATH_SPEC_FUNCS__ 1
| #define _TANDEM_SOURCE 1
| #define __EXTENSIONS__ 1
| #define PY_SUPPORT_TIER 1
| #define STDC_HEADERS 1
| #define HAVE_ALLOCA_H 1
| #define HAVE_ASM_TYPES_H 1
| #define HAVE_DLFCN_H 1
| #define HAVE_ENDIAN_H 1
| #define HAVE_ERRNO_H 1
| #define HAVE_FCNTL_H 1
| #define HAVE_GRP_H 1
| #define HAVE_LANGINFO_H 1
| #define HAVE_LIBINTL_H 1
| #define HAVE_LINUX_AUXVEC_H 1
| #define HAVE_SYS_AUXV_H 1
| #define HAVE_LINUX_FS_H 1
| #define HAVE_LINUX_LIMITS_H 1
| #define HAVE_LINUX_MEMFD_H 1
| #define HAVE_LINUX_RANDOM_H 1
| #define HAVE_LINUX_SOUNDCARD_H 1
| #define HAVE_LINUX_TIPC_H 1
| #define HAVE_LINUX_WAIT_H 1
| #define HAVE_NETDB_H 1
| #define HAVE_NET_ETHERNET_H 1
| #define HAVE_NETINET_IN_H 1
| #define HAVE_NETPACKET_PACKET_H 1
| #define HAVE_POLL_H 1
| #define HAVE_PTHREAD_H 1
| #define HAVE_PTY_H 1
| #define HAVE_SCHED_H 1
| #define HAVE_SETJMP_H 1
| #define HAVE_SHADOW_H 1
| #define HAVE_SIGNAL_H 1
| #define HAVE_SPAWN_H 1
| #define HAVE_SYS_EPOLL_H 1
| #define HAVE_SYS_EVENTFD_H 1
| #define HAVE_SYS_FILE_H 1
| #define HAVE_SYS_IOCTL_H 1
| #define HAVE_SYS_MMAN_H 1
| #define HAVE_SYS_PARAM_H 1
| #define HAVE_SYS_POLL_H 1
| #define HAVE_SYS_RANDOM_H 1
| #define HAVE_SYS_RESOURCE_H 1
| #define HAVE_SYS_SELECT_H 1
| #define HAVE_SYS_SENDFILE_H 1
| #define HAVE_SYS_SOCKET_H 1
| #define HAVE_SYS_SOUNDCARD_H 1
| #define HAVE_SYS_STAT_H 1
| #define HAVE_SYS_STATVFS_H 1
| #define HAVE_SYS_SYSCALL_H 1
| #define HAVE_SYS_SYSMACROS_H 1
| #define HAVE_SYS_TIME_H 1
| #define HAVE_SYS_TIMES_H 1
| #define HAVE_SYS_TIMERFD_H 1
| #define HAVE_SYS_TYPES_H 1
| #define HAVE_SYS_UIO_H 1
| #define HAVE_SYS_UN_H 1
| #define HAVE_SYS_UTSNAME_H 1
| #define HAVE_SYS_WAIT_H 1
| #define HAVE_SYS_XATTR_H 1
| #define HAVE_SYSEXITS_H 1
| #define HAVE_SYSLOG_H 1
| #define HAVE_TERMIOS_H 1
| #define HAVE_UTIME_H 1
| #define HAVE_UTMP_H 1
| #define HAVE_DIRENT_H 1
| #define MAJOR_IN_SYSMACROS 1
| #define HAVE_NET_IF_H 1
| #define HAVE_LINUX_NETLINK_H 1
| #define HAVE_LINUX_QRTR_H 1
| #define HAVE_LINUX_VM_SOCKETS_H 1
| #define HAVE_LINUX_CAN_H 1
| #define HAVE_LINUX_CAN_BCM_H 1
| #define HAVE_LINUX_CAN_J1939_H 1
| #define HAVE_LINUX_CAN_RAW_H 1
| #define HAVE_CLOCK_T 1
| #define HAVE_MAKEDEV 1
| #define HAVE_HTOLE64 1
| #define _LARGEFILE_SOURCE 1
| #define _FILE_OFFSET_BITS 64
| #if defined(SCO_DS)
| #undef _OFF_T
| #endif
| #define RETSIGTYPE void
| #define HAVE_SSIZE_T 1
| #define HAVE___UINT128_T 1
| #define HAVE_GCC_UINT128_T 1
| #define SIZEOF_INT 4
| #define SIZEOF_LONG 8
| #define ALIGNOF_LONG 8
| #define SIZEOF_LONG_LONG 8
| #define SIZEOF_VOID_P 8
| #define SIZEOF_SHORT 2
| #define SIZEOF_FLOAT 4
| #define SIZEOF_DOUBLE 8
| #define SIZEOF_FPOS_T 16
| #define SIZEOF_SIZE_T 8
| #define ALIGNOF_SIZE_T 8
| #define SIZEOF_PID_T 4
| #define SIZEOF_UINTPTR_T 8
| #define ALIGNOF_MAX_ALIGN_T 16
| #define HAVE_LONG_DOUBLE 1
| #define SIZEOF_LONG_DOUBLE 16
| #define SIZEOF__BOOL 1
| #define SIZEOF_OFF_T 8
| #define SIZEOF_TIME_T 8
| #define SIZEOF_PTHREAD_T 8
| #define SIZEOF_PTHREAD_KEY_T 4
| #define PTHREAD_KEY_T_IS_COMPATIBLE_WITH_INT 1
| #define PY_HAVE_PERF_TRAMPOLINE 1
| #define HAVE_LIBDL 1
| #define HAVE_FFI_PREP_CIF_VAR 1
| #define HAVE_FFI_PREP_CLOSURE_LOC 1
| #define HAVE_FFI_CLOSURE_ALLOC 1
| #define WITH_DECIMAL_CONTEXTVAR 1
| #define HAVE_LIBSQLITE3 1
| #define HAVE_LIBSQLITE3 1
| #define HAVE_LIBSQLITE3 1
| #define HAVE_LIBSQLITE3 1
| #define HAVE_LIBSQLITE3 1
| #define HAVE_LIBSQLITE3 1
| #define HAVE_LIBSQLITE3 1
| #define HAVE_LIBSQLITE3 1
| #define HAVE_LIBSQLITE3 1
| #define PY_SQLITE_HAVE_SERIALIZE 1
| #define HAVE_GDBM_H 1
| #define _REENTRANT 1
| #define PTHREAD_SYSTEM_SCHED_SUPPORTED 1
| #define HAVE_PTHREAD_SIGMASK 1
| #define HAVE_PTHREAD_GETCPUCLOCKID 1
| #define ENABLE_IPV6 1
| /* end confdefs.h.  */
| #include <netinet/in.h>
| int
| main (void)
| {
| 
|   #ifdef IPV6_INRIA_VERSION
|   int ok;
|   (void)ok;
|   #else
|   choke me
|   #endif
| 
|   ;
|   return 0;
| }
configure:17095: result: no
configure:17104: checking for __KAME__ defined in netinet/in.h
configure:17128: gcc -c   conftest.c >&5
conftest.c: In function 'main':
conftest.c:175:3: error: unknown type name 'choke'
  175 |   choke me
      |   ^~~~~
configure:17128: $? = 1
configure: failed program was:
| /* confdefs.h */
| #define _NETBSD_SOURCE 1
| #define __BSD_VISIBLE 1
| #define _DARWIN_C_SOURCE 1
| #define _PYTHONFRAMEWORK ""
| #define _XOPEN_SOURCE 700
| #define _XOPEN_SOURCE_EXTENDED 1
| #define _POSIX_C_SOURCE 200809L
| #define HAVE_STDIO_H 1
| #define HAVE_STDLIB_H 1
| #define HAVE_STRING_H 1
| #define HAVE_INTTYPES_H 1
| #define HAVE_STDINT_H 1
| #define HAVE_STRINGS_H 1
| #define HAVE_SYS_STAT_H 1
| #define HAVE_SYS_TYPES_H 1
| #define HAVE_UNISTD_H 1
| #define HAVE_WCHAR_H 1
| #define STDC_HEADERS 1
| #define _ALL_SOURCE 1
| #define _DARWIN_C_SOURCE 1
| #define _GNU_SOURCE 1
| #define _HPUX_ALT_XOPEN_SOCKET_API 1
| #define _NETBSD_SOURCE 1
| #define _OPENBSD_SOURCE 1
| #define _POSIX_PTHREAD_SEMANTICS 1
| #define __STDC_WANT_IEC_60559_ATTRIBS_EXT__ 1
| #define __STDC_WANT_IEC_60559_BFP_EXT__ 1
| #define __STDC_WANT_IEC_60559_DFP_EXT__ 1
| #define __STDC_WANT_IEC_60559_FUNCS_EXT__ 1
| #define __STDC_WANT_IEC_60559_TYPES_EXT__ 1
| #define __STDC_WANT_LIB_EXT2__ 1
| #define __STDC_WANT_MATH_SPEC_FUNCS__ 1
| #define _TANDEM_SOURCE 1
| #define __EXTENSIONS__ 1
| #define PY_SUPPORT_TIER 1
| #define STDC_HEADERS 1
| #define HAVE_ALLOCA_H 1
| #define HAVE_ASM_TYPES_H 1
| #define HAVE_DLFCN_H 1
| #define HAVE_ENDIAN_H 1
| #define HAVE_ERRNO_H 1
| #define HAVE_FCNTL_H 1
| #define HAVE_GRP_H 1
| #define HAVE_LANGINFO_H 1
| #define HAVE_LIBINTL_H 1
| #define HAVE_LINUX_AUXVEC_H 1
| #define HAVE_SYS_AUXV_H 1
| #define HAVE_LINUX_FS_H 1
| #define HAVE_LINUX_LIMITS_H 1
| #define HAVE_LINUX_MEMFD_H 1
| #define HAVE_LINUX_RANDOM_H 1
| #define HAVE_LINUX_SOUNDCARD_H 1
| #define HAVE_LINUX_TIPC_H 1
| #define HAVE_LINUX_WAIT_H 1
| #define HAVE_NETDB_H 1
| #define HAVE_NET_ETHERNET_H 1
| #define HAVE_NETINET_IN_H 1
| #define HAVE_NETPACKET_PACKET_H 1
| #define HAVE_POLL_H 1
| #define HAVE_PTHREAD_H 1
| #define HAVE_PTY_H 1
| #define HAVE_SCHED_H 1
| #define HAVE_SETJMP_H 1
| #define HAVE_SHADOW_H 1
| #define HAVE_SIGNAL_H 1
| #define HAVE_SPAWN_H 1
| #define HAVE_SYS_EPOLL_H 1
| #define HAVE_SYS_EVENTFD_H 1
| #define HAVE_SYS_FILE_H 1
| #define HAVE_SYS_IOCTL_H 1
| #define HAVE_SYS_MMAN_H 1
| #define HAVE_SYS_PARAM_H 1
| #define HAVE_SYS_POLL_H 1
| #define HAVE_SYS_RANDOM_H 1
| #define HAVE_SYS_RESOURCE_H 1
| #define HAVE_SYS_SELECT_H 1
| #define HAVE_SYS_SENDFILE_H 1
| #define HAVE_SYS_SOCKET_H 1
| #define HAVE_SYS_SOUNDCARD_H 1
| #define HAVE_SYS_STAT_H 1
| #define HAVE_SYS_STATVFS_H 1
| #define HAVE_SYS_SYSCALL_H 1
| #define HAVE_SYS_SYSMACROS_H 1
| #define HAVE_SYS_TIME_H 1
| #define HAVE_SYS_TIMES_H 1
| #define HAVE_SYS_TIMERFD_H 1
| #define HAVE_SYS_TYPES_H 1
| #define HAVE_SYS_UIO_H 1
| #define HAVE_SYS_UN_H 1
| #define HAVE_SYS_UTSNAME_H 1
| #define HAVE_SYS_WAIT_H 1
| #define HAVE_SYS_XATTR_H 1
| #define HAVE_SYSEXITS_H 1
| #define HAVE_SYSLOG_H 1
| #define HAVE_TERMIOS_H 1
| #define HAVE_UTIME_H 1
| #define HAVE_UTMP_H 1
| #define HAVE_DIRENT_H 1
| #define MAJOR_IN_SYSMACROS 1
| #define HAVE_NET_IF_H 1
| #define HAVE_LINUX_NETLINK_H 1
| #define HAVE_LINUX_QRTR_H 1
| #define HAVE_LINUX_VM_SOCKETS_H 1
| #define HAVE_LINUX_CAN_H 1
| #define HAVE_LINUX_CAN_BCM_H 1
| #define HAVE_LINUX_CAN_J1939_H 1
| #define HAVE_LINUX_CAN_RAW_H 1
| #define HAVE_CLOCK_T 1
| #define HAVE_MAKEDEV 1
| #define HAVE_HTOLE64 1
| #define _LARGEFILE_SOURCE 1
| #define _FILE_OFFSET_BITS 64
| #if defined(SCO_DS)
| #undef _OFF_T
| #endif
| #define RETSIGTYPE void
| #define HAVE_SSIZE_T 1
| #define HAVE___UINT128_T 1
| #define HAVE_GCC_UINT128_T 1
| #define SIZEOF_INT 4
| #define SIZEOF_LONG 8
| #define ALIGNOF_LONG 8
| #define SIZEOF_LONG_LONG 8
| #define SIZEOF_VOID_P 8
| #define SIZEOF_SHORT 2
| #define SIZEOF_FLOAT 4
| #define SIZEOF_DOUBLE 8
| #define SIZEOF_FPOS_T 16
| #define SIZEOF_SIZE_T 8
| #define ALIGNOF_SIZE_T 8
| #define SIZEOF_PID_T 4
| #define SIZEOF_UINTPTR_T 8
| #define ALIGNOF_MAX_ALIGN_T 16
| #define HAVE_LONG_DOUBLE 1
| #define SIZEOF_LONG_DOUBLE 16
| #define SIZEOF__BOOL 1
| #define SIZEOF_OFF_T 8
| #define SIZEOF_TIME_T 8
| #define SIZEOF_PTHREAD_T 8
| #define SIZEOF_PTHREAD_KEY_T 4
| #define PTHREAD_KEY_T_IS_COMPATIBLE_WITH_INT 1
| #define PY_HAVE_PERF_TRAMPOLINE 1
| #define HAVE_LIBDL 1
| #define HAVE_FFI_PREP_CIF_VAR 1
| #define HAVE_FFI_PREP_CLOSURE_LOC 1
| #define HAVE_FFI_CLOSURE_ALLOC 1
| #define WITH_DECIMAL_CONTEXTVAR 1
| #define HAVE_LIBSQLITE3 1
| #define HAVE_LIBSQLITE3 1
| #define HAVE_LIBSQLITE3 1
| #define HAVE_LIBSQLITE3 1
| #define HAVE_LIBSQLITE3 1
| #define HAVE_LIBSQLITE3 1
| #define HAVE_LIBSQLITE3 1
| #define HAVE_LIBSQLITE3 1
| #define HAVE_LIBSQLITE3 1
| #define PY_SQLITE_HAVE_SERIALIZE 1
| #define HAVE_GDBM_H 1
| #define _REENTRANT 1
| #define PTHREAD_SYSTEM_SCHED_SUPPORTED 1
| #define HAVE_PTHREAD_SIGMASK 1
| #define HAVE_PTHREAD_GETCPUCLOCKID 1
| #define ENABLE_IPV6 1
| /* end confdefs.h.  */
| #include <netinet/in.h>
| int
| main (void)
| {
| 
|   #ifdef __KAME__
|   int ok;
|   (void)ok;
|   #else
|   choke me
|   #endif
| 
|   ;
|   return 0;
| }
configure:17136: result: no
configure:17148: checking for __GLIBC__ defined in features.h
configure:17172: gcc -c   conftest.c >&5
configure:17172: $? = 0
configure:17180: result: yes
configure:17339: checking ipv6 stack type
configure:17341: result: linux-glibc
configure:17368: checking CAN_RAW_FD_FRAMES
configure:17387: gcc -c   conftest.c >&5
configure:17387: $? = 0
configure:17396: result: yes
configure:17407: checking for CAN_RAW_JOIN_FILTERS
configure:17426: gcc -c   conftest.c >&5
configure:17426: $? = 0
configure:17435: result: yes
configure:17447: checking for --with-doc-strings
configure:17466: result: yes
configure:17470: checking for stdatomic.h
configure:17493: gcc -o conftest    conftest.c -ldl  >&5
configure:17493: $? = 0
configure:17503: result: yes
configure:17516: checking for builtin __atomic_load_n and __atomic_store_n functions
configure:17536: gcc -o conftest    conftest.c -ldl  >&5
configure:17536: $? = 0
configure:17546: result: yes
configure:17559: checking for --with-mimalloc
configure:17587: result: yes
configure:17594: checking for --with-pymalloc
configure:17622: result: yes
configure:17627: checking for --with-freelists
configure:17647: result: yes
configure:17651: checking for --with-c-locale-coercion
configure:17671: result: yes
configure:17675: checking for --with-valgrind
configure:17687: result: no
configure:17705: checking for --with-dtrace
configure:17716: result: no
configure:17827: checking for dlopen
configure:17827: gcc -o conftest    conftest.c -ldl  >&5
configure:17827: $? = 0
configure:17827: result: yes
configure:17838: checking DYNLOADFILE
configure:17854: result: dynload_shlib.o
configure:17866: checking MACHDEP_OBJS
configure:17875: result: none
configure:17908: checking for accept4
configure:17908: gcc -o conftest    conftest.c -ldl  >&5
configure:17908: $? = 0
configure:17908: result: yes
configure:17914: checking for alarm
configure:17914: gcc -o conftest    conftest.c -ldl  >&5
configure:17914: $? = 0
configure:17914: result: yes
configure:17920: checking for bind_textdomain_codeset
configure:17920: gcc -o conftest    conftest.c -ldl  >&5
configure:17920: $? = 0
configure:17920: result: yes
configure:17926: checking for chmod
configure:17926: gcc -o conftest    conftest.c -ldl  >&5
configure:17926: $? = 0
configure:17926: result: yes
configure:17932: checking for chown
configure:17932: gcc -o conftest    conftest.c -ldl  >&5
configure:17932: $? = 0
configure:17932: result: yes
configure:17938: checking for clock
configure:17938: gcc -o conftest    conftest.c -ldl  >&5
configure:17938: $? = 0
configure:17938: result: yes
configure:17944: checking for closefrom
configure:17944: gcc -o conftest    conftest.c -ldl  >&5
configure:17944: $? = 0
configure:17944: result: yes
configure:17950: checking for close_range
configure:17950: gcc -o conftest    conftest.c -ldl  >&5
configure:17950: $? = 0
configure:17950: result: yes
configure:17956: checking for confstr
configure:17956: gcc -o conftest    conftest.c -ldl  >&5
configure:17956: $? = 0
configure:17956: result: yes
configure:17962: checking for copy_file_range
configure:17962: gcc -o conftest    conftest.c -ldl  >&5
configure:17962: $? = 0
configure:17962: result: yes
configure:17968: checking for ctermid
configure:17968: gcc -o conftest    conftest.c -ldl  >&5
configure:17968: $? = 0
configure:17968: result: yes
configure:17974: checking for dup
configure:17974: gcc -o conftest    conftest.c -ldl  >&5
configure:17974: $? = 0
configure:17974: result: yes
configure:17980: checking for dup3
configure:17980: gcc -o conftest    conftest.c -ldl  >&5
configure:17980: $? = 0
configure:17980: result: yes
configure:17986: checking for execv
configure:17986: gcc -o conftest    conftest.c -ldl  >&5
conftest.c:206:6: warning: conflicting types for built-in function 'execv'; expected 'int(const char *, char * const*)' [-Wbuiltin-declaration-mismatch]
  206 | char execv ();
      |      ^~~~~
configure:17986: $? = 0
configure:17986: result: yes
configure:17992: checking for explicit_bzero
configure:17992: gcc -o conftest    conftest.c -ldl  >&5
configure:17992: $? = 0
configure:17992: result: yes
configure:17998: checking for explicit_memset
configure:17998: gcc -o conftest    conftest.c -ldl  >&5
/usr/bin/ld: /tmp/ccxytjsQ.o: in function `main':
conftest.c:(.text+0xe): undefined reference to `explicit_memset'
collect2: error: ld returned 1 exit status
configure:17998: $? = 1
configure: failed program was:
| /* confdefs.h */
| #define _NETBSD_SOURCE 1
| #define __BSD_VISIBLE 1
| #define _DARWIN_C_SOURCE 1
| #define _PYTHONFRAMEWORK ""
| #define _XOPEN_SOURCE 700
| #define _XOPEN_SOURCE_EXTENDED 1
| #define _POSIX_C_SOURCE 200809L
| #define HAVE_STDIO_H 1
| #define HAVE_STDLIB_H 1
| #define HAVE_STRING_H 1
| #define HAVE_INTTYPES_H 1
| #define HAVE_STDINT_H 1
| #define HAVE_STRINGS_H 1
| #define HAVE_SYS_STAT_H 1
| #define HAVE_SYS_TYPES_H 1
| #define HAVE_UNISTD_H 1
| #define HAVE_WCHAR_H 1
| #define STDC_HEADERS 1
| #define _ALL_SOURCE 1
| #define _DARWIN_C_SOURCE 1
| #define _GNU_SOURCE 1
| #define _HPUX_ALT_XOPEN_SOCKET_API 1
| #define _NETBSD_SOURCE 1
| #define _OPENBSD_SOURCE 1
| #define _POSIX_PTHREAD_SEMANTICS 1
| #define __STDC_WANT_IEC_60559_ATTRIBS_EXT__ 1
| #define __STDC_WANT_IEC_60559_BFP_EXT__ 1
| #define __STDC_WANT_IEC_60559_DFP_EXT__ 1
| #define __STDC_WANT_IEC_60559_FUNCS_EXT__ 1
| #define __STDC_WANT_IEC_60559_TYPES_EXT__ 1
| #define __STDC_WANT_LIB_EXT2__ 1
| #define __STDC_WANT_MATH_SPEC_FUNCS__ 1
| #define _TANDEM_SOURCE 1
| #define __EXTENSIONS__ 1
| #define PY_SUPPORT_TIER 1
| #define STDC_HEADERS 1
| #define HAVE_ALLOCA_H 1
| #define HAVE_ASM_TYPES_H 1
| #define HAVE_DLFCN_H 1
| #define HAVE_ENDIAN_H 1
| #define HAVE_ERRNO_H 1
| #define HAVE_FCNTL_H 1
| #define HAVE_GRP_H 1
| #define HAVE_LANGINFO_H 1
| #define HAVE_LIBINTL_H 1
| #define HAVE_LINUX_AUXVEC_H 1
| #define HAVE_SYS_AUXV_H 1
| #define HAVE_LINUX_FS_H 1
| #define HAVE_LINUX_LIMITS_H 1
| #define HAVE_LINUX_MEMFD_H 1
| #define HAVE_LINUX_RANDOM_H 1
| #define HAVE_LINUX_SOUNDCARD_H 1
| #define HAVE_LINUX_TIPC_H 1
| #define HAVE_LINUX_WAIT_H 1
| #define HAVE_NETDB_H 1
| #define HAVE_NET_ETHERNET_H 1
| #define HAVE_NETINET_IN_H 1
| #define HAVE_NETPACKET_PACKET_H 1
| #define HAVE_POLL_H 1
| #define HAVE_PTHREAD_H 1
| #define HAVE_PTY_H 1
| #define HAVE_SCHED_H 1
| #define HAVE_SETJMP_H 1
| #define HAVE_SHADOW_H 1
| #define HAVE_SIGNAL_H 1
| #define HAVE_SPAWN_H 1
| #define HAVE_SYS_EPOLL_H 1
| #define HAVE_SYS_EVENTFD_H 1
| #define HAVE_SYS_FILE_H 1
| #define HAVE_SYS_IOCTL_H 1
| #define HAVE_SYS_MMAN_H 1
| #define HAVE_SYS_PARAM_H 1
| #define HAVE_SYS_POLL_H 1
| #define HAVE_SYS_RANDOM_H 1
| #define HAVE_SYS_RESOURCE_H 1
| #define HAVE_SYS_SELECT_H 1
| #define HAVE_SYS_SENDFILE_H 1
| #define HAVE_SYS_SOCKET_H 1
| #define HAVE_SYS_SOUNDCARD_H 1
| #define HAVE_SYS_STAT_H 1
| #define HAVE_SYS_STATVFS_H 1
| #define HAVE_SYS_SYSCALL_H 1
| #define HAVE_SYS_SYSMACROS_H 1
| #define HAVE_SYS_TIME_H 1
| #define HAVE_SYS_TIMES_H 1
| #define HAVE_SYS_TIMERFD_H 1
| #define HAVE_SYS_TYPES_H 1
| #define HAVE_SYS_UIO_H 1
| #define HAVE_SYS_UN_H 1
| #define HAVE_SYS_UTSNAME_H 1
| #define HAVE_SYS_WAIT_H 1
| #define HAVE_SYS_XATTR_H 1
| #define HAVE_SYSEXITS_H 1
| #define HAVE_SYSLOG_H 1
| #define HAVE_TERMIOS_H 1
| #define HAVE_UTIME_H 1
| #define HAVE_UTMP_H 1
| #define HAVE_DIRENT_H 1
| #define MAJOR_IN_SYSMACROS 1
| #define HAVE_NET_IF_H 1
| #define HAVE_LINUX_NETLINK_H 1
| #define HAVE_LINUX_QRTR_H 1
| #define HAVE_LINUX_VM_SOCKETS_H 1
| #define HAVE_LINUX_CAN_H 1
| #define HAVE_LINUX_CAN_BCM_H 1
| #define HAVE_LINUX_CAN_J1939_H 1
| #define HAVE_LINUX_CAN_RAW_H 1
| #define HAVE_CLOCK_T 1
| #define HAVE_MAKEDEV 1
| #define HAVE_HTOLE64 1
| #define _LARGEFILE_SOURCE 1
| #define _FILE_OFFSET_BITS 64
| #if defined(SCO_DS)
| #undef _OFF_T
| #endif
| #define RETSIGTYPE void
| #define HAVE_SSIZE_T 1
| #define HAVE___UINT128_T 1
| #define HAVE_GCC_UINT128_T 1
| #define SIZEOF_INT 4
| #define SIZEOF_LONG 8
| #define ALIGNOF_LONG 8
| #define SIZEOF_LONG_LONG 8
| #define SIZEOF_VOID_P 8
| #define SIZEOF_SHORT 2
| #define SIZEOF_FLOAT 4
| #define SIZEOF_DOUBLE 8
| #define SIZEOF_FPOS_T 16
| #define SIZEOF_SIZE_T 8
| #define ALIGNOF_SIZE_T 8
| #define SIZEOF_PID_T 4
| #define SIZEOF_UINTPTR_T 8
| #define ALIGNOF_MAX_ALIGN_T 16
| #define HAVE_LONG_DOUBLE 1
| #define SIZEOF_LONG_DOUBLE 16
| #define SIZEOF__BOOL 1
| #define SIZEOF_OFF_T 8
| #define SIZEOF_TIME_T 8
| #define SIZEOF_PTHREAD_T 8
| #define SIZEOF_PTHREAD_KEY_T 4
| #define PTHREAD_KEY_T_IS_COMPATIBLE_WITH_INT 1
| #define PY_HAVE_PERF_TRAMPOLINE 1
| #define HAVE_LIBDL 1
| #define HAVE_FFI_PREP_CIF_VAR 1
| #define HAVE_FFI_PREP_CLOSURE_LOC 1
| #define HAVE_FFI_CLOSURE_ALLOC 1
| #define WITH_DECIMAL_CONTEXTVAR 1
| #define HAVE_LIBSQLITE3 1
| #define HAVE_LIBSQLITE3 1
| #define HAVE_LIBSQLITE3 1
| #define HAVE_LIBSQLITE3 1
| #define HAVE_LIBSQLITE3 1
| #define HAVE_LIBSQLITE3 1
| #define HAVE_LIBSQLITE3 1
| #define HAVE_LIBSQLITE3 1
| #define HAVE_LIBSQLITE3 1
| #define PY_SQLITE_HAVE_SERIALIZE 1
| #define HAVE_GDBM_H 1
| #define _REENTRANT 1
| #define PTHREAD_SYSTEM_SCHED_SUPPORTED 1
| #define HAVE_PTHREAD_SIGMASK 1
| #define HAVE_PTHREAD_GETCPUCLOCKID 1
| #define ENABLE_IPV6 1
| #define HAVE_LINUX_CAN_RAW_FD_FRAMES 1
| #define HAVE_LINUX_CAN_RAW_JOIN_FILTERS 1
| #define WITH_DOC_STRINGS 1
| #define HAVE_STD_ATOMIC 1
| #define HAVE_BUILTIN_ATOMIC 1
| #define WITH_MIMALLOC 1
| #define WITH_PYMALLOC 1
| #define WITH_FREELISTS 1
| #define PY_COERCE_C_LOCALE 1
| #define HAVE_DLOPEN 1
| #define HAVE_DYNAMIC_LOADING 1
| #define HAVE_ACCEPT4 1
| #define HAVE_ALARM 1
| #define HAVE_BIND_TEXTDOMAIN_CODESET 1
| #define HAVE_CHMOD 1
| #define HAVE_CHOWN 1
| #define HAVE_CLOCK 1
| #define HAVE_CLOSEFROM 1
| #define HAVE_CLOSE_RANGE 1
| #define HAVE_CONFSTR 1
| #define HAVE_COPY_FILE_RANGE 1
| #define HAVE_CTERMID 1
| #define HAVE_DUP 1
| #define HAVE_DUP3 1
| #define HAVE_EXECV 1
| #define HAVE_EXPLICIT_BZERO 1
| /* end confdefs.h.  */
| /* Define explicit_memset to an innocuous variant, in case <limits.h> declares explicit_memset.
|    For example, HP-UX 11i <limits.h> declares gettimeofday.  */
| #define explicit_memset innocuous_explicit_memset
| 
| /* System header to define __stub macros and hopefully few prototypes,
|    which can conflict with char explicit_memset (); below.  */
| 
| #include <limits.h>
| #undef explicit_memset
| 
| /* Override any GCC internal prototype to avoid an error.
|    Use char because int might match the return type of a GCC
|    builtin and then its argument prototype would still apply.  */
| #ifdef __cplusplus
| extern "C"
| #endif
| char explicit_memset ();
| /* The GNU C library defines this for functions which it implements
|     to always fail with ENOSYS.  Some functions are actually named
|     something starting with __ and the normal name is an alias.  */
| #if defined __stub_explicit_memset || defined __stub___explicit_memset
| choke me
| #endif
| 
| int
| main (void)
| {
| return explicit_memset ();
|   ;
|   return 0;
| }
configure:17998: result: no
configure:18004: checking for faccessat
configure:18004: gcc -o conftest    conftest.c -ldl  >&5
configure:18004: $? = 0
configure:18004: result: yes
configure:18010: checking for fchmod
configure:18010: gcc -o conftest    conftest.c -ldl  >&5
configure:18010: $? = 0
configure:18010: result: yes
configure:18016: checking for fchmodat
configure:18016: gcc -o conftest    conftest.c -ldl  >&5
configure:18016: $? = 0
configure:18016: result: yes
configure:18022: checking for fchown
configure:18022: gcc -o conftest    conftest.c -ldl  >&5
configure:18022: $? = 0
configure:18022: result: yes
configure:18028: checking for fchownat
configure:18028: gcc -o conftest    conftest.c -ldl  >&5
configure:18028: $? = 0
configure:18028: result: yes
configure:18034: checking for fdopendir
configure:18034: gcc -o conftest    conftest.c -ldl  >&5
configure:18034: $? = 0
configure:18034: result: yes
configure:18040: checking for fdwalk
configure:18040: gcc -o conftest    conftest.c -ldl  >&5
/usr/bin/ld: /tmp/ccvuJf7x.o: in function `main':
conftest.c:(.text+0xe): undefined reference to `fdwalk'
collect2: error: ld returned 1 exit status
configure:18040: $? = 1
configure: failed program was:
| /* confdefs.h */
| #define _NETBSD_SOURCE 1
| #define __BSD_VISIBLE 1
| #define _DARWIN_C_SOURCE 1
| #define _PYTHONFRAMEWORK ""
| #define _XOPEN_SOURCE 700
| #define _XOPEN_SOURCE_EXTENDED 1
| #define _POSIX_C_SOURCE 200809L
| #define HAVE_STDIO_H 1
| #define HAVE_STDLIB_H 1
| #define HAVE_STRING_H 1
| #define HAVE_INTTYPES_H 1
| #define HAVE_STDINT_H 1
| #define HAVE_STRINGS_H 1
| #define HAVE_SYS_STAT_H 1
| #define HAVE_SYS_TYPES_H 1
| #define HAVE_UNISTD_H 1
| #define HAVE_WCHAR_H 1
| #define STDC_HEADERS 1
| #define _ALL_SOURCE 1
| #define _DARWIN_C_SOURCE 1
| #define _GNU_SOURCE 1
| #define _HPUX_ALT_XOPEN_SOCKET_API 1
| #define _NETBSD_SOURCE 1
| #define _OPENBSD_SOURCE 1
| #define _POSIX_PTHREAD_SEMANTICS 1
| #define __STDC_WANT_IEC_60559_ATTRIBS_EXT__ 1
| #define __STDC_WANT_IEC_60559_BFP_EXT__ 1
| #define __STDC_WANT_IEC_60559_DFP_EXT__ 1
| #define __STDC_WANT_IEC_60559_FUNCS_EXT__ 1
| #define __STDC_WANT_IEC_60559_TYPES_EXT__ 1
| #define __STDC_WANT_LIB_EXT2__ 1
| #define __STDC_WANT_MATH_SPEC_FUNCS__ 1
| #define _TANDEM_SOURCE 1
| #define __EXTENSIONS__ 1
| #define PY_SUPPORT_TIER 1
| #define STDC_HEADERS 1
| #define HAVE_ALLOCA_H 1
| #define HAVE_ASM_TYPES_H 1
| #define HAVE_DLFCN_H 1
| #define HAVE_ENDIAN_H 1
| #define HAVE_ERRNO_H 1
| #define HAVE_FCNTL_H 1
| #define HAVE_GRP_H 1
| #define HAVE_LANGINFO_H 1
| #define HAVE_LIBINTL_H 1
| #define HAVE_LINUX_AUXVEC_H 1
| #define HAVE_SYS_AUXV_H 1
| #define HAVE_LINUX_FS_H 1
| #define HAVE_LINUX_LIMITS_H 1
| #define HAVE_LINUX_MEMFD_H 1
| #define HAVE_LINUX_RANDOM_H 1
| #define HAVE_LINUX_SOUNDCARD_H 1
| #define HAVE_LINUX_TIPC_H 1
| #define HAVE_LINUX_WAIT_H 1
| #define HAVE_NETDB_H 1
| #define HAVE_NET_ETHERNET_H 1
| #define HAVE_NETINET_IN_H 1
| #define HAVE_NETPACKET_PACKET_H 1
| #define HAVE_POLL_H 1
| #define HAVE_PTHREAD_H 1
| #define HAVE_PTY_H 1
| #define HAVE_SCHED_H 1
| #define HAVE_SETJMP_H 1
| #define HAVE_SHADOW_H 1
| #define HAVE_SIGNAL_H 1
| #define HAVE_SPAWN_H 1
| #define HAVE_SYS_EPOLL_H 1
| #define HAVE_SYS_EVENTFD_H 1
| #define HAVE_SYS_FILE_H 1
| #define HAVE_SYS_IOCTL_H 1
| #define HAVE_SYS_MMAN_H 1
| #define HAVE_SYS_PARAM_H 1
| #define HAVE_SYS_POLL_H 1
| #define HAVE_SYS_RANDOM_H 1
| #define HAVE_SYS_RESOURCE_H 1
| #define HAVE_SYS_SELECT_H 1
| #define HAVE_SYS_SENDFILE_H 1
| #define HAVE_SYS_SOCKET_H 1
| #define HAVE_SYS_SOUNDCARD_H 1
| #define HAVE_SYS_STAT_H 1
| #define HAVE_SYS_STATVFS_H 1
| #define HAVE_SYS_SYSCALL_H 1
| #define HAVE_SYS_SYSMACROS_H 1
| #define HAVE_SYS_TIME_H 1
| #define HAVE_SYS_TIMES_H 1
| #define HAVE_SYS_TIMERFD_H 1
| #define HAVE_SYS_TYPES_H 1
| #define HAVE_SYS_UIO_H 1
| #define HAVE_SYS_UN_H 1
| #define HAVE_SYS_UTSNAME_H 1
| #define HAVE_SYS_WAIT_H 1
| #define HAVE_SYS_XATTR_H 1
| #define HAVE_SYSEXITS_H 1
| #define HAVE_SYSLOG_H 1
| #define HAVE_TERMIOS_H 1
| #define HAVE_UTIME_H 1
| #define HAVE_UTMP_H 1
| #define HAVE_DIRENT_H 1
| #define MAJOR_IN_SYSMACROS 1
| #define HAVE_NET_IF_H 1
| #define HAVE_LINUX_NETLINK_H 1
| #define HAVE_LINUX_QRTR_H 1
| #define HAVE_LINUX_VM_SOCKETS_H 1
| #define HAVE_LINUX_CAN_H 1
| #define HAVE_LINUX_CAN_BCM_H 1
| #define HAVE_LINUX_CAN_J1939_H 1
| #define HAVE_LINUX_CAN_RAW_H 1
| #define HAVE_CLOCK_T 1
| #define HAVE_MAKEDEV 1
| #define HAVE_HTOLE64 1
| #define _LARGEFILE_SOURCE 1
| #define _FILE_OFFSET_BITS 64
| #if defined(SCO_DS)
| #undef _OFF_T
| #endif
| #define RETSIGTYPE void
| #define HAVE_SSIZE_T 1
| #define HAVE___UINT128_T 1
| #define HAVE_GCC_UINT128_T 1
| #define SIZEOF_INT 4
| #define SIZEOF_LONG 8
| #define ALIGNOF_LONG 8
| #define SIZEOF_LONG_LONG 8
| #define SIZEOF_VOID_P 8
| #define SIZEOF_SHORT 2
| #define SIZEOF_FLOAT 4
| #define SIZEOF_DOUBLE 8
| #define SIZEOF_FPOS_T 16
| #define SIZEOF_SIZE_T 8
| #define ALIGNOF_SIZE_T 8
| #define SIZEOF_PID_T 4
| #define SIZEOF_UINTPTR_T 8
| #define ALIGNOF_MAX_ALIGN_T 16
| #define HAVE_LONG_DOUBLE 1
| #define SIZEOF_LONG_DOUBLE 16
| #define SIZEOF__BOOL 1
| #define SIZEOF_OFF_T 8
| #define SIZEOF_TIME_T 8
| #define SIZEOF_PTHREAD_T 8
| #define SIZEOF_PTHREAD_KEY_T 4
| #define PTHREAD_KEY_T_IS_COMPATIBLE_WITH_INT 1
| #define PY_HAVE_PERF_TRAMPOLINE 1
| #define HAVE_LIBDL 1
| #define HAVE_FFI_PREP_CIF_VAR 1
| #define HAVE_FFI_PREP_CLOSURE_LOC 1
| #define HAVE_FFI_CLOSURE_ALLOC 1
| #define WITH_DECIMAL_CONTEXTVAR 1
| #define HAVE_LIBSQLITE3 1
| #define HAVE_LIBSQLITE3 1
| #define HAVE_LIBSQLITE3 1
| #define HAVE_LIBSQLITE3 1
| #define HAVE_LIBSQLITE3 1
| #define HAVE_LIBSQLITE3 1
| #define HAVE_LIBSQLITE3 1
| #define HAVE_LIBSQLITE3 1
| #define HAVE_LIBSQLITE3 1
| #define PY_SQLITE_HAVE_SERIALIZE 1
| #define HAVE_GDBM_H 1
| #define _REENTRANT 1
| #define PTHREAD_SYSTEM_SCHED_SUPPORTED 1
| #define HAVE_PTHREAD_SIGMASK 1
| #define HAVE_PTHREAD_GETCPUCLOCKID 1
| #define ENABLE_IPV6 1
| #define HAVE_LINUX_CAN_RAW_FD_FRAMES 1
| #define HAVE_LINUX_CAN_RAW_JOIN_FILTERS 1
| #define WITH_DOC_STRINGS 1
| #define HAVE_STD_ATOMIC 1
| #define HAVE_BUILTIN_ATOMIC 1
| #define WITH_MIMALLOC 1
| #define WITH_PYMALLOC 1
| #define WITH_FREELISTS 1
| #define PY_COERCE_C_LOCALE 1
| #define HAVE_DLOPEN 1
| #define HAVE_DYNAMIC_LOADING 1
| #define HAVE_ACCEPT4 1
| #define HAVE_ALARM 1
| #define HAVE_BIND_TEXTDOMAIN_CODESET 1
| #define HAVE_CHMOD 1
| #define HAVE_CHOWN 1
| #define HAVE_CLOCK 1
| #define HAVE_CLOSEFROM 1
| #define HAVE_CLOSE_RANGE 1
| #define HAVE_CONFSTR 1
| #define HAVE_COPY_FILE_RANGE 1
| #define HAVE_CTERMID 1
| #define HAVE_DUP 1
| #define HAVE_DUP3 1
| #define HAVE_EXECV 1
| #define HAVE_EXPLICIT_BZERO 1
| #define HAVE_FACCESSAT 1
| #define HAVE_FCHMOD 1
| #define HAVE_FCHMODAT 1
| #define HAVE_FCHOWN 1
| #define HAVE_FCHOWNAT 1
| #define HAVE_FDOPENDIR 1
| /* end confdefs.h.  */
| /* Define fdwalk to an innocuous variant, in case <limits.h> declares fdwalk.
|    For example, HP-UX 11i <limits.h> declares gettimeofday.  */
| #define fdwalk innocuous_fdwalk
| 
| /* System header to define __stub macros and hopefully few prototypes,
|    which can conflict with char fdwalk (); below.  */
| 
| #include <limits.h>
| #undef fdwalk
| 
| /* Override any GCC internal prototype to avoid an error.
|    Use char because int might match the return type of a GCC
|    builtin and then its argument prototype would still apply.  */
| #ifdef __cplusplus
| extern "C"
| #endif
| char fdwalk ();
| /* The GNU C library defines this for functions which it implements
|     to always fail with ENOSYS.  Some functions are actually named
|     something starting with __ and the normal name is an alias.  */
| #if defined __stub_fdwalk || defined __stub___fdwalk
| choke me
| #endif
| 
| int
| main (void)
| {
| return fdwalk ();
|   ;
|   return 0;
| }
configure:18040: result: no
configure:18046: checking for fexecve
configure:18046: gcc -o conftest    conftest.c -ldl  >&5
configure:18046: $? = 0
configure:18046: result: yes
configure:18052: checking for fork
configure:18052: gcc -o conftest    conftest.c -ldl  >&5
conftest.c:215:6: warning: conflicting types for built-in function 'fork'; expected 'int(void)' [-Wbuiltin-declaration-mismatch]
  215 | char fork ();
      |      ^~~~
configure:18052: $? = 0
configure:18052: result: yes
configure:18058: checking for fork1
configure:18058: gcc -o conftest    conftest.c -ldl  >&5
/usr/bin/ld: /tmp/ccp1mN8o.o: in function `main':
conftest.c:(.text+0xe): undefined reference to `fork1'
collect2: error: ld returned 1 exit status
configure:18058: $? = 1
configure: failed program was:
| /* confdefs.h */
| #define _NETBSD_SOURCE 1
| #define __BSD_VISIBLE 1
| #define _DARWIN_C_SOURCE 1
| #define _PYTHONFRAMEWORK ""
| #define _XOPEN_SOURCE 700
| #define _XOPEN_SOURCE_EXTENDED 1
| #define _POSIX_C_SOURCE 200809L
| #define HAVE_STDIO_H 1
| #define HAVE_STDLIB_H 1
| #define HAVE_STRING_H 1
| #define HAVE_INTTYPES_H 1
| #define HAVE_STDINT_H 1
| #define HAVE_STRINGS_H 1
| #define HAVE_SYS_STAT_H 1
| #define HAVE_SYS_TYPES_H 1
| #define HAVE_UNISTD_H 1
| #define HAVE_WCHAR_H 1
| #define STDC_HEADERS 1
| #define _ALL_SOURCE 1
| #define _DARWIN_C_SOURCE 1
| #define _GNU_SOURCE 1
| #define _HPUX_ALT_XOPEN_SOCKET_API 1
| #define _NETBSD_SOURCE 1
| #define _OPENBSD_SOURCE 1
| #define _POSIX_PTHREAD_SEMANTICS 1
| #define __STDC_WANT_IEC_60559_ATTRIBS_EXT__ 1
| #define __STDC_WANT_IEC_60559_BFP_EXT__ 1
| #define __STDC_WANT_IEC_60559_DFP_EXT__ 1
| #define __STDC_WANT_IEC_60559_FUNCS_EXT__ 1
| #define __STDC_WANT_IEC_60559_TYPES_EXT__ 1
| #define __STDC_WANT_LIB_EXT2__ 1
| #define __STDC_WANT_MATH_SPEC_FUNCS__ 1
| #define _TANDEM_SOURCE 1
| #define __EXTENSIONS__ 1
| #define PY_SUPPORT_TIER 1
| #define STDC_HEADERS 1
| #define HAVE_ALLOCA_H 1
| #define HAVE_ASM_TYPES_H 1
| #define HAVE_DLFCN_H 1
| #define HAVE_ENDIAN_H 1
| #define HAVE_ERRNO_H 1
| #define HAVE_FCNTL_H 1
| #define HAVE_GRP_H 1
| #define HAVE_LANGINFO_H 1
| #define HAVE_LIBINTL_H 1
| #define HAVE_LINUX_AUXVEC_H 1
| #define HAVE_SYS_AUXV_H 1
| #define HAVE_LINUX_FS_H 1
| #define HAVE_LINUX_LIMITS_H 1
| #define HAVE_LINUX_MEMFD_H 1
| #define HAVE_LINUX_RANDOM_H 1
| #define HAVE_LINUX_SOUNDCARD_H 1
| #define HAVE_LINUX_TIPC_H 1
| #define HAVE_LINUX_WAIT_H 1
| #define HAVE_NETDB_H 1
| #define HAVE_NET_ETHERNET_H 1
| #define HAVE_NETINET_IN_H 1
| #define HAVE_NETPACKET_PACKET_H 1
| #define HAVE_POLL_H 1
| #define HAVE_PTHREAD_H 1
| #define HAVE_PTY_H 1
| #define HAVE_SCHED_H 1
| #define HAVE_SETJMP_H 1
| #define HAVE_SHADOW_H 1
| #define HAVE_SIGNAL_H 1
| #define HAVE_SPAWN_H 1
| #define HAVE_SYS_EPOLL_H 1
| #define HAVE_SYS_EVENTFD_H 1
| #define HAVE_SYS_FILE_H 1
| #define HAVE_SYS_IOCTL_H 1
| #define HAVE_SYS_MMAN_H 1
| #define HAVE_SYS_PARAM_H 1
| #define HAVE_SYS_POLL_H 1
| #define HAVE_SYS_RANDOM_H 1
| #define HAVE_SYS_RESOURCE_H 1
| #define HAVE_SYS_SELECT_H 1
| #define HAVE_SYS_SENDFILE_H 1
| #define HAVE_SYS_SOCKET_H 1
| #define HAVE_SYS_SOUNDCARD_H 1
| #define HAVE_SYS_STAT_H 1
| #define HAVE_SYS_STATVFS_H 1
| #define HAVE_SYS_SYSCALL_H 1
| #define HAVE_SYS_SYSMACROS_H 1
| #define HAVE_SYS_TIME_H 1
| #define HAVE_SYS_TIMES_H 1
| #define HAVE_SYS_TIMERFD_H 1
| #define HAVE_SYS_TYPES_H 1
| #define HAVE_SYS_UIO_H 1
| #define HAVE_SYS_UN_H 1
| #define HAVE_SYS_UTSNAME_H 1
| #define HAVE_SYS_WAIT_H 1
| #define HAVE_SYS_XATTR_H 1
| #define HAVE_SYSEXITS_H 1
| #define HAVE_SYSLOG_H 1
| #define HAVE_TERMIOS_H 1
| #define HAVE_UTIME_H 1
| #define HAVE_UTMP_H 1
| #define HAVE_DIRENT_H 1
| #define MAJOR_IN_SYSMACROS 1
| #define HAVE_NET_IF_H 1
| #define HAVE_LINUX_NETLINK_H 1
| #define HAVE_LINUX_QRTR_H 1
| #define HAVE_LINUX_VM_SOCKETS_H 1
| #define HAVE_LINUX_CAN_H 1
| #define HAVE_LINUX_CAN_BCM_H 1
| #define HAVE_LINUX_CAN_J1939_H 1
| #define HAVE_LINUX_CAN_RAW_H 1
| #define HAVE_CLOCK_T 1
| #define HAVE_MAKEDEV 1
| #define HAVE_HTOLE64 1
| #define _LARGEFILE_SOURCE 1
| #define _FILE_OFFSET_BITS 64
| #if defined(SCO_DS)
| #undef _OFF_T
| #endif
| #define RETSIGTYPE void
| #define HAVE_SSIZE_T 1
| #define HAVE___UINT128_T 1
| #define HAVE_GCC_UINT128_T 1
| #define SIZEOF_INT 4
| #define SIZEOF_LONG 8
| #define ALIGNOF_LONG 8
| #define SIZEOF_LONG_LONG 8
| #define SIZEOF_VOID_P 8
| #define SIZEOF_SHORT 2
| #define SIZEOF_FLOAT 4
| #define SIZEOF_DOUBLE 8
| #define SIZEOF_FPOS_T 16
| #define SIZEOF_SIZE_T 8
| #define ALIGNOF_SIZE_T 8
| #define SIZEOF_PID_T 4
| #define SIZEOF_UINTPTR_T 8
| #define ALIGNOF_MAX_ALIGN_T 16
| #define HAVE_LONG_DOUBLE 1
| #define SIZEOF_LONG_DOUBLE 16
| #define SIZEOF__BOOL 1
| #define SIZEOF_OFF_T 8
| #define SIZEOF_TIME_T 8
| #define SIZEOF_PTHREAD_T 8
| #define SIZEOF_PTHREAD_KEY_T 4
| #define PTHREAD_KEY_T_IS_COMPATIBLE_WITH_INT 1
| #define PY_HAVE_PERF_TRAMPOLINE 1
| #define HAVE_LIBDL 1
| #define HAVE_FFI_PREP_CIF_VAR 1
| #define HAVE_FFI_PREP_CLOSURE_LOC 1
| #define HAVE_FFI_CLOSURE_ALLOC 1
| #define WITH_DECIMAL_CONTEXTVAR 1
| #define HAVE_LIBSQLITE3 1
| #define HAVE_LIBSQLITE3 1
| #define HAVE_LIBSQLITE3 1
| #define HAVE_LIBSQLITE3 1
| #define HAVE_LIBSQLITE3 1
| #define HAVE_LIBSQLITE3 1
| #define HAVE_LIBSQLITE3 1
| #define HAVE_LIBSQLITE3 1
| #define HAVE_LIBSQLITE3 1
| #define PY_SQLITE_HAVE_SERIALIZE 1
| #define HAVE_GDBM_H 1
| #define _REENTRANT 1
| #define PTHREAD_SYSTEM_SCHED_SUPPORTED 1
| #define HAVE_PTHREAD_SIGMASK 1
| #define HAVE_PTHREAD_GETCPUCLOCKID 1
| #define ENABLE_IPV6 1
| #define HAVE_LINUX_CAN_RAW_FD_FRAMES 1
| #define HAVE_LINUX_CAN_RAW_JOIN_FILTERS 1
| #define WITH_DOC_STRINGS 1
| #define HAVE_STD_ATOMIC 1
| #define HAVE_BUILTIN_ATOMIC 1
| #define WITH_MIMALLOC 1
| #define WITH_PYMALLOC 1
| #define WITH_FREELISTS 1
| #define PY_COERCE_C_LOCALE 1
| #define HAVE_DLOPEN 1
| #define HAVE_DYNAMIC_LOADING 1
| #define HAVE_ACCEPT4 1
| #define HAVE_ALARM 1
| #define HAVE_BIND_TEXTDOMAIN_CODESET 1
| #define HAVE_CHMOD 1
| #define HAVE_CHOWN 1
| #define HAVE_CLOCK 1
| #define HAVE_CLOSEFROM 1
| #define HAVE_CLOSE_RANGE 1
| #define HAVE_CONFSTR 1
| #define HAVE_COPY_FILE_RANGE 1
| #define HAVE_CTERMID 1
| #define HAVE_DUP 1
| #define HAVE_DUP3 1
| #define HAVE_EXECV 1
| #define HAVE_EXPLICIT_BZERO 1
| #define HAVE_FACCESSAT 1
| #define HAVE_FCHMOD 1
| #define HAVE_FCHMODAT 1
| #define HAVE_FCHOWN 1
| #define HAVE_FCHOWNAT 1
| #define HAVE_FDOPENDIR 1
| #define HAVE_FEXECVE 1
| #define HAVE_FORK 1
| /* end confdefs.h.  */
| /* Define fork1 to an innocuous variant, in case <limits.h> declares fork1.
|    For example, HP-UX 11i <limits.h> declares gettimeofday.  */
| #define fork1 innocuous_fork1
| 
| /* System header to define __stub macros and hopefully few prototypes,
|    which can conflict with char fork1 (); below.  */
| 
| #include <limits.h>
| #undef fork1
| 
| /* Override any GCC internal prototype to avoid an error.
|    Use char because int might match the return type of a GCC
|    builtin and then its argument prototype would still apply.  */
| #ifdef __cplusplus
| extern "C"
| #endif
| char fork1 ();
| /* The GNU C library defines this for functions which it implements
|     to always fail with ENOSYS.  Some functions are actually named
|     something starting with __ and the normal name is an alias.  */
| #if defined __stub_fork1 || defined __stub___fork1
| choke me
| #endif
| 
| int
| main (void)
| {
| return fork1 ();
|   ;
|   return 0;
| }
configure:18058: result: no
configure:18064: checking for fpathconf
configure:18064: gcc -o conftest    conftest.c -ldl  >&5
configure:18064: $? = 0
configure:18064: result: yes
configure:18070: checking for fstatat
configure:18070: gcc -o conftest    conftest.c -ldl  >&5
configure:18070: $? = 0
configure:18070: result: yes
configure:18076: checking for ftime
configure:18076: gcc -o conftest    conftest.c -ldl  >&5
configure:18076: $? = 0
configure:18076: result: yes
configure:18082: checking for ftruncate
configure:18082: gcc -o conftest    conftest.c -ldl  >&5
configure:18082: $? = 0
configure:18082: result: yes
configure:18088: checking for futimens
configure:18088: gcc -o conftest    conftest.c -ldl  >&5
configure:18088: $? = 0
configure:18088: result: yes
configure:18094: checking for futimes
configure:18094: gcc -o conftest    conftest.c -ldl  >&5
configure:18094: $? = 0
configure:18094: result: yes
configure:18100: checking for futimesat
configure:18100: gcc -o conftest    conftest.c -ldl  >&5
configure:18100: $? = 0
configure:18100: result: yes
configure:18106: checking for gai_strerror
configure:18106: gcc -o conftest    conftest.c -ldl  >&5
configure:18106: $? = 0
configure:18106: result: yes
configure:18112: checking for getegid
configure:18112: gcc -o conftest    conftest.c -ldl  >&5
configure:18112: $? = 0
configure:18112: result: yes
configure:18118: checking for geteuid
configure:18118: gcc -o conftest    conftest.c -ldl  >&5
configure:18118: $? = 0
configure:18118: result: yes
configure:18124: checking for getgid
configure:18124: gcc -o conftest    conftest.c -ldl  >&5
configure:18124: $? = 0
configure:18124: result: yes
configure:18130: checking for getgrent
configure:18130: gcc -o conftest    conftest.c -ldl  >&5
configure:18130: $? = 0
configure:18130: result: yes
configure:18136: checking for getgrgid
configure:18136: gcc -o conftest    conftest.c -ldl  >&5
configure:18136: $? = 0
configure:18136: result: yes
configure:18142: checking for getgrgid_r
configure:18142: gcc -o conftest    conftest.c -ldl  >&5
configure:18142: $? = 0
configure:18142: result: yes
configure:18148: checking for getgrnam_r
configure:18148: gcc -o conftest    conftest.c -ldl  >&5
configure:18148: $? = 0
configure:18148: result: yes
configure:18154: checking for getgrouplist
configure:18154: gcc -o conftest    conftest.c -ldl  >&5
configure:18154: $? = 0
configure:18154: result: yes
configure:18160: checking for gethostname
configure:18160: gcc -o conftest    conftest.c -ldl  >&5
configure:18160: $? = 0
configure:18160: result: yes
configure:18166: checking for getitimer
configure:18166: gcc -o conftest    conftest.c -ldl  >&5
configure:18166: $? = 0
configure:18166: result: yes
configure:18172: checking for getloadavg
configure:18172: gcc -o conftest    conftest.c -ldl  >&5
configure:18172: $? = 0
configure:18172: result: yes
configure:18178: checking for getlogin
configure:18178: gcc -o conftest    conftest.c -ldl  >&5
configure:18178: $? = 0
configure:18178: result: yes
configure:18184: checking for getpeername
configure:18184: gcc -o conftest    conftest.c -ldl  >&5
configure:18184: $? = 0
configure:18184: result: yes
configure:18190: checking for getpgid
configure:18190: gcc -o conftest    conftest.c -ldl  >&5
configure:18190: $? = 0
configure:18190: result: yes
configure:18196: checking for getpid
configure:18196: gcc -o conftest    conftest.c -ldl  >&5
configure:18196: $? = 0
configure:18196: result: yes
configure:18202: checking for getppid
configure:18202: gcc -o conftest    conftest.c -ldl  >&5
configure:18202: $? = 0
configure:18202: result: yes
configure:18208: checking for getpriority
configure:18208: gcc -o conftest    conftest.c -ldl  >&5
configure:18208: $? = 0
configure:18208: result: yes
configure:18214: checking for _getpty
configure:18214: gcc -o conftest    conftest.c -ldl  >&5
/usr/bin/ld: /tmp/ccXeJmLx.o: in function `main':
conftest.c:(.text+0xe): undefined reference to `_getpty'
collect2: error: ld returned 1 exit status
configure:18214: $? = 1
configure: failed program was:
| /* confdefs.h */
| #define _NETBSD_SOURCE 1
| #define __BSD_VISIBLE 1
| #define _DARWIN_C_SOURCE 1
| #define _PYTHONFRAMEWORK ""
| #define _XOPEN_SOURCE 700
| #define _XOPEN_SOURCE_EXTENDED 1
| #define _POSIX_C_SOURCE 200809L
| #define HAVE_STDIO_H 1
| #define HAVE_STDLIB_H 1
| #define HAVE_STRING_H 1
| #define HAVE_INTTYPES_H 1
| #define HAVE_STDINT_H 1
| #define HAVE_STRINGS_H 1
| #define HAVE_SYS_STAT_H 1
| #define HAVE_SYS_TYPES_H 1
| #define HAVE_UNISTD_H 1
| #define HAVE_WCHAR_H 1
| #define STDC_HEADERS 1
| #define _ALL_SOURCE 1
| #define _DARWIN_C_SOURCE 1
| #define _GNU_SOURCE 1
| #define _HPUX_ALT_XOPEN_SOCKET_API 1
| #define _NETBSD_SOURCE 1
| #define _OPENBSD_SOURCE 1
| #define _POSIX_PTHREAD_SEMANTICS 1
| #define __STDC_WANT_IEC_60559_ATTRIBS_EXT__ 1
| #define __STDC_WANT_IEC_60559_BFP_EXT__ 1
| #define __STDC_WANT_IEC_60559_DFP_EXT__ 1
| #define __STDC_WANT_IEC_60559_FUNCS_EXT__ 1
| #define __STDC_WANT_IEC_60559_TYPES_EXT__ 1
| #define __STDC_WANT_LIB_EXT2__ 1
| #define __STDC_WANT_MATH_SPEC_FUNCS__ 1
| #define _TANDEM_SOURCE 1
| #define __EXTENSIONS__ 1
| #define PY_SUPPORT_TIER 1
| #define STDC_HEADERS 1
| #define HAVE_ALLOCA_H 1
| #define HAVE_ASM_TYPES_H 1
| #define HAVE_DLFCN_H 1
| #define HAVE_ENDIAN_H 1
| #define HAVE_ERRNO_H 1
| #define HAVE_FCNTL_H 1
| #define HAVE_GRP_H 1
| #define HAVE_LANGINFO_H 1
| #define HAVE_LIBINTL_H 1
| #define HAVE_LINUX_AUXVEC_H 1
| #define HAVE_SYS_AUXV_H 1
| #define HAVE_LINUX_FS_H 1
| #define HAVE_LINUX_LIMITS_H 1
| #define HAVE_LINUX_MEMFD_H 1
| #define HAVE_LINUX_RANDOM_H 1
| #define HAVE_LINUX_SOUNDCARD_H 1
| #define HAVE_LINUX_TIPC_H 1
| #define HAVE_LINUX_WAIT_H 1
| #define HAVE_NETDB_H 1
| #define HAVE_NET_ETHERNET_H 1
| #define HAVE_NETINET_IN_H 1
| #define HAVE_NETPACKET_PACKET_H 1
| #define HAVE_POLL_H 1
| #define HAVE_PTHREAD_H 1
| #define HAVE_PTY_H 1
| #define HAVE_SCHED_H 1
| #define HAVE_SETJMP_H 1
| #define HAVE_SHADOW_H 1
| #define HAVE_SIGNAL_H 1
| #define HAVE_SPAWN_H 1
| #define HAVE_SYS_EPOLL_H 1
| #define HAVE_SYS_EVENTFD_H 1
| #define HAVE_SYS_FILE_H 1
| #define HAVE_SYS_IOCTL_H 1
| #define HAVE_SYS_MMAN_H 1
| #define HAVE_SYS_PARAM_H 1
| #define HAVE_SYS_POLL_H 1
| #define HAVE_SYS_RANDOM_H 1
| #define HAVE_SYS_RESOURCE_H 1
| #define HAVE_SYS_SELECT_H 1
| #define HAVE_SYS_SENDFILE_H 1
| #define HAVE_SYS_SOCKET_H 1
| #define HAVE_SYS_SOUNDCARD_H 1
| #define HAVE_SYS_STAT_H 1
| #define HAVE_SYS_STATVFS_H 1
| #define HAVE_SYS_SYSCALL_H 1
| #define HAVE_SYS_SYSMACROS_H 1
| #define HAVE_SYS_TIME_H 1
| #define HAVE_SYS_TIMES_H 1
| #define HAVE_SYS_TIMERFD_H 1
| #define HAVE_SYS_TYPES_H 1
| #define HAVE_SYS_UIO_H 1
| #define HAVE_SYS_UN_H 1
| #define HAVE_SYS_UTSNAME_H 1
| #define HAVE_SYS_WAIT_H 1
| #define HAVE_SYS_XATTR_H 1
| #define HAVE_SYSEXITS_H 1
| #define HAVE_SYSLOG_H 1
| #define HAVE_TERMIOS_H 1
| #define HAVE_UTIME_H 1
| #define HAVE_UTMP_H 1
| #define HAVE_DIRENT_H 1
| #define MAJOR_IN_SYSMACROS 1
| #define HAVE_NET_IF_H 1
| #define HAVE_LINUX_NETLINK_H 1
| #define HAVE_LINUX_QRTR_H 1
| #define HAVE_LINUX_VM_SOCKETS_H 1
| #define HAVE_LINUX_CAN_H 1
| #define HAVE_LINUX_CAN_BCM_H 1
| #define HAVE_LINUX_CAN_J1939_H 1
| #define HAVE_LINUX_CAN_RAW_H 1
| #define HAVE_CLOCK_T 1
| #define HAVE_MAKEDEV 1
| #define HAVE_HTOLE64 1
| #define _LARGEFILE_SOURCE 1
| #define _FILE_OFFSET_BITS 64
| #if defined(SCO_DS)
| #undef _OFF_T
| #endif
| #define RETSIGTYPE void
| #define HAVE_SSIZE_T 1
| #define HAVE___UINT128_T 1
| #define HAVE_GCC_UINT128_T 1
| #define SIZEOF_INT 4
| #define SIZEOF_LONG 8
| #define ALIGNOF_LONG 8
| #define SIZEOF_LONG_LONG 8
| #define SIZEOF_VOID_P 8
| #define SIZEOF_SHORT 2
| #define SIZEOF_FLOAT 4
| #define SIZEOF_DOUBLE 8
| #define SIZEOF_FPOS_T 16
| #define SIZEOF_SIZE_T 8
| #define ALIGNOF_SIZE_T 8
| #define SIZEOF_PID_T 4
| #define SIZEOF_UINTPTR_T 8
| #define ALIGNOF_MAX_ALIGN_T 16
| #define HAVE_LONG_DOUBLE 1
| #define SIZEOF_LONG_DOUBLE 16
| #define SIZEOF__BOOL 1
| #define SIZEOF_OFF_T 8
| #define SIZEOF_TIME_T 8
| #define SIZEOF_PTHREAD_T 8
| #define SIZEOF_PTHREAD_KEY_T 4
| #define PTHREAD_KEY_T_IS_COMPATIBLE_WITH_INT 1
| #define PY_HAVE_PERF_TRAMPOLINE 1
| #define HAVE_LIBDL 1
| #define HAVE_FFI_PREP_CIF_VAR 1
| #define HAVE_FFI_PREP_CLOSURE_LOC 1
| #define HAVE_FFI_CLOSURE_ALLOC 1
| #define WITH_DECIMAL_CONTEXTVAR 1
| #define HAVE_LIBSQLITE3 1
| #define HAVE_LIBSQLITE3 1
| #define HAVE_LIBSQLITE3 1
| #define HAVE_LIBSQLITE3 1
| #define HAVE_LIBSQLITE3 1
| #define HAVE_LIBSQLITE3 1
| #define HAVE_LIBSQLITE3 1
| #define HAVE_LIBSQLITE3 1
| #define HAVE_LIBSQLITE3 1
| #define PY_SQLITE_HAVE_SERIALIZE 1
| #define HAVE_GDBM_H 1
| #define _REENTRANT 1
| #define PTHREAD_SYSTEM_SCHED_SUPPORTED 1
| #define HAVE_PTHREAD_SIGMASK 1
| #define HAVE_PTHREAD_GETCPUCLOCKID 1
| #define ENABLE_IPV6 1
| #define HAVE_LINUX_CAN_RAW_FD_FRAMES 1
| #define HAVE_LINUX_CAN_RAW_JOIN_FILTERS 1
| #define WITH_DOC_STRINGS 1
| #define HAVE_STD_ATOMIC 1
| #define HAVE_BUILTIN_ATOMIC 1
| #define WITH_MIMALLOC 1
| #define WITH_PYMALLOC 1
| #define WITH_FREELISTS 1
| #define PY_COERCE_C_LOCALE 1
| #define HAVE_DLOPEN 1
| #define HAVE_DYNAMIC_LOADING 1
| #define HAVE_ACCEPT4 1
| #define HAVE_ALARM 1
| #define HAVE_BIND_TEXTDOMAIN_CODESET 1
| #define HAVE_CHMOD 1
| #define HAVE_CHOWN 1
| #define HAVE_CLOCK 1
| #define HAVE_CLOSEFROM 1
| #define HAVE_CLOSE_RANGE 1
| #define HAVE_CONFSTR 1
| #define HAVE_COPY_FILE_RANGE 1
| #define HAVE_CTERMID 1
| #define HAVE_DUP 1
| #define HAVE_DUP3 1
| #define HAVE_EXECV 1
| #define HAVE_EXPLICIT_BZERO 1
| #define HAVE_FACCESSAT 1
| #define HAVE_FCHMOD 1
| #define HAVE_FCHMODAT 1
| #define HAVE_FCHOWN 1
| #define HAVE_FCHOWNAT 1
| #define HAVE_FDOPENDIR 1
| #define HAVE_FEXECVE 1
| #define HAVE_FORK 1
| #define HAVE_FPATHCONF 1
| #define HAVE_FSTATAT 1
| #define HAVE_FTIME 1
| #define HAVE_FTRUNCATE 1
| #define HAVE_FUTIMENS 1
| #define HAVE_FUTIMES 1
| #define HAVE_FUTIMESAT 1
| #define HAVE_GAI_STRERROR 1
| #define HAVE_GETEGID 1
| #define HAVE_GETEUID 1
| #define HAVE_GETGID 1
| #define HAVE_GETGRENT 1
| #define HAVE_GETGRGID 1
| #define HAVE_GETGRGID_R 1
| #define HAVE_GETGRNAM_R 1
| #define HAVE_GETGROUPLIST 1
| #define HAVE_GETHOSTNAME 1
| #define HAVE_GETITIMER 1
| #define HAVE_GETLOADAVG 1
| #define HAVE_GETLOGIN 1
| #define HAVE_GETPEERNAME 1
| #define HAVE_GETPGID 1
| #define HAVE_GETPID 1
| #define HAVE_GETPPID 1
| #define HAVE_GETPRIORITY 1
| /* end confdefs.h.  */
| /* Define _getpty to an innocuous variant, in case <limits.h> declares _getpty.
|    For example, HP-UX 11i <limits.h> declares gettimeofday.  */
| #define _getpty innocuous__getpty
| 
| /* System header to define __stub macros and hopefully few prototypes,
|    which can conflict with char _getpty (); below.  */
| 
| #include <limits.h>
| #undef _getpty
| 
| /* Override any GCC internal prototype to avoid an error.
|    Use char because int might match the return type of a GCC
|    builtin and then its argument prototype would still apply.  */
| #ifdef __cplusplus
| extern "C"
| #endif
| char _getpty ();
| /* The GNU C library defines this for functions which it implements
|     to always fail with ENOSYS.  Some functions are actually named
|     something starting with __ and the normal name is an alias.  */
| #if defined __stub__getpty || defined __stub____getpty
| choke me
| #endif
| 
| int
| main (void)
| {
| return _getpty ();
|   ;
|   return 0;
| }
configure:18214: result: no
configure:18220: checking for getpwent
configure:18220: gcc -o conftest    conftest.c -ldl  >&5
configure:18220: $? = 0
configure:18220: result: yes
configure:18226: checking for getpwnam_r
configure:18226: gcc -o conftest    conftest.c -ldl  >&5
configure:18226: $? = 0
configure:18226: result: yes
configure:18232: checking for getpwuid
configure:18232: gcc -o conftest    conftest.c -ldl  >&5
configure:18232: $? = 0
configure:18232: result: yes
configure:18238: checking for getpwuid_r
configure:18238: gcc -o conftest    conftest.c -ldl  >&5
configure:18238: $? = 0
configure:18238: result: yes
configure:18244: checking for getresgid
configure:18244: gcc -o conftest    conftest.c -ldl  >&5
configure:18244: $? = 0
configure:18244: result: yes
configure:18250: checking for getresuid
configure:18250: gcc -o conftest    conftest.c -ldl  >&5
configure:18250: $? = 0
configure:18250: result: yes
configure:18256: checking for getrusage
configure:18256: gcc -o conftest    conftest.c -ldl  >&5
configure:18256: $? = 0
configure:18256: result: yes
configure:18262: checking for getsid
configure:18262: gcc -o conftest    conftest.c -ldl  >&5
configure:18262: $? = 0
configure:18262: result: yes
configure:18268: checking for getspent
configure:18268: gcc -o conftest    conftest.c -ldl  >&5
configure:18268: $? = 0
configure:18268: result: yes
configure:18274: checking for getspnam
configure:18274: gcc -o conftest    conftest.c -ldl  >&5
configure:18274: $? = 0
configure:18274: result: yes
configure:18280: checking for getuid
configure:18280: gcc -o conftest    conftest.c -ldl  >&5
configure:18280: $? = 0
configure:18280: result: yes
configure:18286: checking for getwd
configure:18286: gcc -o conftest    conftest.c -ldl  >&5
/usr/bin/ld: /tmp/cc2BAS1n.o: in function `main':
conftest.c:(.text+0xe): warning: the `getwd' function is dangerous and should not be used.
configure:18286: $? = 0
configure:18286: result: yes
configure:18292: checking for grantpt
configure:18292: gcc -o conftest    conftest.c -ldl  >&5
configure:18292: $? = 0
configure:18292: result: yes
configure:18298: checking for if_nameindex
configure:18298: gcc -o conftest    conftest.c -ldl  >&5
configure:18298: $? = 0
configure:18298: result: yes
configure:18304: checking for initgroups
configure:18304: gcc -o conftest    conftest.c -ldl  >&5
configure:18304: $? = 0
configure:18304: result: yes
configure:18310: checking for kill
configure:18310: gcc -o conftest    conftest.c -ldl  >&5
configure:18310: $? = 0
configure:18310: result: yes
configure:18316: checking for killpg
configure:18316: gcc -o conftest    conftest.c -ldl  >&5
configure:18316: $? = 0
configure:18316: result: yes
configure:18322: checking for lchown
configure:18322: gcc -o conftest    conftest.c -ldl  >&5
configure:18322: $? = 0
configure:18322: result: yes
configure:18328: checking for linkat
configure:18328: gcc -o conftest    conftest.c -ldl  >&5
configure:18328: $? = 0
configure:18328: result: yes
configure:18334: checking for lockf
configure:18334: gcc -o conftest    conftest.c -ldl  >&5
configure:18334: $? = 0
configure:18334: result: yes
configure:18340: checking for lstat
configure:18340: gcc -o conftest    conftest.c -ldl  >&5
configure:18340: $? = 0
configure:18340: result: yes
configure:18346: checking for lutimes
configure:18346: gcc -o conftest    conftest.c -ldl  >&5
configure:18346: $? = 0
configure:18346: result: yes
configure:18352: checking for madvise
configure:18352: gcc -o conftest    conftest.c -ldl  >&5
configure:18352: $? = 0
configure:18352: result: yes
configure:18358: checking for mbrtowc
configure:18358: gcc -o conftest    conftest.c -ldl  >&5
configure:18358: $? = 0
configure:18358: result: yes
configure:18364: checking for memrchr
configure:18364: gcc -o conftest    conftest.c -ldl  >&5
configure:18364: $? = 0
configure:18364: result: yes
configure:18370: checking for mkdirat
configure:18370: gcc -o conftest    conftest.c -ldl  >&5
configure:18370: $? = 0
configure:18370: result: yes
configure:18376: checking for mkfifo
configure:18376: gcc -o conftest    conftest.c -ldl  >&5
configure:18376: $? = 0
configure:18376: result: yes
configure:18382: checking for mkfifoat
configure:18382: gcc -o conftest    conftest.c -ldl  >&5
configure:18382: $? = 0
configure:18382: result: yes
configure:18388: checking for mknod
configure:18388: gcc -o conftest    conftest.c -ldl  >&5
configure:18388: $? = 0
configure:18388: result: yes
configure:18394: checking for mknodat
configure:18394: gcc -o conftest    conftest.c -ldl  >&5
configure:18394: $? = 0
configure:18394: result: yes
configure:18400: checking for mktime
configure:18400: gcc -o conftest    conftest.c -ldl  >&5
configure:18400: $? = 0
configure:18400: result: yes
configure:18406: checking for mmap
configure:18406: gcc -o conftest    conftest.c -ldl  >&5
configure:18406: $? = 0
configure:18406: result: yes
configure:18412: checking for mremap
configure:18412: gcc -o conftest    conftest.c -ldl  >&5
configure:18412: $? = 0
configure:18412: result: yes
configure:18418: checking for nice
configure:18418: gcc -o conftest    conftest.c -ldl  >&5
configure:18418: $? = 0
configure:18418: result: yes
configure:18424: checking for openat
configure:18424: gcc -o conftest    conftest.c -ldl  >&5
configure:18424: $? = 0
configure:18424: result: yes
configure:18430: checking for opendir
configure:18430: gcc -o conftest    conftest.c -ldl  >&5
configure:18430: $? = 0
configure:18430: result: yes
configure:18436: checking for pathconf
configure:18436: gcc -o conftest    conftest.c -ldl  >&5
configure:18436: $? = 0
configure:18436: result: yes
configure:18442: checking for pause
configure:18442: gcc -o conftest    conftest.c -ldl  >&5
configure:18442: $? = 0
configure:18442: result: yes
configure:18448: checking for pipe
configure:18448: gcc -o conftest    conftest.c -ldl  >&5
configure:18448: $? = 0
configure:18448: result: yes
configure:18454: checking for pipe2
configure:18454: gcc -o conftest    conftest.c -ldl  >&5
configure:18454: $? = 0
configure:18454: result: yes
configure:18460: checking for plock
configure:18460: gcc -o conftest    conftest.c -ldl  >&5
/usr/bin/ld: /tmp/ccNbj1wW.o: in function `main':
conftest.c:(.text+0xe): undefined reference to `plock'
collect2: error: ld returned 1 exit status
configure:18460: $? = 1
configure: failed program was:
| /* confdefs.h */
| #define _NETBSD_SOURCE 1
| #define __BSD_VISIBLE 1
| #define _DARWIN_C_SOURCE 1
| #define _PYTHONFRAMEWORK ""
| #define _XOPEN_SOURCE 700
| #define _XOPEN_SOURCE_EXTENDED 1
| #define _POSIX_C_SOURCE 200809L
| #define HAVE_STDIO_H 1
| #define HAVE_STDLIB_H 1
| #define HAVE_STRING_H 1
| #define HAVE_INTTYPES_H 1
| #define HAVE_STDINT_H 1
| #define HAVE_STRINGS_H 1
| #define HAVE_SYS_STAT_H 1
| #define HAVE_SYS_TYPES_H 1
| #define HAVE_UNISTD_H 1
| #define HAVE_WCHAR_H 1
| #define STDC_HEADERS 1
| #define _ALL_SOURCE 1
| #define _DARWIN_C_SOURCE 1
| #define _GNU_SOURCE 1
| #define _HPUX_ALT_XOPEN_SOCKET_API 1
| #define _NETBSD_SOURCE 1
| #define _OPENBSD_SOURCE 1
| #define _POSIX_PTHREAD_SEMANTICS 1
| #define __STDC_WANT_IEC_60559_ATTRIBS_EXT__ 1
| #define __STDC_WANT_IEC_60559_BFP_EXT__ 1
| #define __STDC_WANT_IEC_60559_DFP_EXT__ 1
| #define __STDC_WANT_IEC_60559_FUNCS_EXT__ 1
| #define __STDC_WANT_IEC_60559_TYPES_EXT__ 1
| #define __STDC_WANT_LIB_EXT2__ 1
| #define __STDC_WANT_MATH_SPEC_FUNCS__ 1
| #define _TANDEM_SOURCE 1
| #define __EXTENSIONS__ 1
| #define PY_SUPPORT_TIER 1
| #define STDC_HEADERS 1
| #define HAVE_ALLOCA_H 1
| #define HAVE_ASM_TYPES_H 1
| #define HAVE_DLFCN_H 1
| #define HAVE_ENDIAN_H 1
| #define HAVE_ERRNO_H 1
| #define HAVE_FCNTL_H 1
| #define HAVE_GRP_H 1
| #define HAVE_LANGINFO_H 1
| #define HAVE_LIBINTL_H 1
| #define HAVE_LINUX_AUXVEC_H 1
| #define HAVE_SYS_AUXV_H 1
| #define HAVE_LINUX_FS_H 1
| #define HAVE_LINUX_LIMITS_H 1
| #define HAVE_LINUX_MEMFD_H 1
| #define HAVE_LINUX_RANDOM_H 1
| #define HAVE_LINUX_SOUNDCARD_H 1
| #define HAVE_LINUX_TIPC_H 1
| #define HAVE_LINUX_WAIT_H 1
| #define HAVE_NETDB_H 1
| #define HAVE_NET_ETHERNET_H 1
| #define HAVE_NETINET_IN_H 1
| #define HAVE_NETPACKET_PACKET_H 1
| #define HAVE_POLL_H 1
| #define HAVE_PTHREAD_H 1
| #define HAVE_PTY_H 1
| #define HAVE_SCHED_H 1
| #define HAVE_SETJMP_H 1
| #define HAVE_SHADOW_H 1
| #define HAVE_SIGNAL_H 1
| #define HAVE_SPAWN_H 1
| #define HAVE_SYS_EPOLL_H 1
| #define HAVE_SYS_EVENTFD_H 1
| #define HAVE_SYS_FILE_H 1
| #define HAVE_SYS_IOCTL_H 1
| #define HAVE_SYS_MMAN_H 1
| #define HAVE_SYS_PARAM_H 1
| #define HAVE_SYS_POLL_H 1
| #define HAVE_SYS_RANDOM_H 1
| #define HAVE_SYS_RESOURCE_H 1
| #define HAVE_SYS_SELECT_H 1
| #define HAVE_SYS_SENDFILE_H 1
| #define HAVE_SYS_SOCKET_H 1
| #define HAVE_SYS_SOUNDCARD_H 1
| #define HAVE_SYS_STAT_H 1
| #define HAVE_SYS_STATVFS_H 1
| #define HAVE_SYS_SYSCALL_H 1
| #define HAVE_SYS_SYSMACROS_H 1
| #define HAVE_SYS_TIME_H 1
| #define HAVE_SYS_TIMES_H 1
| #define HAVE_SYS_TIMERFD_H 1
| #define HAVE_SYS_TYPES_H 1
| #define HAVE_SYS_UIO_H 1
| #define HAVE_SYS_UN_H 1
| #define HAVE_SYS_UTSNAME_H 1
| #define HAVE_SYS_WAIT_H 1
| #define HAVE_SYS_XATTR_H 1
| #define HAVE_SYSEXITS_H 1
| #define HAVE_SYSLOG_H 1
| #define HAVE_TERMIOS_H 1
| #define HAVE_UTIME_H 1
| #define HAVE_UTMP_H 1
| #define HAVE_DIRENT_H 1
| #define MAJOR_IN_SYSMACROS 1
| #define HAVE_NET_IF_H 1
| #define HAVE_LINUX_NETLINK_H 1
| #define HAVE_LINUX_QRTR_H 1
| #define HAVE_LINUX_VM_SOCKETS_H 1
| #define HAVE_LINUX_CAN_H 1
| #define HAVE_LINUX_CAN_BCM_H 1
| #define HAVE_LINUX_CAN_J1939_H 1
| #define HAVE_LINUX_CAN_RAW_H 1
| #define HAVE_CLOCK_T 1
| #define HAVE_MAKEDEV 1
| #define HAVE_HTOLE64 1
| #define _LARGEFILE_SOURCE 1
| #define _FILE_OFFSET_BITS 64
| #if defined(SCO_DS)
| #undef _OFF_T
| #endif
| #define RETSIGTYPE void
| #define HAVE_SSIZE_T 1
| #define HAVE___UINT128_T 1
| #define HAVE_GCC_UINT128_T 1
| #define SIZEOF_INT 4
| #define SIZEOF_LONG 8
| #define ALIGNOF_LONG 8
| #define SIZEOF_LONG_LONG 8
| #define SIZEOF_VOID_P 8
| #define SIZEOF_SHORT 2
| #define SIZEOF_FLOAT 4
| #define SIZEOF_DOUBLE 8
| #define SIZEOF_FPOS_T 16
| #define SIZEOF_SIZE_T 8
| #define ALIGNOF_SIZE_T 8
| #define SIZEOF_PID_T 4
| #define SIZEOF_UINTPTR_T 8
| #define ALIGNOF_MAX_ALIGN_T 16
| #define HAVE_LONG_DOUBLE 1
| #define SIZEOF_LONG_DOUBLE 16
| #define SIZEOF__BOOL 1
| #define SIZEOF_OFF_T 8
| #define SIZEOF_TIME_T 8
| #define SIZEOF_PTHREAD_T 8
| #define SIZEOF_PTHREAD_KEY_T 4
| #define PTHREAD_KEY_T_IS_COMPATIBLE_WITH_INT 1
| #define PY_HAVE_PERF_TRAMPOLINE 1
| #define HAVE_LIBDL 1
| #define HAVE_FFI_PREP_CIF_VAR 1
| #define HAVE_FFI_PREP_CLOSURE_LOC 1
| #define HAVE_FFI_CLOSURE_ALLOC 1
| #define WITH_DECIMAL_CONTEXTVAR 1
| #define HAVE_LIBSQLITE3 1
| #define HAVE_LIBSQLITE3 1
| #define HAVE_LIBSQLITE3 1
| #define HAVE_LIBSQLITE3 1
| #define HAVE_LIBSQLITE3 1
| #define HAVE_LIBSQLITE3 1
| #define HAVE_LIBSQLITE3 1
| #define HAVE_LIBSQLITE3 1
| #define HAVE_LIBSQLITE3 1
| #define PY_SQLITE_HAVE_SERIALIZE 1
| #define HAVE_GDBM_H 1
| #define _REENTRANT 1
| #define PTHREAD_SYSTEM_SCHED_SUPPORTED 1
| #define HAVE_PTHREAD_SIGMASK 1
| #define HAVE_PTHREAD_GETCPUCLOCKID 1
| #define ENABLE_IPV6 1
| #define HAVE_LINUX_CAN_RAW_FD_FRAMES 1
| #define HAVE_LINUX_CAN_RAW_JOIN_FILTERS 1
| #define WITH_DOC_STRINGS 1
| #define HAVE_STD_ATOMIC 1
| #define HAVE_BUILTIN_ATOMIC 1
| #define WITH_MIMALLOC 1
| #define WITH_PYMALLOC 1
| #define WITH_FREELISTS 1
| #define PY_COERCE_C_LOCALE 1
| #define HAVE_DLOPEN 1
| #define HAVE_DYNAMIC_LOADING 1
| #define HAVE_ACCEPT4 1
| #define HAVE_ALARM 1
| #define HAVE_BIND_TEXTDOMAIN_CODESET 1
| #define HAVE_CHMOD 1
| #define HAVE_CHOWN 1
| #define HAVE_CLOCK 1
| #define HAVE_CLOSEFROM 1
| #define HAVE_CLOSE_RANGE 1
| #define HAVE_CONFSTR 1
| #define HAVE_COPY_FILE_RANGE 1
| #define HAVE_CTERMID 1
| #define HAVE_DUP 1
| #define HAVE_DUP3 1
| #define HAVE_EXECV 1
| #define HAVE_EXPLICIT_BZERO 1
| #define HAVE_FACCESSAT 1
| #define HAVE_FCHMOD 1
| #define HAVE_FCHMODAT 1
| #define HAVE_FCHOWN 1
| #define HAVE_FCHOWNAT 1
| #define HAVE_FDOPENDIR 1
| #define HAVE_FEXECVE 1
| #define HAVE_FORK 1
| #define HAVE_FPATHCONF 1
| #define HAVE_FSTATAT 1
| #define HAVE_FTIME 1
| #define HAVE_FTRUNCATE 1
| #define HAVE_FUTIMENS 1
| #define HAVE_FUTIMES 1
| #define HAVE_FUTIMESAT 1
| #define HAVE_GAI_STRERROR 1
| #define HAVE_GETEGID 1
| #define HAVE_GETEUID 1
| #define HAVE_GETGID 1
| #define HAVE_GETGRENT 1
| #define HAVE_GETGRGID 1
| #define HAVE_GETGRGID_R 1
| #define HAVE_GETGRNAM_R 1
| #define HAVE_GETGROUPLIST 1
| #define HAVE_GETHOSTNAME 1
| #define HAVE_GETITIMER 1
| #define HAVE_GETLOADAVG 1
| #define HAVE_GETLOGIN 1
| #define HAVE_GETPEERNAME 1
| #define HAVE_GETPGID 1
| #define HAVE_GETPID 1
| #define HAVE_GETPPID 1
| #define HAVE_GETPRIORITY 1
| #define HAVE_GETPWENT 1
| #define HAVE_GETPWNAM_R 1
| #define HAVE_GETPWUID 1
| #define HAVE_GETPWUID_R 1
| #define HAVE_GETRESGID 1
| #define HAVE_GETRESUID 1
| #define HAVE_GETRUSAGE 1
| #define HAVE_GETSID 1
| #define HAVE_GETSPENT 1
| #define HAVE_GETSPNAM 1
| #define HAVE_GETUID 1
| #define HAVE_GETWD 1
| #define HAVE_GRANTPT 1
| #define HAVE_IF_NAMEINDEX 1
| #define HAVE_INITGROUPS 1
| #define HAVE_KILL 1
| #define HAVE_KILLPG 1
| #define HAVE_LCHOWN 1
| #define HAVE_LINKAT 1
| #define HAVE_LOCKF 1
| #define HAVE_LSTAT 1
| #define HAVE_LUTIMES 1
| #define HAVE_MADVISE 1
| #define HAVE_MBRTOWC 1
| #define HAVE_MEMRCHR 1
| #define HAVE_MKDIRAT 1
| #define HAVE_MKFIFO 1
| #define HAVE_MKFIFOAT 1
| #define HAVE_MKNOD 1
| #define HAVE_MKNODAT 1
| #define HAVE_MKTIME 1
| #define HAVE_MMAP 1
| #define HAVE_MREMAP 1
| #define HAVE_NICE 1
| #define HAVE_OPENAT 1
| #define HAVE_OPENDIR 1
| #define HAVE_PATHCONF 1
| #define HAVE_PAUSE 1
| #define HAVE_PIPE 1
| #define HAVE_PIPE2 1
| /* end confdefs.h.  */
| /* Define plock to an innocuous variant, in case <limits.h> declares plock.
|    For example, HP-UX 11i <limits.h> declares gettimeofday.  */
| #define plock innocuous_plock
| 
| /* System header to define __stub macros and hopefully few prototypes,
|    which can conflict with char plock (); below.  */
| 
| #include <limits.h>
| #undef plock
| 
| /* Override any GCC internal prototype to avoid an error.
|    Use char because int might match the return type of a GCC
|    builtin and then its argument prototype would still apply.  */
| #ifdef __cplusplus
| extern "C"
| #endif
| char plock ();
| /* The GNU C library defines this for functions which it implements
|     to always fail with ENOSYS.  Some functions are actually named
|     something starting with __ and the normal name is an alias.  */
| #if defined __stub_plock || defined __stub___plock
| choke me
| #endif
| 
| int
| main (void)
| {
| return plock ();
|   ;
|   return 0;
| }
configure:18460: result: no
configure:18466: checking for poll
configure:18466: gcc -o conftest    conftest.c -ldl  >&5
configure:18466: $? = 0
configure:18466: result: yes
configure:18472: checking for posix_fadvise
configure:18472: gcc -o conftest    conftest.c -ldl  >&5
configure:18472: $? = 0
configure:18472: result: yes
configure:18478: checking for posix_fallocate
configure:18478: gcc -o conftest    conftest.c -ldl  >&5
configure:18478: $? = 0
configure:18478: result: yes
configure:18484: checking for posix_openpt
configure:18484: gcc -o conftest    conftest.c -ldl  >&5
configure:18484: $? = 0
configure:18484: result: yes
configure:18490: checking for posix_spawn
configure:18490: gcc -o conftest    conftest.c -ldl  >&5
configure:18490: $? = 0
configure:18490: result: yes
configure:18496: checking for posix_spawnp
configure:18496: gcc -o conftest    conftest.c -ldl  >&5
configure:18496: $? = 0
configure:18496: result: yes
configure:18502: checking for posix_spawn_file_actions_addclosefrom_np
configure:18502: gcc -o conftest    conftest.c -ldl  >&5
configure:18502: $? = 0
configure:18502: result: yes
configure:18508: checking for pread
configure:18508: gcc -o conftest    conftest.c -ldl  >&5
configure:18508: $? = 0
configure:18508: result: yes
configure:18514: checking for preadv
configure:18514: gcc -o conftest    conftest.c -ldl  >&5
configure:18514: $? = 0
configure:18514: result: yes
configure:18520: checking for preadv2
configure:18520: gcc -o conftest    conftest.c -ldl  >&5
configure:18520: $? = 0
configure:18520: result: yes
configure:18526: checking for process_vm_readv
configure:18526: gcc -o conftest    conftest.c -ldl  >&5
configure:18526: $? = 0
configure:18526: result: yes
configure:18532: checking for pthread_cond_timedwait_relative_np
configure:18532: gcc -o conftest    conftest.c -ldl  >&5
/usr/bin/ld: /tmp/cciICwuH.o: in function `main':
conftest.c:(.text+0xe): undefined reference to `pthread_cond_timedwait_relative_np'
collect2: error: ld returned 1 exit status
configure:18532: $? = 1
configure: failed program was:
| /* confdefs.h */
| #define _NETBSD_SOURCE 1
| #define __BSD_VISIBLE 1
| #define _DARWIN_C_SOURCE 1
| #define _PYTHONFRAMEWORK ""
| #define _XOPEN_SOURCE 700
| #define _XOPEN_SOURCE_EXTENDED 1
| #define _POSIX_C_SOURCE 200809L
| #define HAVE_STDIO_H 1
| #define HAVE_STDLIB_H 1
| #define HAVE_STRING_H 1
| #define HAVE_INTTYPES_H 1
| #define HAVE_STDINT_H 1
| #define HAVE_STRINGS_H 1
| #define HAVE_SYS_STAT_H 1
| #define HAVE_SYS_TYPES_H 1
| #define HAVE_UNISTD_H 1
| #define HAVE_WCHAR_H 1
| #define STDC_HEADERS 1
| #define _ALL_SOURCE 1
| #define _DARWIN_C_SOURCE 1
| #define _GNU_SOURCE 1
| #define _HPUX_ALT_XOPEN_SOCKET_API 1
| #define _NETBSD_SOURCE 1
| #define _OPENBSD_SOURCE 1
| #define _POSIX_PTHREAD_SEMANTICS 1
| #define __STDC_WANT_IEC_60559_ATTRIBS_EXT__ 1
| #define __STDC_WANT_IEC_60559_BFP_EXT__ 1
| #define __STDC_WANT_IEC_60559_DFP_EXT__ 1
| #define __STDC_WANT_IEC_60559_FUNCS_EXT__ 1
| #define __STDC_WANT_IEC_60559_TYPES_EXT__ 1
| #define __STDC_WANT_LIB_EXT2__ 1
| #define __STDC_WANT_MATH_SPEC_FUNCS__ 1
| #define _TANDEM_SOURCE 1
| #define __EXTENSIONS__ 1
| #define PY_SUPPORT_TIER 1
| #define STDC_HEADERS 1
| #define HAVE_ALLOCA_H 1
| #define HAVE_ASM_TYPES_H 1
| #define HAVE_DLFCN_H 1
| #define HAVE_ENDIAN_H 1
| #define HAVE_ERRNO_H 1
| #define HAVE_FCNTL_H 1
| #define HAVE_GRP_H 1
| #define HAVE_LANGINFO_H 1
| #define HAVE_LIBINTL_H 1
| #define HAVE_LINUX_AUXVEC_H 1
| #define HAVE_SYS_AUXV_H 1
| #define HAVE_LINUX_FS_H 1
| #define HAVE_LINUX_LIMITS_H 1
| #define HAVE_LINUX_MEMFD_H 1
| #define HAVE_LINUX_RANDOM_H 1
| #define HAVE_LINUX_SOUNDCARD_H 1
| #define HAVE_LINUX_TIPC_H 1
| #define HAVE_LINUX_WAIT_H 1
| #define HAVE_NETDB_H 1
| #define HAVE_NET_ETHERNET_H 1
| #define HAVE_NETINET_IN_H 1
| #define HAVE_NETPACKET_PACKET_H 1
| #define HAVE_POLL_H 1
| #define HAVE_PTHREAD_H 1
| #define HAVE_PTY_H 1
| #define HAVE_SCHED_H 1
| #define HAVE_SETJMP_H 1
| #define HAVE_SHADOW_H 1
| #define HAVE_SIGNAL_H 1
| #define HAVE_SPAWN_H 1
| #define HAVE_SYS_EPOLL_H 1
| #define HAVE_SYS_EVENTFD_H 1
| #define HAVE_SYS_FILE_H 1
| #define HAVE_SYS_IOCTL_H 1
| #define HAVE_SYS_MMAN_H 1
| #define HAVE_SYS_PARAM_H 1
| #define HAVE_SYS_POLL_H 1
| #define HAVE_SYS_RANDOM_H 1
| #define HAVE_SYS_RESOURCE_H 1
| #define HAVE_SYS_SELECT_H 1
| #define HAVE_SYS_SENDFILE_H 1
| #define HAVE_SYS_SOCKET_H 1
| #define HAVE_SYS_SOUNDCARD_H 1
| #define HAVE_SYS_STAT_H 1
| #define HAVE_SYS_STATVFS_H 1
| #define HAVE_SYS_SYSCALL_H 1
| #define HAVE_SYS_SYSMACROS_H 1
| #define HAVE_SYS_TIME_H 1
| #define HAVE_SYS_TIMES_H 1
| #define HAVE_SYS_TIMERFD_H 1
| #define HAVE_SYS_TYPES_H 1
| #define HAVE_SYS_UIO_H 1
| #define HAVE_SYS_UN_H 1
| #define HAVE_SYS_UTSNAME_H 1
| #define HAVE_SYS_WAIT_H 1
| #define HAVE_SYS_XATTR_H 1
| #define HAVE_SYSEXITS_H 1
| #define HAVE_SYSLOG_H 1
| #define HAVE_TERMIOS_H 1
| #define HAVE_UTIME_H 1
| #define HAVE_UTMP_H 1
| #define HAVE_DIRENT_H 1
| #define MAJOR_IN_SYSMACROS 1
| #define HAVE_NET_IF_H 1
| #define HAVE_LINUX_NETLINK_H 1
| #define HAVE_LINUX_QRTR_H 1
| #define HAVE_LINUX_VM_SOCKETS_H 1
| #define HAVE_LINUX_CAN_H 1
| #define HAVE_LINUX_CAN_BCM_H 1
| #define HAVE_LINUX_CAN_J1939_H 1
| #define HAVE_LINUX_CAN_RAW_H 1
| #define HAVE_CLOCK_T 1
| #define HAVE_MAKEDEV 1
| #define HAVE_HTOLE64 1
| #define _LARGEFILE_SOURCE 1
| #define _FILE_OFFSET_BITS 64
| #if defined(SCO_DS)
| #undef _OFF_T
| #endif
| #define RETSIGTYPE void
| #define HAVE_SSIZE_T 1
| #define HAVE___UINT128_T 1
| #define HAVE_GCC_UINT128_T 1
| #define SIZEOF_INT 4
| #define SIZEOF_LONG 8
| #define ALIGNOF_LONG 8
| #define SIZEOF_LONG_LONG 8
| #define SIZEOF_VOID_P 8
| #define SIZEOF_SHORT 2
| #define SIZEOF_FLOAT 4
| #define SIZEOF_DOUBLE 8
| #define SIZEOF_FPOS_T 16
| #define SIZEOF_SIZE_T 8
| #define ALIGNOF_SIZE_T 8
| #define SIZEOF_PID_T 4
| #define SIZEOF_UINTPTR_T 8
| #define ALIGNOF_MAX_ALIGN_T 16
| #define HAVE_LONG_DOUBLE 1
| #define SIZEOF_LONG_DOUBLE 16
| #define SIZEOF__BOOL 1
| #define SIZEOF_OFF_T 8
| #define SIZEOF_TIME_T 8
| #define SIZEOF_PTHREAD_T 8
| #define SIZEOF_PTHREAD_KEY_T 4
| #define PTHREAD_KEY_T_IS_COMPATIBLE_WITH_INT 1
| #define PY_HAVE_PERF_TRAMPOLINE 1
| #define HAVE_LIBDL 1
| #define HAVE_FFI_PREP_CIF_VAR 1
| #define HAVE_FFI_PREP_CLOSURE_LOC 1
| #define HAVE_FFI_CLOSURE_ALLOC 1
| #define WITH_DECIMAL_CONTEXTVAR 1
| #define HAVE_LIBSQLITE3 1
| #define HAVE_LIBSQLITE3 1
| #define HAVE_LIBSQLITE3 1
| #define HAVE_LIBSQLITE3 1
| #define HAVE_LIBSQLITE3 1
| #define HAVE_LIBSQLITE3 1
| #define HAVE_LIBSQLITE3 1
| #define HAVE_LIBSQLITE3 1
| #define HAVE_LIBSQLITE3 1
| #define PY_SQLITE_HAVE_SERIALIZE 1
| #define HAVE_GDBM_H 1
| #define _REENTRANT 1
| #define PTHREAD_SYSTEM_SCHED_SUPPORTED 1
| #define HAVE_PTHREAD_SIGMASK 1
| #define HAVE_PTHREAD_GETCPUCLOCKID 1
| #define ENABLE_IPV6 1
| #define HAVE_LINUX_CAN_RAW_FD_FRAMES 1
| #define HAVE_LINUX_CAN_RAW_JOIN_FILTERS 1
| #define WITH_DOC_STRINGS 1
| #define HAVE_STD_ATOMIC 1
| #define HAVE_BUILTIN_ATOMIC 1
| #define WITH_MIMALLOC 1
| #define WITH_PYMALLOC 1
| #define WITH_FREELISTS 1
| #define PY_COERCE_C_LOCALE 1
| #define HAVE_DLOPEN 1
| #define HAVE_DYNAMIC_LOADING 1
| #define HAVE_ACCEPT4 1
| #define HAVE_ALARM 1
| #define HAVE_BIND_TEXTDOMAIN_CODESET 1
| #define HAVE_CHMOD 1
| #define HAVE_CHOWN 1
| #define HAVE_CLOCK 1
| #define HAVE_CLOSEFROM 1
| #define HAVE_CLOSE_RANGE 1
| #define HAVE_CONFSTR 1
| #define HAVE_COPY_FILE_RANGE 1
| #define HAVE_CTERMID 1
| #define HAVE_DUP 1
| #define HAVE_DUP3 1
| #define HAVE_EXECV 1
| #define HAVE_EXPLICIT_BZERO 1
| #define HAVE_FACCESSAT 1
| #define HAVE_FCHMOD 1
| #define HAVE_FCHMODAT 1
| #define HAVE_FCHOWN 1
| #define HAVE_FCHOWNAT 1
| #define HAVE_FDOPENDIR 1
| #define HAVE_FEXECVE 1
| #define HAVE_FORK 1
| #define HAVE_FPATHCONF 1
| #define HAVE_FSTATAT 1
| #define HAVE_FTIME 1
| #define HAVE_FTRUNCATE 1
| #define HAVE_FUTIMENS 1
| #define HAVE_FUTIMES 1
| #define HAVE_FUTIMESAT 1
| #define HAVE_GAI_STRERROR 1
| #define HAVE_GETEGID 1
| #define HAVE_GETEUID 1
| #define HAVE_GETGID 1
| #define HAVE_GETGRENT 1
| #define HAVE_GETGRGID 1
| #define HAVE_GETGRGID_R 1
| #define HAVE_GETGRNAM_R 1
| #define HAVE_GETGROUPLIST 1
| #define HAVE_GETHOSTNAME 1
| #define HAVE_GETITIMER 1
| #define HAVE_GETLOADAVG 1
| #define HAVE_GETLOGIN 1
| #define HAVE_GETPEERNAME 1
| #define HAVE_GETPGID 1
| #define HAVE_GETPID 1
| #define HAVE_GETPPID 1
| #define HAVE_GETPRIORITY 1
| #define HAVE_GETPWENT 1
| #define HAVE_GETPWNAM_R 1
| #define HAVE_GETPWUID 1
| #define HAVE_GETPWUID_R 1
| #define HAVE_GETRESGID 1
| #define HAVE_GETRESUID 1
| #define HAVE_GETRUSAGE 1
| #define HAVE_GETSID 1
| #define HAVE_GETSPENT 1
| #define HAVE_GETSPNAM 1
| #define HAVE_GETUID 1
| #define HAVE_GETWD 1
| #define HAVE_GRANTPT 1
| #define HAVE_IF_NAMEINDEX 1
| #define HAVE_INITGROUPS 1
| #define HAVE_KILL 1
| #define HAVE_KILLPG 1
| #define HAVE_LCHOWN 1
| #define HAVE_LINKAT 1
| #define HAVE_LOCKF 1
| #define HAVE_LSTAT 1
| #define HAVE_LUTIMES 1
| #define HAVE_MADVISE 1
| #define HAVE_MBRTOWC 1
| #define HAVE_MEMRCHR 1
| #define HAVE_MKDIRAT 1
| #define HAVE_MKFIFO 1
| #define HAVE_MKFIFOAT 1
| #define HAVE_MKNOD 1
| #define HAVE_MKNODAT 1
| #define HAVE_MKTIME 1
| #define HAVE_MMAP 1
| #define HAVE_MREMAP 1
| #define HAVE_NICE 1
| #define HAVE_OPENAT 1
| #define HAVE_OPENDIR 1
| #define HAVE_PATHCONF 1
| #define HAVE_PAUSE 1
| #define HAVE_PIPE 1
| #define HAVE_PIPE2 1
| #define HAVE_POLL 1
| #define HAVE_POSIX_FADVISE 1
| #define HAVE_POSIX_FALLOCATE 1
| #define HAVE_POSIX_OPENPT 1
| #define HAVE_POSIX_SPAWN 1
| #define HAVE_POSIX_SPAWNP 1
| #define HAVE_POSIX_SPAWN_FILE_ACTIONS_ADDCLOSEFROM_NP 1
| #define HAVE_PREAD 1
| #define HAVE_PREADV 1
| #define HAVE_PREADV2 1
| #define HAVE_PROCESS_VM_READV 1
| /* end confdefs.h.  */
| /* Define pthread_cond_timedwait_relative_np to an innocuous variant, in case <limits.h> declares pthread_cond_timedwait_relative_np.
|    For example, HP-UX 11i <limits.h> declares gettimeofday.  */
| #define pthread_cond_timedwait_relative_np innocuous_pthread_cond_timedwait_relative_np
| 
| /* System header to define __stub macros and hopefully few prototypes,
|    which can conflict with char pthread_cond_timedwait_relative_np (); below.  */
| 
| #include <limits.h>
| #undef pthread_cond_timedwait_relative_np
| 
| /* Override any GCC internal prototype to avoid an error.
|    Use char because int might match the return type of a GCC
|    builtin and then its argument prototype would still apply.  */
| #ifdef __cplusplus
| extern "C"
| #endif
| char pthread_cond_timedwait_relative_np ();
| /* The GNU C library defines this for functions which it implements
|     to always fail with ENOSYS.  Some functions are actually named
|     something starting with __ and the normal name is an alias.  */
| #if defined __stub_pthread_cond_timedwait_relative_np || defined __stub___pthread_cond_timedwait_relative_np
| choke me
| #endif
| 
| int
| main (void)
| {
| return pthread_cond_timedwait_relative_np ();
|   ;
|   return 0;
| }
configure:18532: result: no
configure:18538: checking for pthread_condattr_setclock
configure:18538: gcc -o conftest    conftest.c -ldl  >&5
configure:18538: $? = 0
configure:18538: result: yes
configure:18544: checking for pthread_init
configure:18544: gcc -o conftest    conftest.c -ldl  >&5
/usr/bin/ld: /tmp/ccYDiEr2.o: in function `main':
conftest.c:(.text+0xe): undefined reference to `pthread_init'
collect2: error: ld returned 1 exit status
configure:18544: $? = 1
configure: failed program was:
| /* confdefs.h */
| #define _NETBSD_SOURCE 1
| #define __BSD_VISIBLE 1
| #define _DARWIN_C_SOURCE 1
| #define _PYTHONFRAMEWORK ""
| #define _XOPEN_SOURCE 700
| #define _XOPEN_SOURCE_EXTENDED 1
| #define _POSIX_C_SOURCE 200809L
| #define HAVE_STDIO_H 1
| #define HAVE_STDLIB_H 1
| #define HAVE_STRING_H 1
| #define HAVE_INTTYPES_H 1
| #define HAVE_STDINT_H 1
| #define HAVE_STRINGS_H 1
| #define HAVE_SYS_STAT_H 1
| #define HAVE_SYS_TYPES_H 1
| #define HAVE_UNISTD_H 1
| #define HAVE_WCHAR_H 1
| #define STDC_HEADERS 1
| #define _ALL_SOURCE 1
| #define _DARWIN_C_SOURCE 1
| #define _GNU_SOURCE 1
| #define _HPUX_ALT_XOPEN_SOCKET_API 1
| #define _NETBSD_SOURCE 1
| #define _OPENBSD_SOURCE 1
| #define _POSIX_PTHREAD_SEMANTICS 1
| #define __STDC_WANT_IEC_60559_ATTRIBS_EXT__ 1
| #define __STDC_WANT_IEC_60559_BFP_EXT__ 1
| #define __STDC_WANT_IEC_60559_DFP_EXT__ 1
| #define __STDC_WANT_IEC_60559_FUNCS_EXT__ 1
| #define __STDC_WANT_IEC_60559_TYPES_EXT__ 1
| #define __STDC_WANT_LIB_EXT2__ 1
| #define __STDC_WANT_MATH_SPEC_FUNCS__ 1
| #define _TANDEM_SOURCE 1
| #define __EXTENSIONS__ 1
| #define PY_SUPPORT_TIER 1
| #define STDC_HEADERS 1
| #define HAVE_ALLOCA_H 1
| #define HAVE_ASM_TYPES_H 1
| #define HAVE_DLFCN_H 1
| #define HAVE_ENDIAN_H 1
| #define HAVE_ERRNO_H 1
| #define HAVE_FCNTL_H 1
| #define HAVE_GRP_H 1
| #define HAVE_LANGINFO_H 1
| #define HAVE_LIBINTL_H 1
| #define HAVE_LINUX_AUXVEC_H 1
| #define HAVE_SYS_AUXV_H 1
| #define HAVE_LINUX_FS_H 1
| #define HAVE_LINUX_LIMITS_H 1
| #define HAVE_LINUX_MEMFD_H 1
| #define HAVE_LINUX_RANDOM_H 1
| #define HAVE_LINUX_SOUNDCARD_H 1
| #define HAVE_LINUX_TIPC_H 1
| #define HAVE_LINUX_WAIT_H 1
| #define HAVE_NETDB_H 1
| #define HAVE_NET_ETHERNET_H 1
| #define HAVE_NETINET_IN_H 1
| #define HAVE_NETPACKET_PACKET_H 1
| #define HAVE_POLL_H 1
| #define HAVE_PTHREAD_H 1
| #define HAVE_PTY_H 1
| #define HAVE_SCHED_H 1
| #define HAVE_SETJMP_H 1
| #define HAVE_SHADOW_H 1
| #define HAVE_SIGNAL_H 1
| #define HAVE_SPAWN_H 1
| #define HAVE_SYS_EPOLL_H 1
| #define HAVE_SYS_EVENTFD_H 1
| #define HAVE_SYS_FILE_H 1
| #define HAVE_SYS_IOCTL_H 1
| #define HAVE_SYS_MMAN_H 1
| #define HAVE_SYS_PARAM_H 1
| #define HAVE_SYS_POLL_H 1
| #define HAVE_SYS_RANDOM_H 1
| #define HAVE_SYS_RESOURCE_H 1
| #define HAVE_SYS_SELECT_H 1
| #define HAVE_SYS_SENDFILE_H 1
| #define HAVE_SYS_SOCKET_H 1
| #define HAVE_SYS_SOUNDCARD_H 1
| #define HAVE_SYS_STAT_H 1
| #define HAVE_SYS_STATVFS_H 1
| #define HAVE_SYS_SYSCALL_H 1
| #define HAVE_SYS_SYSMACROS_H 1
| #define HAVE_SYS_TIME_H 1
| #define HAVE_SYS_TIMES_H 1
| #define HAVE_SYS_TIMERFD_H 1
| #define HAVE_SYS_TYPES_H 1
| #define HAVE_SYS_UIO_H 1
| #define HAVE_SYS_UN_H 1
| #define HAVE_SYS_UTSNAME_H 1
| #define HAVE_SYS_WAIT_H 1
| #define HAVE_SYS_XATTR_H 1
| #define HAVE_SYSEXITS_H 1
| #define HAVE_SYSLOG_H 1
| #define HAVE_TERMIOS_H 1
| #define HAVE_UTIME_H 1
| #define HAVE_UTMP_H 1
| #define HAVE_DIRENT_H 1
| #define MAJOR_IN_SYSMACROS 1
| #define HAVE_NET_IF_H 1
| #define HAVE_LINUX_NETLINK_H 1
| #define HAVE_LINUX_QRTR_H 1
| #define HAVE_LINUX_VM_SOCKETS_H 1
| #define HAVE_LINUX_CAN_H 1
| #define HAVE_LINUX_CAN_BCM_H 1
| #define HAVE_LINUX_CAN_J1939_H 1
| #define HAVE_LINUX_CAN_RAW_H 1
| #define HAVE_CLOCK_T 1
| #define HAVE_MAKEDEV 1
| #define HAVE_HTOLE64 1
| #define _LARGEFILE_SOURCE 1
| #define _FILE_OFFSET_BITS 64
| #if defined(SCO_DS)
| #undef _OFF_T
| #endif
| #define RETSIGTYPE void
| #define HAVE_SSIZE_T 1
| #define HAVE___UINT128_T 1
| #define HAVE_GCC_UINT128_T 1
| #define SIZEOF_INT 4
| #define SIZEOF_LONG 8
| #define ALIGNOF_LONG 8
| #define SIZEOF_LONG_LONG 8
| #define SIZEOF_VOID_P 8
| #define SIZEOF_SHORT 2
| #define SIZEOF_FLOAT 4
| #define SIZEOF_DOUBLE 8
| #define SIZEOF_FPOS_T 16
| #define SIZEOF_SIZE_T 8
| #define ALIGNOF_SIZE_T 8
| #define SIZEOF_PID_T 4
| #define SIZEOF_UINTPTR_T 8
| #define ALIGNOF_MAX_ALIGN_T 16
| #define HAVE_LONG_DOUBLE 1
| #define SIZEOF_LONG_DOUBLE 16
| #define SIZEOF__BOOL 1
| #define SIZEOF_OFF_T 8
| #define SIZEOF_TIME_T 8
| #define SIZEOF_PTHREAD_T 8
| #define SIZEOF_PTHREAD_KEY_T 4
| #define PTHREAD_KEY_T_IS_COMPATIBLE_WITH_INT 1
| #define PY_HAVE_PERF_TRAMPOLINE 1
| #define HAVE_LIBDL 1
| #define HAVE_FFI_PREP_CIF_VAR 1
| #define HAVE_FFI_PREP_CLOSURE_LOC 1
| #define HAVE_FFI_CLOSURE_ALLOC 1
| #define WITH_DECIMAL_CONTEXTVAR 1
| #define HAVE_LIBSQLITE3 1
| #define HAVE_LIBSQLITE3 1
| #define HAVE_LIBSQLITE3 1
| #define HAVE_LIBSQLITE3 1
| #define HAVE_LIBSQLITE3 1
| #define HAVE_LIBSQLITE3 1
| #define HAVE_LIBSQLITE3 1
| #define HAVE_LIBSQLITE3 1
| #define HAVE_LIBSQLITE3 1
| #define PY_SQLITE_HAVE_SERIALIZE 1
| #define HAVE_GDBM_H 1
| #define _REENTRANT 1
| #define PTHREAD_SYSTEM_SCHED_SUPPORTED 1
| #define HAVE_PTHREAD_SIGMASK 1
| #define HAVE_PTHREAD_GETCPUCLOCKID 1
| #define ENABLE_IPV6 1
| #define HAVE_LINUX_CAN_RAW_FD_FRAMES 1
| #define HAVE_LINUX_CAN_RAW_JOIN_FILTERS 1
| #define WITH_DOC_STRINGS 1
| #define HAVE_STD_ATOMIC 1
| #define HAVE_BUILTIN_ATOMIC 1
| #define WITH_MIMALLOC 1
| #define WITH_PYMALLOC 1
| #define WITH_FREELISTS 1
| #define PY_COERCE_C_LOCALE 1
| #define HAVE_DLOPEN 1
| #define HAVE_DYNAMIC_LOADING 1
| #define HAVE_ACCEPT4 1
| #define HAVE_ALARM 1
| #define HAVE_BIND_TEXTDOMAIN_CODESET 1
| #define HAVE_CHMOD 1
| #define HAVE_CHOWN 1
| #define HAVE_CLOCK 1
| #define HAVE_CLOSEFROM 1
| #define HAVE_CLOSE_RANGE 1
| #define HAVE_CONFSTR 1
| #define HAVE_COPY_FILE_RANGE 1
| #define HAVE_CTERMID 1
| #define HAVE_DUP 1
| #define HAVE_DUP3 1
| #define HAVE_EXECV 1
| #define HAVE_EXPLICIT_BZERO 1
| #define HAVE_FACCESSAT 1
| #define HAVE_FCHMOD 1
| #define HAVE_FCHMODAT 1
| #define HAVE_FCHOWN 1
| #define HAVE_FCHOWNAT 1
| #define HAVE_FDOPENDIR 1
| #define HAVE_FEXECVE 1
| #define HAVE_FORK 1
| #define HAVE_FPATHCONF 1
| #define HAVE_FSTATAT 1
| #define HAVE_FTIME 1
| #define HAVE_FTRUNCATE 1
| #define HAVE_FUTIMENS 1
| #define HAVE_FUTIMES 1
| #define HAVE_FUTIMESAT 1
| #define HAVE_GAI_STRERROR 1
| #define HAVE_GETEGID 1
| #define HAVE_GETEUID 1
| #define HAVE_GETGID 1
| #define HAVE_GETGRENT 1
| #define HAVE_GETGRGID 1
| #define HAVE_GETGRGID_R 1
| #define HAVE_GETGRNAM_R 1
| #define HAVE_GETGROUPLIST 1
| #define HAVE_GETHOSTNAME 1
| #define HAVE_GETITIMER 1
| #define HAVE_GETLOADAVG 1
| #define HAVE_GETLOGIN 1
| #define HAVE_GETPEERNAME 1
| #define HAVE_GETPGID 1
| #define HAVE_GETPID 1
| #define HAVE_GETPPID 1
| #define HAVE_GETPRIORITY 1
| #define HAVE_GETPWENT 1
| #define HAVE_GETPWNAM_R 1
| #define HAVE_GETPWUID 1
| #define HAVE_GETPWUID_R 1
| #define HAVE_GETRESGID 1
| #define HAVE_GETRESUID 1
| #define HAVE_GETRUSAGE 1
| #define HAVE_GETSID 1
| #define HAVE_GETSPENT 1
| #define HAVE_GETSPNAM 1
| #define HAVE_GETUID 1
| #define HAVE_GETWD 1
| #define HAVE_GRANTPT 1
| #define HAVE_IF_NAMEINDEX 1
| #define HAVE_INITGROUPS 1
| #define HAVE_KILL 1
| #define HAVE_KILLPG 1
| #define HAVE_LCHOWN 1
| #define HAVE_LINKAT 1
| #define HAVE_LOCKF 1
| #define HAVE_LSTAT 1
| #define HAVE_LUTIMES 1
| #define HAVE_MADVISE 1
| #define HAVE_MBRTOWC 1
| #define HAVE_MEMRCHR 1
| #define HAVE_MKDIRAT 1
| #define HAVE_MKFIFO 1
| #define HAVE_MKFIFOAT 1
| #define HAVE_MKNOD 1
| #define HAVE_MKNODAT 1
| #define HAVE_MKTIME 1
| #define HAVE_MMAP 1
| #define HAVE_MREMAP 1
| #define HAVE_NICE 1
| #define HAVE_OPENAT 1
| #define HAVE_OPENDIR 1
| #define HAVE_PATHCONF 1
| #define HAVE_PAUSE 1
| #define HAVE_PIPE 1
| #define HAVE_PIPE2 1
| #define HAVE_POLL 1
| #define HAVE_POSIX_FADVISE 1
| #define HAVE_POSIX_FALLOCATE 1
| #define HAVE_POSIX_OPENPT 1
| #define HAVE_POSIX_SPAWN 1
| #define HAVE_POSIX_SPAWNP 1
| #define HAVE_POSIX_SPAWN_FILE_ACTIONS_ADDCLOSEFROM_NP 1
| #define HAVE_PREAD 1
| #define HAVE_PREADV 1
| #define HAVE_PREADV2 1
| #define HAVE_PROCESS_VM_READV 1
| #define HAVE_PTHREAD_CONDATTR_SETCLOCK 1
| /* end confdefs.h.  */
| /* Define pthread_init to an innocuous variant, in case <limits.h> declares pthread_init.
|    For example, HP-UX 11i <limits.h> declares gettimeofday.  */
| #define pthread_init innocuous_pthread_init
| 
| /* System header to define __stub macros and hopefully few prototypes,
|    which can conflict with char pthread_init (); below.  */
| 
| #include <limits.h>
| #undef pthread_init
| 
| /* Override any GCC internal prototype to avoid an error.
|    Use char because int might match the return type of a GCC
|    builtin and then its argument prototype would still apply.  */
| #ifdef __cplusplus
| extern "C"
| #endif
| char pthread_init ();
| /* The GNU C library defines this for functions which it implements
|     to always fail with ENOSYS.  Some functions are actually named
|     something starting with __ and the normal name is an alias.  */
| #if defined __stub_pthread_init || defined __stub___pthread_init
| choke me
| #endif
| 
| int
| main (void)
| {
| return pthread_init ();
|   ;
|   return 0;
| }
configure:18544: result: no
configure:18550: checking for pthread_kill
configure:18550: gcc -o conftest    conftest.c -ldl  >&5
configure:18550: $? = 0
configure:18550: result: yes
configure:18556: checking for ptsname
configure:18556: gcc -o conftest    conftest.c -ldl  >&5
configure:18556: $? = 0
configure:18556: result: yes
configure:18562: checking for ptsname_r
configure:18562: gcc -o conftest    conftest.c -ldl  >&5
configure:18562: $? = 0
configure:18562: result: yes
configure:18568: checking for pwrite
configure:18568: gcc -o conftest    conftest.c -ldl  >&5
configure:18568: $? = 0
configure:18568: result: yes
configure:18574: checking for pwritev
configure:18574: gcc -o conftest    conftest.c -ldl  >&5
configure:18574: $? = 0
configure:18574: result: yes
configure:18580: checking for pwritev2
configure:18580: gcc -o conftest    conftest.c -ldl  >&5
configure:18580: $? = 0
configure:18580: result: yes
configure:18586: checking for readlink
configure:18586: gcc -o conftest    conftest.c -ldl  >&5
configure:18586: $? = 0
configure:18586: result: yes
configure:18592: checking for readlinkat
configure:18592: gcc -o conftest    conftest.c -ldl  >&5
configure:18592: $? = 0
configure:18592: result: yes
configure:18598: checking for readv
configure:18598: gcc -o conftest    conftest.c -ldl  >&5
configure:18598: $? = 0
configure:18598: result: yes
configure:18604: checking for realpath
configure:18604: gcc -o conftest    conftest.c -ldl  >&5
configure:18604: $? = 0
configure:18604: result: yes
configure:18610: checking for renameat
configure:18610: gcc -o conftest    conftest.c -ldl  >&5
configure:18610: $? = 0
configure:18610: result: yes
configure:18616: checking for rtpSpawn
configure:18616: gcc -o conftest    conftest.c -ldl  >&5
/usr/bin/ld: /tmp/ccjnajSZ.o: in function `main':
conftest.c:(.text+0xe): undefined reference to `rtpSpawn'
collect2: error: ld returned 1 exit status
configure:18616: $? = 1
configure: failed program was:
| /* confdefs.h */
| #define _NETBSD_SOURCE 1
| #define __BSD_VISIBLE 1
| #define _DARWIN_C_SOURCE 1
| #define _PYTHONFRAMEWORK ""
| #define _XOPEN_SOURCE 700
| #define _XOPEN_SOURCE_EXTENDED 1
| #define _POSIX_C_SOURCE 200809L
| #define HAVE_STDIO_H 1
| #define HAVE_STDLIB_H 1
| #define HAVE_STRING_H 1
| #define HAVE_INTTYPES_H 1
| #define HAVE_STDINT_H 1
| #define HAVE_STRINGS_H 1
| #define HAVE_SYS_STAT_H 1
| #define HAVE_SYS_TYPES_H 1
| #define HAVE_UNISTD_H 1
| #define HAVE_WCHAR_H 1
| #define STDC_HEADERS 1
| #define _ALL_SOURCE 1
| #define _DARWIN_C_SOURCE 1
| #define _GNU_SOURCE 1
| #define _HPUX_ALT_XOPEN_SOCKET_API 1
| #define _NETBSD_SOURCE 1
| #define _OPENBSD_SOURCE 1
| #define _POSIX_PTHREAD_SEMANTICS 1
| #define __STDC_WANT_IEC_60559_ATTRIBS_EXT__ 1
| #define __STDC_WANT_IEC_60559_BFP_EXT__ 1
| #define __STDC_WANT_IEC_60559_DFP_EXT__ 1
| #define __STDC_WANT_IEC_60559_FUNCS_EXT__ 1
| #define __STDC_WANT_IEC_60559_TYPES_EXT__ 1
| #define __STDC_WANT_LIB_EXT2__ 1
| #define __STDC_WANT_MATH_SPEC_FUNCS__ 1
| #define _TANDEM_SOURCE 1
| #define __EXTENSIONS__ 1
| #define PY_SUPPORT_TIER 1
| #define STDC_HEADERS 1
| #define HAVE_ALLOCA_H 1
| #define HAVE_ASM_TYPES_H 1
| #define HAVE_DLFCN_H 1
| #define HAVE_ENDIAN_H 1
| #define HAVE_ERRNO_H 1
| #define HAVE_FCNTL_H 1
| #define HAVE_GRP_H 1
| #define HAVE_LANGINFO_H 1
| #define HAVE_LIBINTL_H 1
| #define HAVE_LINUX_AUXVEC_H 1
| #define HAVE_SYS_AUXV_H 1
| #define HAVE_LINUX_FS_H 1
| #define HAVE_LINUX_LIMITS_H 1
| #define HAVE_LINUX_MEMFD_H 1
| #define HAVE_LINUX_RANDOM_H 1
| #define HAVE_LINUX_SOUNDCARD_H 1
| #define HAVE_LINUX_TIPC_H 1
| #define HAVE_LINUX_WAIT_H 1
| #define HAVE_NETDB_H 1
| #define HAVE_NET_ETHERNET_H 1
| #define HAVE_NETINET_IN_H 1
| #define HAVE_NETPACKET_PACKET_H 1
| #define HAVE_POLL_H 1
| #define HAVE_PTHREAD_H 1
| #define HAVE_PTY_H 1
| #define HAVE_SCHED_H 1
| #define HAVE_SETJMP_H 1
| #define HAVE_SHADOW_H 1
| #define HAVE_SIGNAL_H 1
| #define HAVE_SPAWN_H 1
| #define HAVE_SYS_EPOLL_H 1
| #define HAVE_SYS_EVENTFD_H 1
| #define HAVE_SYS_FILE_H 1
| #define HAVE_SYS_IOCTL_H 1
| #define HAVE_SYS_MMAN_H 1
| #define HAVE_SYS_PARAM_H 1
| #define HAVE_SYS_POLL_H 1
| #define HAVE_SYS_RANDOM_H 1
| #define HAVE_SYS_RESOURCE_H 1
| #define HAVE_SYS_SELECT_H 1
| #define HAVE_SYS_SENDFILE_H 1
| #define HAVE_SYS_SOCKET_H 1
| #define HAVE_SYS_SOUNDCARD_H 1
| #define HAVE_SYS_STAT_H 1
| #define HAVE_SYS_STATVFS_H 1
| #define HAVE_SYS_SYSCALL_H 1
| #define HAVE_SYS_SYSMACROS_H 1
| #define HAVE_SYS_TIME_H 1
| #define HAVE_SYS_TIMES_H 1
| #define HAVE_SYS_TIMERFD_H 1
| #define HAVE_SYS_TYPES_H 1
| #define HAVE_SYS_UIO_H 1
| #define HAVE_SYS_UN_H 1
| #define HAVE_SYS_UTSNAME_H 1
| #define HAVE_SYS_WAIT_H 1
| #define HAVE_SYS_XATTR_H 1
| #define HAVE_SYSEXITS_H 1
| #define HAVE_SYSLOG_H 1
| #define HAVE_TERMIOS_H 1
| #define HAVE_UTIME_H 1
| #define HAVE_UTMP_H 1
| #define HAVE_DIRENT_H 1
| #define MAJOR_IN_SYSMACROS 1
| #define HAVE_NET_IF_H 1
| #define HAVE_LINUX_NETLINK_H 1
| #define HAVE_LINUX_QRTR_H 1
| #define HAVE_LINUX_VM_SOCKETS_H 1
| #define HAVE_LINUX_CAN_H 1
| #define HAVE_LINUX_CAN_BCM_H 1
| #define HAVE_LINUX_CAN_J1939_H 1
| #define HAVE_LINUX_CAN_RAW_H 1
| #define HAVE_CLOCK_T 1
| #define HAVE_MAKEDEV 1
| #define HAVE_HTOLE64 1
| #define _LARGEFILE_SOURCE 1
| #define _FILE_OFFSET_BITS 64
| #if defined(SCO_DS)
| #undef _OFF_T
| #endif
| #define RETSIGTYPE void
| #define HAVE_SSIZE_T 1
| #define HAVE___UINT128_T 1
| #define HAVE_GCC_UINT128_T 1
| #define SIZEOF_INT 4
| #define SIZEOF_LONG 8
| #define ALIGNOF_LONG 8
| #define SIZEOF_LONG_LONG 8
| #define SIZEOF_VOID_P 8
| #define SIZEOF_SHORT 2
| #define SIZEOF_FLOAT 4
| #define SIZEOF_DOUBLE 8
| #define SIZEOF_FPOS_T 16
| #define SIZEOF_SIZE_T 8
| #define ALIGNOF_SIZE_T 8
| #define SIZEOF_PID_T 4
| #define SIZEOF_UINTPTR_T 8
| #define ALIGNOF_MAX_ALIGN_T 16
| #define HAVE_LONG_DOUBLE 1
| #define SIZEOF_LONG_DOUBLE 16
| #define SIZEOF__BOOL 1
| #define SIZEOF_OFF_T 8
| #define SIZEOF_TIME_T 8
| #define SIZEOF_PTHREAD_T 8
| #define SIZEOF_PTHREAD_KEY_T 4
| #define PTHREAD_KEY_T_IS_COMPATIBLE_WITH_INT 1
| #define PY_HAVE_PERF_TRAMPOLINE 1
| #define HAVE_LIBDL 1
| #define HAVE_FFI_PREP_CIF_VAR 1
| #define HAVE_FFI_PREP_CLOSURE_LOC 1
| #define HAVE_FFI_CLOSURE_ALLOC 1
| #define WITH_DECIMAL_CONTEXTVAR 1
| #define HAVE_LIBSQLITE3 1
| #define HAVE_LIBSQLITE3 1
| #define HAVE_LIBSQLITE3 1
| #define HAVE_LIBSQLITE3 1
| #define HAVE_LIBSQLITE3 1
| #define HAVE_LIBSQLITE3 1
| #define HAVE_LIBSQLITE3 1
| #define HAVE_LIBSQLITE3 1
| #define HAVE_LIBSQLITE3 1
| #define PY_SQLITE_HAVE_SERIALIZE 1
| #define HAVE_GDBM_H 1
| #define _REENTRANT 1
| #define PTHREAD_SYSTEM_SCHED_SUPPORTED 1
| #define HAVE_PTHREAD_SIGMASK 1
| #define HAVE_PTHREAD_GETCPUCLOCKID 1
| #define ENABLE_IPV6 1
| #define HAVE_LINUX_CAN_RAW_FD_FRAMES 1
| #define HAVE_LINUX_CAN_RAW_JOIN_FILTERS 1
| #define WITH_DOC_STRINGS 1
| #define HAVE_STD_ATOMIC 1
| #define HAVE_BUILTIN_ATOMIC 1
| #define WITH_MIMALLOC 1
| #define WITH_PYMALLOC 1
| #define WITH_FREELISTS 1
| #define PY_COERCE_C_LOCALE 1
| #define HAVE_DLOPEN 1
| #define HAVE_DYNAMIC_LOADING 1
| #define HAVE_ACCEPT4 1
| #define HAVE_ALARM 1
| #define HAVE_BIND_TEXTDOMAIN_CODESET 1
| #define HAVE_CHMOD 1
| #define HAVE_CHOWN 1
| #define HAVE_CLOCK 1
| #define HAVE_CLOSEFROM 1
| #define HAVE_CLOSE_RANGE 1
| #define HAVE_CONFSTR 1
| #define HAVE_COPY_FILE_RANGE 1
| #define HAVE_CTERMID 1
| #define HAVE_DUP 1
| #define HAVE_DUP3 1
| #define HAVE_EXECV 1
| #define HAVE_EXPLICIT_BZERO 1
| #define HAVE_FACCESSAT 1
| #define HAVE_FCHMOD 1
| #define HAVE_FCHMODAT 1
| #define HAVE_FCHOWN 1
| #define HAVE_FCHOWNAT 1
| #define HAVE_FDOPENDIR 1
| #define HAVE_FEXECVE 1
| #define HAVE_FORK 1
| #define HAVE_FPATHCONF 1
| #define HAVE_FSTATAT 1
| #define HAVE_FTIME 1
| #define HAVE_FTRUNCATE 1
| #define HAVE_FUTIMENS 1
| #define HAVE_FUTIMES 1
| #define HAVE_FUTIMESAT 1
| #define HAVE_GAI_STRERROR 1
| #define HAVE_GETEGID 1
| #define HAVE_GETEUID 1
| #define HAVE_GETGID 1
| #define HAVE_GETGRENT 1
| #define HAVE_GETGRGID 1
| #define HAVE_GETGRGID_R 1
| #define HAVE_GETGRNAM_R 1
| #define HAVE_GETGROUPLIST 1
| #define HAVE_GETHOSTNAME 1
| #define HAVE_GETITIMER 1
| #define HAVE_GETLOADAVG 1
| #define HAVE_GETLOGIN 1
| #define HAVE_GETPEERNAME 1
| #define HAVE_GETPGID 1
| #define HAVE_GETPID 1
| #define HAVE_GETPPID 1
| #define HAVE_GETPRIORITY 1
| #define HAVE_GETPWENT 1
| #define HAVE_GETPWNAM_R 1
| #define HAVE_GETPWUID 1
| #define HAVE_GETPWUID_R 1
| #define HAVE_GETRESGID 1
| #define HAVE_GETRESUID 1
| #define HAVE_GETRUSAGE 1
| #define HAVE_GETSID 1
| #define HAVE_GETSPENT 1
| #define HAVE_GETSPNAM 1
| #define HAVE_GETUID 1
| #define HAVE_GETWD 1
| #define HAVE_GRANTPT 1
| #define HAVE_IF_NAMEINDEX 1
| #define HAVE_INITGROUPS 1
| #define HAVE_KILL 1
| #define HAVE_KILLPG 1
| #define HAVE_LCHOWN 1
| #define HAVE_LINKAT 1
| #define HAVE_LOCKF 1
| #define HAVE_LSTAT 1
| #define HAVE_LUTIMES 1
| #define HAVE_MADVISE 1
| #define HAVE_MBRTOWC 1
| #define HAVE_MEMRCHR 1
| #define HAVE_MKDIRAT 1
| #define HAVE_MKFIFO 1
| #define HAVE_MKFIFOAT 1
| #define HAVE_MKNOD 1
| #define HAVE_MKNODAT 1
| #define HAVE_MKTIME 1
| #define HAVE_MMAP 1
| #define HAVE_MREMAP 1
| #define HAVE_NICE 1
| #define HAVE_OPENAT 1
| #define HAVE_OPENDIR 1
| #define HAVE_PATHCONF 1
| #define HAVE_PAUSE 1
| #define HAVE_PIPE 1
| #define HAVE_PIPE2 1
| #define HAVE_POLL 1
| #define HAVE_POSIX_FADVISE 1
| #define HAVE_POSIX_FALLOCATE 1
| #define HAVE_POSIX_OPENPT 1
| #define HAVE_POSIX_SPAWN 1
| #define HAVE_POSIX_SPAWNP 1
| #define HAVE_POSIX_SPAWN_FILE_ACTIONS_ADDCLOSEFROM_NP 1
| #define HAVE_PREAD 1
| #define HAVE_PREADV 1
| #define HAVE_PREADV2 1
| #define HAVE_PROCESS_VM_READV 1
| #define HAVE_PTHREAD_CONDATTR_SETCLOCK 1
| #define HAVE_PTHREAD_KILL 1
| #define HAVE_PTSNAME 1
| #define HAVE_PTSNAME_R 1
| #define HAVE_PWRITE 1
| #define HAVE_PWRITEV 1
| #define HAVE_PWRITEV2 1
| #define HAVE_READLINK 1
| #define HAVE_READLINKAT 1
| #define HAVE_READV 1
| #define HAVE_REALPATH 1
| #define HAVE_RENAMEAT 1
| /* end confdefs.h.  */
| /* Define rtpSpawn to an innocuous variant, in case <limits.h> declares rtpSpawn.
|    For example, HP-UX 11i <limits.h> declares gettimeofday.  */
| #define rtpSpawn innocuous_rtpSpawn
| 
| /* System header to define __stub macros and hopefully few prototypes,
|    which can conflict with char rtpSpawn (); below.  */
| 
| #include <limits.h>
| #undef rtpSpawn
| 
| /* Override any GCC internal prototype to avoid an error.
|    Use char because int might match the return type of a GCC
|    builtin and then its argument prototype would still apply.  */
| #ifdef __cplusplus
| extern "C"
| #endif
| char rtpSpawn ();
| /* The GNU C library defines this for functions which it implements
|     to always fail with ENOSYS.  Some functions are actually named
|     something starting with __ and the normal name is an alias.  */
| #if defined __stub_rtpSpawn || defined __stub___rtpSpawn
| choke me
| #endif
| 
| int
| main (void)
| {
| return rtpSpawn ();
|   ;
|   return 0;
| }
configure:18616: result: no
configure:18622: checking for sched_get_priority_max
configure:18622: gcc -o conftest    conftest.c -ldl  >&5
configure:18622: $? = 0
configure:18622: result: yes
configure:18628: checking for sched_rr_get_interval
configure:18628: gcc -o conftest    conftest.c -ldl  >&5
configure:18628: $? = 0
configure:18628: result: yes
configure:18634: checking for sched_setaffinity
configure:18634: gcc -o conftest    conftest.c -ldl  >&5
configure:18634: $? = 0
configure:18634: result: yes
configure:18640: checking for sched_setparam
configure:18640: gcc -o conftest    conftest.c -ldl  >&5
configure:18640: $? = 0
configure:18640: result: yes
configure:18646: checking for sched_setscheduler
configure:18646: gcc -o conftest    conftest.c -ldl  >&5
configure:18646: $? = 0
configure:18646: result: yes
configure:18652: checking for sem_clockwait
configure:18652: gcc -o conftest    conftest.c -ldl  >&5
configure:18652: $? = 0
configure:18652: result: yes
configure:18658: checking for sem_getvalue
configure:18658: gcc -o conftest    conftest.c -ldl  >&5
configure:18658: $? = 0
configure:18658: result: yes
configure:18664: checking for sem_open
configure:18664: gcc -o conftest    conftest.c -ldl  >&5
configure:18664: $? = 0
configure:18664: result: yes
configure:18670: checking for sem_timedwait
configure:18670: gcc -o conftest    conftest.c -ldl  >&5
configure:18670: $? = 0
configure:18670: result: yes
configure:18676: checking for sem_unlink
configure:18676: gcc -o conftest    conftest.c -ldl  >&5
configure:18676: $? = 0
configure:18676: result: yes
configure:18682: checking for sendfile
configure:18682: gcc -o conftest    conftest.c -ldl  >&5
configure:18682: $? = 0
configure:18682: result: yes
configure:18688: checking for setegid
configure:18688: gcc -o conftest    conftest.c -ldl  >&5
configure:18688: $? = 0
configure:18688: result: yes
configure:18694: checking for seteuid
configure:18694: gcc -o conftest    conftest.c -ldl  >&5
configure:18694: $? = 0
configure:18694: result: yes
configure:18700: checking for setgid
configure:18700: gcc -o conftest    conftest.c -ldl  >&5
configure:18700: $? = 0
configure:18700: result: yes
configure:18706: checking for sethostname
configure:18706: gcc -o conftest    conftest.c -ldl  >&5
configure:18706: $? = 0
configure:18706: result: yes
configure:18712: checking for setitimer
configure:18712: gcc -o conftest    conftest.c -ldl  >&5
configure:18712: $? = 0
configure:18712: result: yes
configure:18718: checking for setlocale
configure:18718: gcc -o conftest    conftest.c -ldl  >&5
configure:18718: $? = 0
configure:18718: result: yes
configure:18724: checking for setpgid
configure:18724: gcc -o conftest    conftest.c -ldl  >&5
configure:18724: $? = 0
configure:18724: result: yes
configure:18730: checking for setpgrp
configure:18730: gcc -o conftest    conftest.c -ldl  >&5
configure:18730: $? = 0
configure:18730: result: yes
configure:18736: checking for setpriority
configure:18736: gcc -o conftest    conftest.c -ldl  >&5
configure:18736: $? = 0
configure:18736: result: yes
configure:18742: checking for setregid
configure:18742: gcc -o conftest    conftest.c -ldl  >&5
configure:18742: $? = 0
configure:18742: result: yes
configure:18748: checking for setresgid
configure:18748: gcc -o conftest    conftest.c -ldl  >&5
configure:18748: $? = 0
configure:18748: result: yes
configure:18754: checking for setresuid
configure:18754: gcc -o conftest    conftest.c -ldl  >&5
configure:18754: $? = 0
configure:18754: result: yes
configure:18760: checking for setreuid
configure:18760: gcc -o conftest    conftest.c -ldl  >&5
configure:18760: $? = 0
configure:18760: result: yes
configure:18766: checking for setsid
configure:18766: gcc -o conftest    conftest.c -ldl  >&5
configure:18766: $? = 0
configure:18766: result: yes
configure:18772: checking for setuid
configure:18772: gcc -o conftest    conftest.c -ldl  >&5
configure:18772: $? = 0
configure:18772: result: yes
configure:18778: checking for setvbuf
configure:18778: gcc -o conftest    conftest.c -ldl  >&5
configure:18778: $? = 0
configure:18778: result: yes
configure:18784: checking for shutdown
configure:18784: gcc -o conftest    conftest.c -ldl  >&5
configure:18784: $? = 0
configure:18784: result: yes
configure:18790: checking for sigaction
configure:18790: gcc -o conftest    conftest.c -ldl  >&5
configure:18790: $? = 0
configure:18790: result: yes
configure:18796: checking for sigaltstack
configure:18796: gcc -o conftest    conftest.c -ldl  >&5
configure:18796: $? = 0
configure:18796: result: yes
configure:18802: checking for sigfillset
configure:18802: gcc -o conftest    conftest.c -ldl  >&5
configure:18802: $? = 0
configure:18802: result: yes
configure:18808: checking for siginterrupt
configure:18808: gcc -o conftest    conftest.c -ldl  >&5
configure:18808: $? = 0
configure:18808: result: yes
configure:18814: checking for sigpending
configure:18814: gcc -o conftest    conftest.c -ldl  >&5
configure:18814: $? = 0
configure:18814: result: yes
configure:18820: checking for sigrelse
configure:18820: gcc -o conftest    conftest.c -ldl  >&5
configure:18820: $? = 0
configure:18820: result: yes
configure:18826: checking for sigtimedwait
configure:18826: gcc -o conftest    conftest.c -ldl  >&5
configure:18826: $? = 0
configure:18826: result: yes
configure:18832: checking for sigwait
configure:18832: gcc -o conftest    conftest.c -ldl  >&5
configure:18832: $? = 0
configure:18832: result: yes
configure:18838: checking for sigwaitinfo
configure:18838: gcc -o conftest    conftest.c -ldl  >&5
configure:18838: $? = 0
configure:18838: result: yes
configure:18844: checking for snprintf
configure:18844: gcc -o conftest    conftest.c -ldl  >&5
conftest.c:341:6: warning: conflicting types for built-in function 'snprintf'; expected 'int(char *, long unsigned int,  const char *, ...)' [-Wbuiltin-declaration-mismatch]
  341 | char snprintf ();
      |      ^~~~~~~~
conftest.c:333:1: note: 'snprintf' is declared in header '<stdio.h>'
  332 | #include <limits.h>
  333 | #undef snprintf
configure:18844: $? = 0
configure:18844: result: yes
configure:18850: checking for splice
configure:18850: gcc -o conftest    conftest.c -ldl  >&5
configure:18850: $? = 0
configure:18850: result: yes
configure:18856: checking for strftime
configure:18856: gcc -o conftest    conftest.c -ldl  >&5
conftest.c:343:6: warning: conflicting types for built-in function 'strftime'; expected 'long unsigned int(char *, long unsigned int,  const char *, const void *)' [-Wbuiltin-declaration-mismatch]
  343 | char strftime ();
      |      ^~~~~~~~
conftest.c:335:1: note: 'strftime' is declared in header '<time.h>'
  334 | #include <limits.h>
  335 | #undef strftime
configure:18856: $? = 0
configure:18856: result: yes
configure:18862: checking for strlcpy
configure:18862: gcc -o conftest    conftest.c -ldl  >&5
/usr/bin/ld: /tmp/ccfRZyvy.o: in function `main':
conftest.c:(.text+0xe): undefined reference to `strlcpy'
collect2: error: ld returned 1 exit status
configure:18862: $? = 1
configure: failed program was:
| /* confdefs.h */
| #define _NETBSD_SOURCE 1
| #define __BSD_VISIBLE 1
| #define _DARWIN_C_SOURCE 1
| #define _PYTHONFRAMEWORK ""
| #define _XOPEN_SOURCE 700
| #define _XOPEN_SOURCE_EXTENDED 1
| #define _POSIX_C_SOURCE 200809L
| #define HAVE_STDIO_H 1
| #define HAVE_STDLIB_H 1
| #define HAVE_STRING_H 1
| #define HAVE_INTTYPES_H 1
| #define HAVE_STDINT_H 1
| #define HAVE_STRINGS_H 1
| #define HAVE_SYS_STAT_H 1
| #define HAVE_SYS_TYPES_H 1
| #define HAVE_UNISTD_H 1
| #define HAVE_WCHAR_H 1
| #define STDC_HEADERS 1
| #define _ALL_SOURCE 1
| #define _DARWIN_C_SOURCE 1
| #define _GNU_SOURCE 1
| #define _HPUX_ALT_XOPEN_SOCKET_API 1
| #define _NETBSD_SOURCE 1
| #define _OPENBSD_SOURCE 1
| #define _POSIX_PTHREAD_SEMANTICS 1
| #define __STDC_WANT_IEC_60559_ATTRIBS_EXT__ 1
| #define __STDC_WANT_IEC_60559_BFP_EXT__ 1
| #define __STDC_WANT_IEC_60559_DFP_EXT__ 1
| #define __STDC_WANT_IEC_60559_FUNCS_EXT__ 1
| #define __STDC_WANT_IEC_60559_TYPES_EXT__ 1
| #define __STDC_WANT_LIB_EXT2__ 1
| #define __STDC_WANT_MATH_SPEC_FUNCS__ 1
| #define _TANDEM_SOURCE 1
| #define __EXTENSIONS__ 1
| #define PY_SUPPORT_TIER 1
| #define STDC_HEADERS 1
| #define HAVE_ALLOCA_H 1
| #define HAVE_ASM_TYPES_H 1
| #define HAVE_DLFCN_H 1
| #define HAVE_ENDIAN_H 1
| #define HAVE_ERRNO_H 1
| #define HAVE_FCNTL_H 1
| #define HAVE_GRP_H 1
| #define HAVE_LANGINFO_H 1
| #define HAVE_LIBINTL_H 1
| #define HAVE_LINUX_AUXVEC_H 1
| #define HAVE_SYS_AUXV_H 1
| #define HAVE_LINUX_FS_H 1
| #define HAVE_LINUX_LIMITS_H 1
| #define HAVE_LINUX_MEMFD_H 1
| #define HAVE_LINUX_RANDOM_H 1
| #define HAVE_LINUX_SOUNDCARD_H 1
| #define HAVE_LINUX_TIPC_H 1
| #define HAVE_LINUX_WAIT_H 1
| #define HAVE_NETDB_H 1
| #define HAVE_NET_ETHERNET_H 1
| #define HAVE_NETINET_IN_H 1
| #define HAVE_NETPACKET_PACKET_H 1
| #define HAVE_POLL_H 1
| #define HAVE_PTHREAD_H 1
| #define HAVE_PTY_H 1
| #define HAVE_SCHED_H 1
| #define HAVE_SETJMP_H 1
| #define HAVE_SHADOW_H 1
| #define HAVE_SIGNAL_H 1
| #define HAVE_SPAWN_H 1
| #define HAVE_SYS_EPOLL_H 1
| #define HAVE_SYS_EVENTFD_H 1
| #define HAVE_SYS_FILE_H 1
| #define HAVE_SYS_IOCTL_H 1
| #define HAVE_SYS_MMAN_H 1
| #define HAVE_SYS_PARAM_H 1
| #define HAVE_SYS_POLL_H 1
| #define HAVE_SYS_RANDOM_H 1
| #define HAVE_SYS_RESOURCE_H 1
| #define HAVE_SYS_SELECT_H 1
| #define HAVE_SYS_SENDFILE_H 1
| #define HAVE_SYS_SOCKET_H 1
| #define HAVE_SYS_SOUNDCARD_H 1
| #define HAVE_SYS_STAT_H 1
| #define HAVE_SYS_STATVFS_H 1
| #define HAVE_SYS_SYSCALL_H 1
| #define HAVE_SYS_SYSMACROS_H 1
| #define HAVE_SYS_TIME_H 1
| #define HAVE_SYS_TIMES_H 1
| #define HAVE_SYS_TIMERFD_H 1
| #define HAVE_SYS_TYPES_H 1
| #define HAVE_SYS_UIO_H 1
| #define HAVE_SYS_UN_H 1
| #define HAVE_SYS_UTSNAME_H 1
| #define HAVE_SYS_WAIT_H 1
| #define HAVE_SYS_XATTR_H 1
| #define HAVE_SYSEXITS_H 1
| #define HAVE_SYSLOG_H 1
| #define HAVE_TERMIOS_H 1
| #define HAVE_UTIME_H 1
| #define HAVE_UTMP_H 1
| #define HAVE_DIRENT_H 1
| #define MAJOR_IN_SYSMACROS 1
| #define HAVE_NET_IF_H 1
| #define HAVE_LINUX_NETLINK_H 1
| #define HAVE_LINUX_QRTR_H 1
| #define HAVE_LINUX_VM_SOCKETS_H 1
| #define HAVE_LINUX_CAN_H 1
| #define HAVE_LINUX_CAN_BCM_H 1
| #define HAVE_LINUX_CAN_J1939_H 1
| #define HAVE_LINUX_CAN_RAW_H 1
| #define HAVE_CLOCK_T 1
| #define HAVE_MAKEDEV 1
| #define HAVE_HTOLE64 1
| #define _LARGEFILE_SOURCE 1
| #define _FILE_OFFSET_BITS 64
| #if defined(SCO_DS)
| #undef _OFF_T
| #endif
| #define RETSIGTYPE void
| #define HAVE_SSIZE_T 1
| #define HAVE___UINT128_T 1
| #define HAVE_GCC_UINT128_T 1
| #define SIZEOF_INT 4
| #define SIZEOF_LONG 8
| #define ALIGNOF_LONG 8
| #define SIZEOF_LONG_LONG 8
| #define SIZEOF_VOID_P 8
| #define SIZEOF_SHORT 2
| #define SIZEOF_FLOAT 4
| #define SIZEOF_DOUBLE 8
| #define SIZEOF_FPOS_T 16
| #define SIZEOF_SIZE_T 8
| #define ALIGNOF_SIZE_T 8
| #define SIZEOF_PID_T 4
| #define SIZEOF_UINTPTR_T 8
| #define ALIGNOF_MAX_ALIGN_T 16
| #define HAVE_LONG_DOUBLE 1
| #define SIZEOF_LONG_DOUBLE 16
| #define SIZEOF__BOOL 1
| #define SIZEOF_OFF_T 8
| #define SIZEOF_TIME_T 8
| #define SIZEOF_PTHREAD_T 8
| #define SIZEOF_PTHREAD_KEY_T 4
| #define PTHREAD_KEY_T_IS_COMPATIBLE_WITH_INT 1
| #define PY_HAVE_PERF_TRAMPOLINE 1
| #define HAVE_LIBDL 1
| #define HAVE_FFI_PREP_CIF_VAR 1
| #define HAVE_FFI_PREP_CLOSURE_LOC 1
| #define HAVE_FFI_CLOSURE_ALLOC 1
| #define WITH_DECIMAL_CONTEXTVAR 1
| #define HAVE_LIBSQLITE3 1
| #define HAVE_LIBSQLITE3 1
| #define HAVE_LIBSQLITE3 1
| #define HAVE_LIBSQLITE3 1
| #define HAVE_LIBSQLITE3 1
| #define HAVE_LIBSQLITE3 1
| #define HAVE_LIBSQLITE3 1
| #define HAVE_LIBSQLITE3 1
| #define HAVE_LIBSQLITE3 1
| #define PY_SQLITE_HAVE_SERIALIZE 1
| #define HAVE_GDBM_H 1
| #define _REENTRANT 1
| #define PTHREAD_SYSTEM_SCHED_SUPPORTED 1
| #define HAVE_PTHREAD_SIGMASK 1
| #define HAVE_PTHREAD_GETCPUCLOCKID 1
| #define ENABLE_IPV6 1
| #define HAVE_LINUX_CAN_RAW_FD_FRAMES 1
| #define HAVE_LINUX_CAN_RAW_JOIN_FILTERS 1
| #define WITH_DOC_STRINGS 1
| #define HAVE_STD_ATOMIC 1
| #define HAVE_BUILTIN_ATOMIC 1
| #define WITH_MIMALLOC 1
| #define WITH_PYMALLOC 1
| #define WITH_FREELISTS 1
| #define PY_COERCE_C_LOCALE 1
| #define HAVE_DLOPEN 1
| #define HAVE_DYNAMIC_LOADING 1
| #define HAVE_ACCEPT4 1
| #define HAVE_ALARM 1
| #define HAVE_BIND_TEXTDOMAIN_CODESET 1
| #define HAVE_CHMOD 1
| #define HAVE_CHOWN 1
| #define HAVE_CLOCK 1
| #define HAVE_CLOSEFROM 1
| #define HAVE_CLOSE_RANGE 1
| #define HAVE_CONFSTR 1
| #define HAVE_COPY_FILE_RANGE 1
| #define HAVE_CTERMID 1
| #define HAVE_DUP 1
| #define HAVE_DUP3 1
| #define HAVE_EXECV 1
| #define HAVE_EXPLICIT_BZERO 1
| #define HAVE_FACCESSAT 1
| #define HAVE_FCHMOD 1
| #define HAVE_FCHMODAT 1
| #define HAVE_FCHOWN 1
| #define HAVE_FCHOWNAT 1
| #define HAVE_FDOPENDIR 1
| #define HAVE_FEXECVE 1
| #define HAVE_FORK 1
| #define HAVE_FPATHCONF 1
| #define HAVE_FSTATAT 1
| #define HAVE_FTIME 1
| #define HAVE_FTRUNCATE 1
| #define HAVE_FUTIMENS 1
| #define HAVE_FUTIMES 1
| #define HAVE_FUTIMESAT 1
| #define HAVE_GAI_STRERROR 1
| #define HAVE_GETEGID 1
| #define HAVE_GETEUID 1
| #define HAVE_GETGID 1
| #define HAVE_GETGRENT 1
| #define HAVE_GETGRGID 1
| #define HAVE_GETGRGID_R 1
| #define HAVE_GETGRNAM_R 1
| #define HAVE_GETGROUPLIST 1
| #define HAVE_GETHOSTNAME 1
| #define HAVE_GETITIMER 1
| #define HAVE_GETLOADAVG 1
| #define HAVE_GETLOGIN 1
| #define HAVE_GETPEERNAME 1
| #define HAVE_GETPGID 1
| #define HAVE_GETPID 1
| #define HAVE_GETPPID 1
| #define HAVE_GETPRIORITY 1
| #define HAVE_GETPWENT 1
| #define HAVE_GETPWNAM_R 1
| #define HAVE_GETPWUID 1
| #define HAVE_GETPWUID_R 1
| #define HAVE_GETRESGID 1
| #define HAVE_GETRESUID 1
| #define HAVE_GETRUSAGE 1
| #define HAVE_GETSID 1
| #define HAVE_GETSPENT 1
| #define HAVE_GETSPNAM 1
| #define HAVE_GETUID 1
| #define HAVE_GETWD 1
| #define HAVE_GRANTPT 1
| #define HAVE_IF_NAMEINDEX 1
| #define HAVE_INITGROUPS 1
| #define HAVE_KILL 1
| #define HAVE_KILLPG 1
| #define HAVE_LCHOWN 1
| #define HAVE_LINKAT 1
| #define HAVE_LOCKF 1
| #define HAVE_LSTAT 1
| #define HAVE_LUTIMES 1
| #define HAVE_MADVISE 1
| #define HAVE_MBRTOWC 1
| #define HAVE_MEMRCHR 1
| #define HAVE_MKDIRAT 1
| #define HAVE_MKFIFO 1
| #define HAVE_MKFIFOAT 1
| #define HAVE_MKNOD 1
| #define HAVE_MKNODAT 1
| #define HAVE_MKTIME 1
| #define HAVE_MMAP 1
| #define HAVE_MREMAP 1
| #define HAVE_NICE 1
| #define HAVE_OPENAT 1
| #define HAVE_OPENDIR 1
| #define HAVE_PATHCONF 1
| #define HAVE_PAUSE 1
| #define HAVE_PIPE 1
| #define HAVE_PIPE2 1
| #define HAVE_POLL 1
| #define HAVE_POSIX_FADVISE 1
| #define HAVE_POSIX_FALLOCATE 1
| #define HAVE_POSIX_OPENPT 1
| #define HAVE_POSIX_SPAWN 1
| #define HAVE_POSIX_SPAWNP 1
| #define HAVE_POSIX_SPAWN_FILE_ACTIONS_ADDCLOSEFROM_NP 1
| #define HAVE_PREAD 1
| #define HAVE_PREADV 1
| #define HAVE_PREADV2 1
| #define HAVE_PROCESS_VM_READV 1
| #define HAVE_PTHREAD_CONDATTR_SETCLOCK 1
| #define HAVE_PTHREAD_KILL 1
| #define HAVE_PTSNAME 1
| #define HAVE_PTSNAME_R 1
| #define HAVE_PWRITE 1
| #define HAVE_PWRITEV 1
| #define HAVE_PWRITEV2 1
| #define HAVE_READLINK 1
| #define HAVE_READLINKAT 1
| #define HAVE_READV 1
| #define HAVE_REALPATH 1
| #define HAVE_RENAMEAT 1
| #define HAVE_SCHED_GET_PRIORITY_MAX 1
| #define HAVE_SCHED_RR_GET_INTERVAL 1
| #define HAVE_SCHED_SETAFFINITY 1
| #define HAVE_SCHED_SETPARAM 1
| #define HAVE_SCHED_SETSCHEDULER 1
| #define HAVE_SEM_CLOCKWAIT 1
| #define HAVE_SEM_GETVALUE 1
| #define HAVE_SEM_OPEN 1
| #define HAVE_SEM_TIMEDWAIT 1
| #define HAVE_SEM_UNLINK 1
| #define HAVE_SENDFILE 1
| #define HAVE_SETEGID 1
| #define HAVE_SETEUID 1
| #define HAVE_SETGID 1
| #define HAVE_SETHOSTNAME 1
| #define HAVE_SETITIMER 1
| #define HAVE_SETLOCALE 1
| #define HAVE_SETPGID 1
| #define HAVE_SETPGRP 1
| #define HAVE_SETPRIORITY 1
| #define HAVE_SETREGID 1
| #define HAVE_SETRESGID 1
| #define HAVE_SETRESUID 1
| #define HAVE_SETREUID 1
| #define HAVE_SETSID 1
| #define HAVE_SETUID 1
| #define HAVE_SETVBUF 1
| #define HAVE_SHUTDOWN 1
| #define HAVE_SIGACTION 1
| #define HAVE_SIGALTSTACK 1
| #define HAVE_SIGFILLSET 1
| #define HAVE_SIGINTERRUPT 1
| #define HAVE_SIGPENDING 1
| #define HAVE_SIGRELSE 1
| #define HAVE_SIGTIMEDWAIT 1
| #define HAVE_SIGWAIT 1
| #define HAVE_SIGWAITINFO 1
| #define HAVE_SNPRINTF 1
| #define HAVE_SPLICE 1
| #define HAVE_STRFTIME 1
| /* end confdefs.h.  */
| /* Define strlcpy to an innocuous variant, in case <limits.h> declares strlcpy.
|    For example, HP-UX 11i <limits.h> declares gettimeofday.  */
| #define strlcpy innocuous_strlcpy
| 
| /* System header to define __stub macros and hopefully few prototypes,
|    which can conflict with char strlcpy (); below.  */
| 
| #include <limits.h>
| #undef strlcpy
| 
| /* Override any GCC internal prototype to avoid an error.
|    Use char because int might match the return type of a GCC
|    builtin and then its argument prototype would still apply.  */
| #ifdef __cplusplus
| extern "C"
| #endif
| char strlcpy ();
| /* The GNU C library defines this for functions which it implements
|     to always fail with ENOSYS.  Some functions are actually named
|     something starting with __ and the normal name is an alias.  */
| #if defined __stub_strlcpy || defined __stub___strlcpy
| choke me
| #endif
| 
| int
| main (void)
| {
| return strlcpy ();
|   ;
|   return 0;
| }
configure:18862: result: no
configure:18868: checking for strsignal
configure:18868: gcc -o conftest    conftest.c -ldl  >&5
configure:18868: $? = 0
configure:18868: result: yes
configure:18874: checking for symlinkat
configure:18874: gcc -o conftest    conftest.c -ldl  >&5
configure:18874: $? = 0
configure:18874: result: yes
configure:18880: checking for sync
configure:18880: gcc -o conftest    conftest.c -ldl  >&5
configure:18880: $? = 0
configure:18880: result: yes
configure:18886: checking for sysconf
configure:18886: gcc -o conftest    conftest.c -ldl  >&5
configure:18886: $? = 0
configure:18886: result: yes
configure:18892: checking for tcgetpgrp
configure:18892: gcc -o conftest    conftest.c -ldl  >&5
configure:18892: $? = 0
configure:18892: result: yes
configure:18898: checking for tcsetpgrp
configure:18898: gcc -o conftest    conftest.c -ldl  >&5
configure:18898: $? = 0
configure:18898: result: yes
configure:18904: checking for tempnam
configure:18904: gcc -o conftest    conftest.c -ldl  >&5
/usr/bin/ld: /tmp/ccar9QnD.o: in function `main':
conftest.c:(.text+0xe): warning: the use of `tempnam' is dangerous, better use `mkstemp'
configure:18904: $? = 0
configure:18904: result: yes
configure:18910: checking for timegm
configure:18910: gcc -o conftest    conftest.c -ldl  >&5
configure:18910: $? = 0
configure:18910: result: yes
configure:18916: checking for times
configure:18916: gcc -o conftest    conftest.c -ldl  >&5
configure:18916: $? = 0
configure:18916: result: yes
configure:18922: checking for tmpfile
configure:18922: gcc -o conftest    conftest.c -ldl  >&5
configure:18922: $? = 0
configure:18922: result: yes
configure:18928: checking for tmpnam
configure:18928: gcc -o conftest    conftest.c -ldl  >&5
/usr/bin/ld: /tmp/ccVd3bDd.o: in function `main':
conftest.c:(.text+0xe): warning: the use of `tmpnam' is dangerous, better use `mkstemp'
configure:18928: $? = 0
configure:18928: result: yes
configure:18934: checking for tmpnam_r
configure:18934: gcc -o conftest    conftest.c -ldl  >&5
/usr/bin/ld: /tmp/ccPojFIM.o: in function `main':
conftest.c:(.text+0xe): warning: the use of `tmpnam_r' is dangerous, better use `mkstemp'
configure:18934: $? = 0
configure:18934: result: yes
configure:18940: checking for truncate
configure:18940: gcc -o conftest    conftest.c -ldl  >&5
configure:18940: $? = 0
configure:18940: result: yes
configure:18946: checking for ttyname_r
configure:18946: gcc -o conftest    conftest.c -ldl  >&5
configure:18946: $? = 0
configure:18946: result: yes
configure:18952: checking for umask
configure:18952: gcc -o conftest    conftest.c -ldl  >&5
configure:18952: $? = 0
configure:18952: result: yes
configure:18958: checking for uname
configure:18958: gcc -o conftest    conftest.c -ldl  >&5
configure:18958: $? = 0
configure:18958: result: yes
configure:18964: checking for unlinkat
configure:18964: gcc -o conftest    conftest.c -ldl  >&5
configure:18964: $? = 0
configure:18964: result: yes
configure:18970: checking for unlockpt
configure:18970: gcc -o conftest    conftest.c -ldl  >&5
configure:18970: $? = 0
configure:18970: result: yes
configure:18976: checking for utimensat
configure:18976: gcc -o conftest    conftest.c -ldl  >&5
configure:18976: $? = 0
configure:18976: result: yes
configure:18982: checking for utimes
configure:18982: gcc -o conftest    conftest.c -ldl  >&5
configure:18982: $? = 0
configure:18982: result: yes
configure:18988: checking for vfork
configure:18988: gcc -o conftest    conftest.c -ldl  >&5
configure:18988: $? = 0
configure:18988: result: yes
configure:18994: checking for wait
configure:18994: gcc -o conftest    conftest.c -ldl  >&5
configure:18994: $? = 0
configure:18994: result: yes
configure:19000: checking for wait3
configure:19000: gcc -o conftest    conftest.c -ldl  >&5
configure:19000: $? = 0
configure:19000: result: yes
configure:19006: checking for wait4
configure:19006: gcc -o conftest    conftest.c -ldl  >&5
configure:19006: $? = 0
configure:19006: result: yes
configure:19012: checking for waitid
configure:19012: gcc -o conftest    conftest.c -ldl  >&5
configure:19012: $? = 0
configure:19012: result: yes
configure:19018: checking for waitpid
configure:19018: gcc -o conftest    conftest.c -ldl  >&5
configure:19018: $? = 0
configure:19018: result: yes
configure:19024: checking for wcscoll
configure:19024: gcc -o conftest    conftest.c -ldl  >&5
configure:19024: $? = 0
configure:19024: result: yes
configure:19030: checking for wcsftime
configure:19030: gcc -o conftest    conftest.c -ldl  >&5
configure:19030: $? = 0
configure:19030: result: yes
configure:19036: checking for wcsxfrm
configure:19036: gcc -o conftest    conftest.c -ldl  >&5
configure:19036: $? = 0
configure:19036: result: yes
configure:19042: checking for wmemcmp
configure:19042: gcc -o conftest    conftest.c -ldl  >&5
configure:19042: $? = 0
configure:19042: result: yes
configure:19048: checking for writev
configure:19048: gcc -o conftest    conftest.c -ldl  >&5
configure:19048: $? = 0
configure:19048: result: yes
configure:19074: checking for getentropy
configure:19074: gcc -o conftest    conftest.c -ldl  >&5
configure:19074: $? = 0
configure:19074: result: yes
configure:19080: checking for getgroups
configure:19080: gcc -o conftest    conftest.c -ldl  >&5
configure:19080: $? = 0
configure:19080: result: yes
configure:19086: checking for system
configure:19086: gcc -o conftest    conftest.c -ldl  >&5
configure:19086: $? = 0
configure:19086: result: yes
configure:19095: checking for gcc options needed to detect all undeclared functions
configure:19117: gcc -c    conftest.c >&5
conftest.c: In function 'main':
conftest.c:366:8: error: 'strchr' undeclared (first use in this function)
  366 | (void) strchr;
      |        ^~~~~~
conftest.c:1:1: note: 'strchr' is defined in header '<string.h>'; did you forget to '#include <string.h>'?
    1 | /* confdefs.h */
conftest.c:366:8: note: each undeclared identifier is reported only once for each function it appears in
  366 | (void) strchr;
      |        ^~~~~~
configure:19117: $? = 1
configure: failed program was:
| /* confdefs.h */
| #define _NETBSD_SOURCE 1
| #define __BSD_VISIBLE 1
| #define _DARWIN_C_SOURCE 1
| #define _PYTHONFRAMEWORK ""
| #define _XOPEN_SOURCE 700
| #define _XOPEN_SOURCE_EXTENDED 1
| #define _POSIX_C_SOURCE 200809L
| #define HAVE_STDIO_H 1
| #define HAVE_STDLIB_H 1
| #define HAVE_STRING_H 1
| #define HAVE_INTTYPES_H 1
| #define HAVE_STDINT_H 1
| #define HAVE_STRINGS_H 1
| #define HAVE_SYS_STAT_H 1
| #define HAVE_SYS_TYPES_H 1
| #define HAVE_UNISTD_H 1
| #define HAVE_WCHAR_H 1
| #define STDC_HEADERS 1
| #define _ALL_SOURCE 1
| #define _DARWIN_C_SOURCE 1
| #define _GNU_SOURCE 1
| #define _HPUX_ALT_XOPEN_SOCKET_API 1
| #define _NETBSD_SOURCE 1
| #define _OPENBSD_SOURCE 1
| #define _POSIX_PTHREAD_SEMANTICS 1
| #define __STDC_WANT_IEC_60559_ATTRIBS_EXT__ 1
| #define __STDC_WANT_IEC_60559_BFP_EXT__ 1
| #define __STDC_WANT_IEC_60559_DFP_EXT__ 1
| #define __STDC_WANT_IEC_60559_FUNCS_EXT__ 1
| #define __STDC_WANT_IEC_60559_TYPES_EXT__ 1
| #define __STDC_WANT_LIB_EXT2__ 1
| #define __STDC_WANT_MATH_SPEC_FUNCS__ 1
| #define _TANDEM_SOURCE 1
| #define __EXTENSIONS__ 1
| #define PY_SUPPORT_TIER 1
| #define STDC_HEADERS 1
| #define HAVE_ALLOCA_H 1
| #define HAVE_ASM_TYPES_H 1
| #define HAVE_DLFCN_H 1
| #define HAVE_ENDIAN_H 1
| #define HAVE_ERRNO_H 1
| #define HAVE_FCNTL_H 1
| #define HAVE_GRP_H 1
| #define HAVE_LANGINFO_H 1
| #define HAVE_LIBINTL_H 1
| #define HAVE_LINUX_AUXVEC_H 1
| #define HAVE_SYS_AUXV_H 1
| #define HAVE_LINUX_FS_H 1
| #define HAVE_LINUX_LIMITS_H 1
| #define HAVE_LINUX_MEMFD_H 1
| #define HAVE_LINUX_RANDOM_H 1
| #define HAVE_LINUX_SOUNDCARD_H 1
| #define HAVE_LINUX_TIPC_H 1
| #define HAVE_LINUX_WAIT_H 1
| #define HAVE_NETDB_H 1
| #define HAVE_NET_ETHERNET_H 1
| #define HAVE_NETINET_IN_H 1
| #define HAVE_NETPACKET_PACKET_H 1
| #define HAVE_POLL_H 1
| #define HAVE_PTHREAD_H 1
| #define HAVE_PTY_H 1
| #define HAVE_SCHED_H 1
| #define HAVE_SETJMP_H 1
| #define HAVE_SHADOW_H 1
| #define HAVE_SIGNAL_H 1
| #define HAVE_SPAWN_H 1
| #define HAVE_SYS_EPOLL_H 1
| #define HAVE_SYS_EVENTFD_H 1
| #define HAVE_SYS_FILE_H 1
| #define HAVE_SYS_IOCTL_H 1
| #define HAVE_SYS_MMAN_H 1
| #define HAVE_SYS_PARAM_H 1
| #define HAVE_SYS_POLL_H 1
| #define HAVE_SYS_RANDOM_H 1
| #define HAVE_SYS_RESOURCE_H 1
| #define HAVE_SYS_SELECT_H 1
| #define HAVE_SYS_SENDFILE_H 1
| #define HAVE_SYS_SOCKET_H 1
| #define HAVE_SYS_SOUNDCARD_H 1
| #define HAVE_SYS_STAT_H 1
| #define HAVE_SYS_STATVFS_H 1
| #define HAVE_SYS_SYSCALL_H 1
| #define HAVE_SYS_SYSMACROS_H 1
| #define HAVE_SYS_TIME_H 1
| #define HAVE_SYS_TIMES_H 1
| #define HAVE_SYS_TIMERFD_H 1
| #define HAVE_SYS_TYPES_H 1
| #define HAVE_SYS_UIO_H 1
| #define HAVE_SYS_UN_H 1
| #define HAVE_SYS_UTSNAME_H 1
| #define HAVE_SYS_WAIT_H 1
| #define HAVE_SYS_XATTR_H 1
| #define HAVE_SYSEXITS_H 1
| #define HAVE_SYSLOG_H 1
| #define HAVE_TERMIOS_H 1
| #define HAVE_UTIME_H 1
| #define HAVE_UTMP_H 1
| #define HAVE_DIRENT_H 1
| #define MAJOR_IN_SYSMACROS 1
| #define HAVE_NET_IF_H 1
| #define HAVE_LINUX_NETLINK_H 1
| #define HAVE_LINUX_QRTR_H 1
| #define HAVE_LINUX_VM_SOCKETS_H 1
| #define HAVE_LINUX_CAN_H 1
| #define HAVE_LINUX_CAN_BCM_H 1
| #define HAVE_LINUX_CAN_J1939_H 1
| #define HAVE_LINUX_CAN_RAW_H 1
| #define HAVE_CLOCK_T 1
| #define HAVE_MAKEDEV 1
| #define HAVE_HTOLE64 1
| #define _LARGEFILE_SOURCE 1
| #define _FILE_OFFSET_BITS 64
| #if defined(SCO_DS)
| #undef _OFF_T
| #endif
| #define RETSIGTYPE void
| #define HAVE_SSIZE_T 1
| #define HAVE___UINT128_T 1
| #define HAVE_GCC_UINT128_T 1
| #define SIZEOF_INT 4
| #define SIZEOF_LONG 8
| #define ALIGNOF_LONG 8
| #define SIZEOF_LONG_LONG 8
| #define SIZEOF_VOID_P 8
| #define SIZEOF_SHORT 2
| #define SIZEOF_FLOAT 4
| #define SIZEOF_DOUBLE 8
| #define SIZEOF_FPOS_T 16
| #define SIZEOF_SIZE_T 8
| #define ALIGNOF_SIZE_T 8
| #define SIZEOF_PID_T 4
| #define SIZEOF_UINTPTR_T 8
| #define ALIGNOF_MAX_ALIGN_T 16
| #define HAVE_LONG_DOUBLE 1
| #define SIZEOF_LONG_DOUBLE 16
| #define SIZEOF__BOOL 1
| #define SIZEOF_OFF_T 8
| #define SIZEOF_TIME_T 8
| #define SIZEOF_PTHREAD_T 8
| #define SIZEOF_PTHREAD_KEY_T 4
| #define PTHREAD_KEY_T_IS_COMPATIBLE_WITH_INT 1
| #define PY_HAVE_PERF_TRAMPOLINE 1
| #define HAVE_LIBDL 1
| #define HAVE_FFI_PREP_CIF_VAR 1
| #define HAVE_FFI_PREP_CLOSURE_LOC 1
| #define HAVE_FFI_CLOSURE_ALLOC 1
| #define WITH_DECIMAL_CONTEXTVAR 1
| #define HAVE_LIBSQLITE3 1
| #define HAVE_LIBSQLITE3 1
| #define HAVE_LIBSQLITE3 1
| #define HAVE_LIBSQLITE3 1
| #define HAVE_LIBSQLITE3 1
| #define HAVE_LIBSQLITE3 1
| #define HAVE_LIBSQLITE3 1
| #define HAVE_LIBSQLITE3 1
| #define HAVE_LIBSQLITE3 1
| #define PY_SQLITE_HAVE_SERIALIZE 1
| #define HAVE_GDBM_H 1
| #define _REENTRANT 1
| #define PTHREAD_SYSTEM_SCHED_SUPPORTED 1
| #define HAVE_PTHREAD_SIGMASK 1
| #define HAVE_PTHREAD_GETCPUCLOCKID 1
| #define ENABLE_IPV6 1
| #define HAVE_LINUX_CAN_RAW_FD_FRAMES 1
| #define HAVE_LINUX_CAN_RAW_JOIN_FILTERS 1
| #define WITH_DOC_STRINGS 1
| #define HAVE_STD_ATOMIC 1
| #define HAVE_BUILTIN_ATOMIC 1
| #define WITH_MIMALLOC 1
| #define WITH_PYMALLOC 1
| #define WITH_FREELISTS 1
| #define PY_COERCE_C_LOCALE 1
| #define HAVE_DLOPEN 1
| #define HAVE_DYNAMIC_LOADING 1
| #define HAVE_ACCEPT4 1
| #define HAVE_ALARM 1
| #define HAVE_BIND_TEXTDOMAIN_CODESET 1
| #define HAVE_CHMOD 1
| #define HAVE_CHOWN 1
| #define HAVE_CLOCK 1
| #define HAVE_CLOSEFROM 1
| #define HAVE_CLOSE_RANGE 1
| #define HAVE_CONFSTR 1
| #define HAVE_COPY_FILE_RANGE 1
| #define HAVE_CTERMID 1
| #define HAVE_DUP 1
| #define HAVE_DUP3 1
| #define HAVE_EXECV 1
| #define HAVE_EXPLICIT_BZERO 1
| #define HAVE_FACCESSAT 1
| #define HAVE_FCHMOD 1
| #define HAVE_FCHMODAT 1
| #define HAVE_FCHOWN 1
| #define HAVE_FCHOWNAT 1
| #define HAVE_FDOPENDIR 1
| #define HAVE_FEXECVE 1
| #define HAVE_FORK 1
| #define HAVE_FPATHCONF 1
| #define HAVE_FSTATAT 1
| #define HAVE_FTIME 1
| #define HAVE_FTRUNCATE 1
| #define HAVE_FUTIMENS 1
| #define HAVE_FUTIMES 1
| #define HAVE_FUTIMESAT 1
| #define HAVE_GAI_STRERROR 1
| #define HAVE_GETEGID 1
| #define HAVE_GETEUID 1
| #define HAVE_GETGID 1
| #define HAVE_GETGRENT 1
| #define HAVE_GETGRGID 1
| #define HAVE_GETGRGID_R 1
| #define HAVE_GETGRNAM_R 1
| #define HAVE_GETGROUPLIST 1
| #define HAVE_GETHOSTNAME 1
| #define HAVE_GETITIMER 1
| #define HAVE_GETLOADAVG 1
| #define HAVE_GETLOGIN 1
| #define HAVE_GETPEERNAME 1
| #define HAVE_GETPGID 1
| #define HAVE_GETPID 1
| #define HAVE_GETPPID 1
| #define HAVE_GETPRIORITY 1
| #define HAVE_GETPWENT 1
| #define HAVE_GETPWNAM_R 1
| #define HAVE_GETPWUID 1
| #define HAVE_GETPWUID_R 1
| #define HAVE_GETRESGID 1
| #define HAVE_GETRESUID 1
| #define HAVE_GETRUSAGE 1
| #define HAVE_GETSID 1
| #define HAVE_GETSPENT 1
| #define HAVE_GETSPNAM 1
| #define HAVE_GETUID 1
| #define HAVE_GETWD 1
| #define HAVE_GRANTPT 1
| #define HAVE_IF_NAMEINDEX 1
| #define HAVE_INITGROUPS 1
| #define HAVE_KILL 1
| #define HAVE_KILLPG 1
| #define HAVE_LCHOWN 1
| #define HAVE_LINKAT 1
| #define HAVE_LOCKF 1
| #define HAVE_LSTAT 1
| #define HAVE_LUTIMES 1
| #define HAVE_MADVISE 1
| #define HAVE_MBRTOWC 1
| #define HAVE_MEMRCHR 1
| #define HAVE_MKDIRAT 1
| #define HAVE_MKFIFO 1
| #define HAVE_MKFIFOAT 1
| #define HAVE_MKNOD 1
| #define HAVE_MKNODAT 1
| #define HAVE_MKTIME 1
| #define HAVE_MMAP 1
| #define HAVE_MREMAP 1
| #define HAVE_NICE 1
| #define HAVE_OPENAT 1
| #define HAVE_OPENDIR 1
| #define HAVE_PATHCONF 1
| #define HAVE_PAUSE 1
| #define HAVE_PIPE 1
| #define HAVE_PIPE2 1
| #define HAVE_POLL 1
| #define HAVE_POSIX_FADVISE 1
| #define HAVE_POSIX_FALLOCATE 1
| #define HAVE_POSIX_OPENPT 1
| #define HAVE_POSIX_SPAWN 1
| #define HAVE_POSIX_SPAWNP 1
| #define HAVE_POSIX_SPAWN_FILE_ACTIONS_ADDCLOSEFROM_NP 1
| #define HAVE_PREAD 1
| #define HAVE_PREADV 1
| #define HAVE_PREADV2 1
| #define HAVE_PROCESS_VM_READV 1
| #define HAVE_PTHREAD_CONDATTR_SETCLOCK 1
| #define HAVE_PTHREAD_KILL 1
| #define HAVE_PTSNAME 1
| #define HAVE_PTSNAME_R 1
| #define HAVE_PWRITE 1
| #define HAVE_PWRITEV 1
| #define HAVE_PWRITEV2 1
| #define HAVE_READLINK 1
| #define HAVE_READLINKAT 1
| #define HAVE_READV 1
| #define HAVE_REALPATH 1
| #define HAVE_RENAMEAT 1
| #define HAVE_SCHED_GET_PRIORITY_MAX 1
| #define HAVE_SCHED_RR_GET_INTERVAL 1
| #define HAVE_SCHED_SETAFFINITY 1
| #define HAVE_SCHED_SETPARAM 1
| #define HAVE_SCHED_SETSCHEDULER 1
| #define HAVE_SEM_CLOCKWAIT 1
| #define HAVE_SEM_GETVALUE 1
| #define HAVE_SEM_OPEN 1
| #define HAVE_SEM_TIMEDWAIT 1
| #define HAVE_SEM_UNLINK 1
| #define HAVE_SENDFILE 1
| #define HAVE_SETEGID 1
| #define HAVE_SETEUID 1
| #define HAVE_SETGID 1
| #define HAVE_SETHOSTNAME 1
| #define HAVE_SETITIMER 1
| #define HAVE_SETLOCALE 1
| #define HAVE_SETPGID 1
| #define HAVE_SETPGRP 1
| #define HAVE_SETPRIORITY 1
| #define HAVE_SETREGID 1
| #define HAVE_SETRESGID 1
| #define HAVE_SETRESUID 1
| #define HAVE_SETREUID 1
| #define HAVE_SETSID 1
| #define HAVE_SETUID 1
| #define HAVE_SETVBUF 1
| #define HAVE_SHUTDOWN 1
| #define HAVE_SIGACTION 1
| #define HAVE_SIGALTSTACK 1
| #define HAVE_SIGFILLSET 1
| #define HAVE_SIGINTERRUPT 1
| #define HAVE_SIGPENDING 1
| #define HAVE_SIGRELSE 1
| #define HAVE_SIGTIMEDWAIT 1
| #define HAVE_SIGWAIT 1
| #define HAVE_SIGWAITINFO 1
| #define HAVE_SNPRINTF 1
| #define HAVE_SPLICE 1
| #define HAVE_STRFTIME 1
| #define HAVE_STRSIGNAL 1
| #define HAVE_SYMLINKAT 1
| #define HAVE_SYNC 1
| #define HAVE_SYSCONF 1
| #define HAVE_TCGETPGRP 1
| #define HAVE_TCSETPGRP 1
| #define HAVE_TEMPNAM 1
| #define HAVE_TIMEGM 1
| #define HAVE_TIMES 1
| #define HAVE_TMPFILE 1
| #define HAVE_TMPNAM 1
| #define HAVE_TMPNAM_R 1
| #define HAVE_TRUNCATE 1
| #define HAVE_TTYNAME_R 1
| #define HAVE_UMASK 1
| #define HAVE_UNAME 1
| #define HAVE_UNLINKAT 1
| #define HAVE_UNLOCKPT 1
| #define HAVE_UTIMENSAT 1
| #define HAVE_UTIMES 1
| #define HAVE_VFORK 1
| #define HAVE_WAIT 1
| #define HAVE_WAIT3 1
| #define HAVE_WAIT4 1
| #define HAVE_WAITID 1
| #define HAVE_WAITPID 1
| #define HAVE_WCSCOLL 1
| #define HAVE_WCSFTIME 1
| #define HAVE_WCSXFRM 1
| #define HAVE_WMEMCMP 1
| #define HAVE_WRITEV 1
| #define HAVE_GETENTROPY 1
| #define HAVE_GETGROUPS 1
| #define HAVE_SYSTEM 1
| /* end confdefs.h.  */
| 
| int
| main (void)
| {
| (void) strchr;
|   ;
|   return 0;
| }
configure:19144: gcc -c    conftest.c >&5
configure:19144: $? = 0
configure:19161: result: none needed
configure:19175: checking whether dirfd is declared
configure:19175: gcc -c    conftest.c >&5
configure:19175: $? = 0
configure:19175: result: yes
configure:19189: checking for chroot
configure:19206: gcc -c   conftest.c >&5
configure:19206: $? = 0
configure:19215: result: yes
configure:19228: checking for link
configure:19245: gcc -c   conftest.c >&5
configure:19245: $? = 0
configure:19254: result: yes
configure:19267: checking for symlink
configure:19284: gcc -c   conftest.c >&5
configure:19284: $? = 0
configure:19293: result: yes
configure:19306: checking for fchdir
configure:19323: gcc -c   conftest.c >&5
configure:19323: $? = 0
configure:19332: result: yes
configure:19345: checking for fsync
configure:19362: gcc -c   conftest.c >&5
configure:19362: $? = 0
configure:19371: result: yes
configure:19384: checking for fdatasync
configure:19401: gcc -c   conftest.c >&5
configure:19401: $? = 0
configure:19410: result: yes
configure:19423: checking for epoll_create
configure:19440: gcc -c   conftest.c >&5
configure:19440: $? = 0
configure:19449: result: yes
configure:19462: checking for epoll_create1
configure:19479: gcc -c   conftest.c >&5
configure:19479: $? = 0
configure:19488: result: yes
configure:19501: checking for kqueue
configure:19521: gcc -c   conftest.c >&5
conftest.c:373:10: fatal error: sys/event.h: No such file or directory
  373 | #include <sys/event.h>
      |          ^~~~~~~~~~~~~
compilation terminated.
configure:19521: $? = 1
configure: failed program was:
| /* confdefs.h */
| #define _NETBSD_SOURCE 1
| #define __BSD_VISIBLE 1
| #define _DARWIN_C_SOURCE 1
| #define _PYTHONFRAMEWORK ""
| #define _XOPEN_SOURCE 700
| #define _XOPEN_SOURCE_EXTENDED 1
| #define _POSIX_C_SOURCE 200809L
| #define HAVE_STDIO_H 1
| #define HAVE_STDLIB_H 1
| #define HAVE_STRING_H 1
| #define HAVE_INTTYPES_H 1
| #define HAVE_STDINT_H 1
| #define HAVE_STRINGS_H 1
| #define HAVE_SYS_STAT_H 1
| #define HAVE_SYS_TYPES_H 1
| #define HAVE_UNISTD_H 1
| #define HAVE_WCHAR_H 1
| #define STDC_HEADERS 1
| #define _ALL_SOURCE 1
| #define _DARWIN_C_SOURCE 1
| #define _GNU_SOURCE 1
| #define _HPUX_ALT_XOPEN_SOCKET_API 1
| #define _NETBSD_SOURCE 1
| #define _OPENBSD_SOURCE 1
| #define _POSIX_PTHREAD_SEMANTICS 1
| #define __STDC_WANT_IEC_60559_ATTRIBS_EXT__ 1
| #define __STDC_WANT_IEC_60559_BFP_EXT__ 1
| #define __STDC_WANT_IEC_60559_DFP_EXT__ 1
| #define __STDC_WANT_IEC_60559_FUNCS_EXT__ 1
| #define __STDC_WANT_IEC_60559_TYPES_EXT__ 1
| #define __STDC_WANT_LIB_EXT2__ 1
| #define __STDC_WANT_MATH_SPEC_FUNCS__ 1
| #define _TANDEM_SOURCE 1
| #define __EXTENSIONS__ 1
| #define PY_SUPPORT_TIER 1
| #define STDC_HEADERS 1
| #define HAVE_ALLOCA_H 1
| #define HAVE_ASM_TYPES_H 1
| #define HAVE_DLFCN_H 1
| #define HAVE_ENDIAN_H 1
| #define HAVE_ERRNO_H 1
| #define HAVE_FCNTL_H 1
| #define HAVE_GRP_H 1
| #define HAVE_LANGINFO_H 1
| #define HAVE_LIBINTL_H 1
| #define HAVE_LINUX_AUXVEC_H 1
| #define HAVE_SYS_AUXV_H 1
| #define HAVE_LINUX_FS_H 1
| #define HAVE_LINUX_LIMITS_H 1
| #define HAVE_LINUX_MEMFD_H 1
| #define HAVE_LINUX_RANDOM_H 1
| #define HAVE_LINUX_SOUNDCARD_H 1
| #define HAVE_LINUX_TIPC_H 1
| #define HAVE_LINUX_WAIT_H 1
| #define HAVE_NETDB_H 1
| #define HAVE_NET_ETHERNET_H 1
| #define HAVE_NETINET_IN_H 1
| #define HAVE_NETPACKET_PACKET_H 1
| #define HAVE_POLL_H 1
| #define HAVE_PTHREAD_H 1
| #define HAVE_PTY_H 1
| #define HAVE_SCHED_H 1
| #define HAVE_SETJMP_H 1
| #define HAVE_SHADOW_H 1
| #define HAVE_SIGNAL_H 1
| #define HAVE_SPAWN_H 1
| #define HAVE_SYS_EPOLL_H 1
| #define HAVE_SYS_EVENTFD_H 1
| #define HAVE_SYS_FILE_H 1
| #define HAVE_SYS_IOCTL_H 1
| #define HAVE_SYS_MMAN_H 1
| #define HAVE_SYS_PARAM_H 1
| #define HAVE_SYS_POLL_H 1
| #define HAVE_SYS_RANDOM_H 1
| #define HAVE_SYS_RESOURCE_H 1
| #define HAVE_SYS_SELECT_H 1
| #define HAVE_SYS_SENDFILE_H 1
| #define HAVE_SYS_SOCKET_H 1
| #define HAVE_SYS_SOUNDCARD_H 1
| #define HAVE_SYS_STAT_H 1
| #define HAVE_SYS_STATVFS_H 1
| #define HAVE_SYS_SYSCALL_H 1
| #define HAVE_SYS_SYSMACROS_H 1
| #define HAVE_SYS_TIME_H 1
| #define HAVE_SYS_TIMES_H 1
| #define HAVE_SYS_TIMERFD_H 1
| #define HAVE_SYS_TYPES_H 1
| #define HAVE_SYS_UIO_H 1
| #define HAVE_SYS_UN_H 1
| #define HAVE_SYS_UTSNAME_H 1
| #define HAVE_SYS_WAIT_H 1
| #define HAVE_SYS_XATTR_H 1
| #define HAVE_SYSEXITS_H 1
| #define HAVE_SYSLOG_H 1
| #define HAVE_TERMIOS_H 1
| #define HAVE_UTIME_H 1
| #define HAVE_UTMP_H 1
| #define HAVE_DIRENT_H 1
| #define MAJOR_IN_SYSMACROS 1
| #define HAVE_NET_IF_H 1
| #define HAVE_LINUX_NETLINK_H 1
| #define HAVE_LINUX_QRTR_H 1
| #define HAVE_LINUX_VM_SOCKETS_H 1
| #define HAVE_LINUX_CAN_H 1
| #define HAVE_LINUX_CAN_BCM_H 1
| #define HAVE_LINUX_CAN_J1939_H 1
| #define HAVE_LINUX_CAN_RAW_H 1
| #define HAVE_CLOCK_T 1
| #define HAVE_MAKEDEV 1
| #define HAVE_HTOLE64 1
| #define _LARGEFILE_SOURCE 1
| #define _FILE_OFFSET_BITS 64
| #if defined(SCO_DS)
| #undef _OFF_T
| #endif
| #define RETSIGTYPE void
| #define HAVE_SSIZE_T 1
| #define HAVE___UINT128_T 1
| #define HAVE_GCC_UINT128_T 1
| #define SIZEOF_INT 4
| #define SIZEOF_LONG 8
| #define ALIGNOF_LONG 8
| #define SIZEOF_LONG_LONG 8
| #define SIZEOF_VOID_P 8
| #define SIZEOF_SHORT 2
| #define SIZEOF_FLOAT 4
| #define SIZEOF_DOUBLE 8
| #define SIZEOF_FPOS_T 16
| #define SIZEOF_SIZE_T 8
| #define ALIGNOF_SIZE_T 8
| #define SIZEOF_PID_T 4
| #define SIZEOF_UINTPTR_T 8
| #define ALIGNOF_MAX_ALIGN_T 16
| #define HAVE_LONG_DOUBLE 1
| #define SIZEOF_LONG_DOUBLE 16
| #define SIZEOF__BOOL 1
| #define SIZEOF_OFF_T 8
| #define SIZEOF_TIME_T 8
| #define SIZEOF_PTHREAD_T 8
| #define SIZEOF_PTHREAD_KEY_T 4
| #define PTHREAD_KEY_T_IS_COMPATIBLE_WITH_INT 1
| #define PY_HAVE_PERF_TRAMPOLINE 1
| #define HAVE_LIBDL 1
| #define HAVE_FFI_PREP_CIF_VAR 1
| #define HAVE_FFI_PREP_CLOSURE_LOC 1
| #define HAVE_FFI_CLOSURE_ALLOC 1
| #define WITH_DECIMAL_CONTEXTVAR 1
| #define HAVE_LIBSQLITE3 1
| #define HAVE_LIBSQLITE3 1
| #define HAVE_LIBSQLITE3 1
| #define HAVE_LIBSQLITE3 1
| #define HAVE_LIBSQLITE3 1
| #define HAVE_LIBSQLITE3 1
| #define HAVE_LIBSQLITE3 1
| #define HAVE_LIBSQLITE3 1
| #define HAVE_LIBSQLITE3 1
| #define PY_SQLITE_HAVE_SERIALIZE 1
| #define HAVE_GDBM_H 1
| #define _REENTRANT 1
| #define PTHREAD_SYSTEM_SCHED_SUPPORTED 1
| #define HAVE_PTHREAD_SIGMASK 1
| #define HAVE_PTHREAD_GETCPUCLOCKID 1
| #define ENABLE_IPV6 1
| #define HAVE_LINUX_CAN_RAW_FD_FRAMES 1
| #define HAVE_LINUX_CAN_RAW_JOIN_FILTERS 1
| #define WITH_DOC_STRINGS 1
| #define HAVE_STD_ATOMIC 1
| #define HAVE_BUILTIN_ATOMIC 1
| #define WITH_MIMALLOC 1
| #define WITH_PYMALLOC 1
| #define WITH_FREELISTS 1
| #define PY_COERCE_C_LOCALE 1
| #define HAVE_DLOPEN 1
| #define HAVE_DYNAMIC_LOADING 1
| #define HAVE_ACCEPT4 1
| #define HAVE_ALARM 1
| #define HAVE_BIND_TEXTDOMAIN_CODESET 1
| #define HAVE_CHMOD 1
| #define HAVE_CHOWN 1
| #define HAVE_CLOCK 1
| #define HAVE_CLOSEFROM 1
| #define HAVE_CLOSE_RANGE 1
| #define HAVE_CONFSTR 1
| #define HAVE_COPY_FILE_RANGE 1
| #define HAVE_CTERMID 1
| #define HAVE_DUP 1
| #define HAVE_DUP3 1
| #define HAVE_EXECV 1
| #define HAVE_EXPLICIT_BZERO 1
| #define HAVE_FACCESSAT 1
| #define HAVE_FCHMOD 1
| #define HAVE_FCHMODAT 1
| #define HAVE_FCHOWN 1
| #define HAVE_FCHOWNAT 1
| #define HAVE_FDOPENDIR 1
| #define HAVE_FEXECVE 1
| #define HAVE_FORK 1
| #define HAVE_FPATHCONF 1
| #define HAVE_FSTATAT 1
| #define HAVE_FTIME 1
| #define HAVE_FTRUNCATE 1
| #define HAVE_FUTIMENS 1
| #define HAVE_FUTIMES 1
| #define HAVE_FUTIMESAT 1
| #define HAVE_GAI_STRERROR 1
| #define HAVE_GETEGID 1
| #define HAVE_GETEUID 1
| #define HAVE_GETGID 1
| #define HAVE_GETGRENT 1
| #define HAVE_GETGRGID 1
| #define HAVE_GETGRGID_R 1
| #define HAVE_GETGRNAM_R 1
| #define HAVE_GETGROUPLIST 1
| #define HAVE_GETHOSTNAME 1
| #define HAVE_GETITIMER 1
| #define HAVE_GETLOADAVG 1
| #define HAVE_GETLOGIN 1
| #define HAVE_GETPEERNAME 1
| #define HAVE_GETPGID 1
| #define HAVE_GETPID 1
| #define HAVE_GETPPID 1
| #define HAVE_GETPRIORITY 1
| #define HAVE_GETPWENT 1
| #define HAVE_GETPWNAM_R 1
| #define HAVE_GETPWUID 1
| #define HAVE_GETPWUID_R 1
| #define HAVE_GETRESGID 1
| #define HAVE_GETRESUID 1
| #define HAVE_GETRUSAGE 1
| #define HAVE_GETSID 1
| #define HAVE_GETSPENT 1
| #define HAVE_GETSPNAM 1
| #define HAVE_GETUID 1
| #define HAVE_GETWD 1
| #define HAVE_GRANTPT 1
| #define HAVE_IF_NAMEINDEX 1
| #define HAVE_INITGROUPS 1
| #define HAVE_KILL 1
| #define HAVE_KILLPG 1
| #define HAVE_LCHOWN 1
| #define HAVE_LINKAT 1
| #define HAVE_LOCKF 1
| #define HAVE_LSTAT 1
| #define HAVE_LUTIMES 1
| #define HAVE_MADVISE 1
| #define HAVE_MBRTOWC 1
| #define HAVE_MEMRCHR 1
| #define HAVE_MKDIRAT 1
| #define HAVE_MKFIFO 1
| #define HAVE_MKFIFOAT 1
| #define HAVE_MKNOD 1
| #define HAVE_MKNODAT 1
| #define HAVE_MKTIME 1
| #define HAVE_MMAP 1
| #define HAVE_MREMAP 1
| #define HAVE_NICE 1
| #define HAVE_OPENAT 1
| #define HAVE_OPENDIR 1
| #define HAVE_PATHCONF 1
| #define HAVE_PAUSE 1
| #define HAVE_PIPE 1
| #define HAVE_PIPE2 1
| #define HAVE_POLL 1
| #define HAVE_POSIX_FADVISE 1
| #define HAVE_POSIX_FALLOCATE 1
| #define HAVE_POSIX_OPENPT 1
| #define HAVE_POSIX_SPAWN 1
| #define HAVE_POSIX_SPAWNP 1
| #define HAVE_POSIX_SPAWN_FILE_ACTIONS_ADDCLOSEFROM_NP 1
| #define HAVE_PREAD 1
| #define HAVE_PREADV 1
| #define HAVE_PREADV2 1
| #define HAVE_PROCESS_VM_READV 1
| #define HAVE_PTHREAD_CONDATTR_SETCLOCK 1
| #define HAVE_PTHREAD_KILL 1
| #define HAVE_PTSNAME 1
| #define HAVE_PTSNAME_R 1
| #define HAVE_PWRITE 1
| #define HAVE_PWRITEV 1
| #define HAVE_PWRITEV2 1
| #define HAVE_READLINK 1
| #define HAVE_READLINKAT 1
| #define HAVE_READV 1
| #define HAVE_REALPATH 1
| #define HAVE_RENAMEAT 1
| #define HAVE_SCHED_GET_PRIORITY_MAX 1
| #define HAVE_SCHED_RR_GET_INTERVAL 1
| #define HAVE_SCHED_SETAFFINITY 1
| #define HAVE_SCHED_SETPARAM 1
| #define HAVE_SCHED_SETSCHEDULER 1
| #define HAVE_SEM_CLOCKWAIT 1
| #define HAVE_SEM_GETVALUE 1
| #define HAVE_SEM_OPEN 1
| #define HAVE_SEM_TIMEDWAIT 1
| #define HAVE_SEM_UNLINK 1
| #define HAVE_SENDFILE 1
| #define HAVE_SETEGID 1
| #define HAVE_SETEUID 1
| #define HAVE_SETGID 1
| #define HAVE_SETHOSTNAME 1
| #define HAVE_SETITIMER 1
| #define HAVE_SETLOCALE 1
| #define HAVE_SETPGID 1
| #define HAVE_SETPGRP 1
| #define HAVE_SETPRIORITY 1
| #define HAVE_SETREGID 1
| #define HAVE_SETRESGID 1
| #define HAVE_SETRESUID 1
| #define HAVE_SETREUID 1
| #define HAVE_SETSID 1
| #define HAVE_SETUID 1
| #define HAVE_SETVBUF 1
| #define HAVE_SHUTDOWN 1
| #define HAVE_SIGACTION 1
| #define HAVE_SIGALTSTACK 1
| #define HAVE_SIGFILLSET 1
| #define HAVE_SIGINTERRUPT 1
| #define HAVE_SIGPENDING 1
| #define HAVE_SIGRELSE 1
| #define HAVE_SIGTIMEDWAIT 1
| #define HAVE_SIGWAIT 1
| #define HAVE_SIGWAITINFO 1
| #define HAVE_SNPRINTF 1
| #define HAVE_SPLICE 1
| #define HAVE_STRFTIME 1
| #define HAVE_STRSIGNAL 1
| #define HAVE_SYMLINKAT 1
| #define HAVE_SYNC 1
| #define HAVE_SYSCONF 1
| #define HAVE_TCGETPGRP 1
| #define HAVE_TCSETPGRP 1
| #define HAVE_TEMPNAM 1
| #define HAVE_TIMEGM 1
| #define HAVE_TIMES 1
| #define HAVE_TMPFILE 1
| #define HAVE_TMPNAM 1
| #define HAVE_TMPNAM_R 1
| #define HAVE_TRUNCATE 1
| #define HAVE_TTYNAME_R 1
| #define HAVE_UMASK 1
| #define HAVE_UNAME 1
| #define HAVE_UNLINKAT 1
| #define HAVE_UNLOCKPT 1
| #define HAVE_UTIMENSAT 1
| #define HAVE_UTIMES 1
| #define HAVE_VFORK 1
| #define HAVE_WAIT 1
| #define HAVE_WAIT3 1
| #define HAVE_WAIT4 1
| #define HAVE_WAITID 1
| #define HAVE_WAITPID 1
| #define HAVE_WCSCOLL 1
| #define HAVE_WCSFTIME 1
| #define HAVE_WCSXFRM 1
| #define HAVE_WMEMCMP 1
| #define HAVE_WRITEV 1
| #define HAVE_GETENTROPY 1
| #define HAVE_GETGROUPS 1
| #define HAVE_SYSTEM 1
| #define HAVE_DIRFD 1
| #define HAVE_CHROOT 1
| #define HAVE_LINK 1
| #define HAVE_SYMLINK 1
| #define HAVE_FCHDIR 1
| #define HAVE_FSYNC 1
| #define HAVE_FDATASYNC 1
| #define HAVE_EPOLL 1
| #define HAVE_EPOLL_CREATE1 1
| /* end confdefs.h.  */
| 
| #include <sys/types.h>
| #include <sys/event.h>
| 
| int
| main (void)
| {
| void *x=kqueue
|   ;
|   return 0;
| }
configure:19530: result: no
configure:19543: checking for prlimit
configure:19563: gcc -c   conftest.c >&5
configure:19563: $? = 0
configure:19572: result: yes
configure:19586: checking for _dyld_shared_cache_contains_path
configure:19603: gcc -c   conftest.c >&5
conftest.c:372:10: fatal error: mach-o/dyld.h: No such file or directory
  372 | #include <mach-o/dyld.h>
      |          ^~~~~~~~~~~~~~~
compilation terminated.
configure:19603: $? = 1
configure: failed program was:
| /* confdefs.h */
| #define _NETBSD_SOURCE 1
| #define __BSD_VISIBLE 1
| #define _DARWIN_C_SOURCE 1
| #define _PYTHONFRAMEWORK ""
| #define _XOPEN_SOURCE 700
| #define _XOPEN_SOURCE_EXTENDED 1
| #define _POSIX_C_SOURCE 200809L
| #define HAVE_STDIO_H 1
| #define HAVE_STDLIB_H 1
| #define HAVE_STRING_H 1
| #define HAVE_INTTYPES_H 1
| #define HAVE_STDINT_H 1
| #define HAVE_STRINGS_H 1
| #define HAVE_SYS_STAT_H 1
| #define HAVE_SYS_TYPES_H 1
| #define HAVE_UNISTD_H 1
| #define HAVE_WCHAR_H 1
| #define STDC_HEADERS 1
| #define _ALL_SOURCE 1
| #define _DARWIN_C_SOURCE 1
| #define _GNU_SOURCE 1
| #define _HPUX_ALT_XOPEN_SOCKET_API 1
| #define _NETBSD_SOURCE 1
| #define _OPENBSD_SOURCE 1
| #define _POSIX_PTHREAD_SEMANTICS 1
| #define __STDC_WANT_IEC_60559_ATTRIBS_EXT__ 1
| #define __STDC_WANT_IEC_60559_BFP_EXT__ 1
| #define __STDC_WANT_IEC_60559_DFP_EXT__ 1
| #define __STDC_WANT_IEC_60559_FUNCS_EXT__ 1
| #define __STDC_WANT_IEC_60559_TYPES_EXT__ 1
| #define __STDC_WANT_LIB_EXT2__ 1
| #define __STDC_WANT_MATH_SPEC_FUNCS__ 1
| #define _TANDEM_SOURCE 1
| #define __EXTENSIONS__ 1
| #define PY_SUPPORT_TIER 1
| #define STDC_HEADERS 1
| #define HAVE_ALLOCA_H 1
| #define HAVE_ASM_TYPES_H 1
| #define HAVE_DLFCN_H 1
| #define HAVE_ENDIAN_H 1
| #define HAVE_ERRNO_H 1
| #define HAVE_FCNTL_H 1
| #define HAVE_GRP_H 1
| #define HAVE_LANGINFO_H 1
| #define HAVE_LIBINTL_H 1
| #define HAVE_LINUX_AUXVEC_H 1
| #define HAVE_SYS_AUXV_H 1
| #define HAVE_LINUX_FS_H 1
| #define HAVE_LINUX_LIMITS_H 1
| #define HAVE_LINUX_MEMFD_H 1
| #define HAVE_LINUX_RANDOM_H 1
| #define HAVE_LINUX_SOUNDCARD_H 1
| #define HAVE_LINUX_TIPC_H 1
| #define HAVE_LINUX_WAIT_H 1
| #define HAVE_NETDB_H 1
| #define HAVE_NET_ETHERNET_H 1
| #define HAVE_NETINET_IN_H 1
| #define HAVE_NETPACKET_PACKET_H 1
| #define HAVE_POLL_H 1
| #define HAVE_PTHREAD_H 1
| #define HAVE_PTY_H 1
| #define HAVE_SCHED_H 1
| #define HAVE_SETJMP_H 1
| #define HAVE_SHADOW_H 1
| #define HAVE_SIGNAL_H 1
| #define HAVE_SPAWN_H 1
| #define HAVE_SYS_EPOLL_H 1
| #define HAVE_SYS_EVENTFD_H 1
| #define HAVE_SYS_FILE_H 1
| #define HAVE_SYS_IOCTL_H 1
| #define HAVE_SYS_MMAN_H 1
| #define HAVE_SYS_PARAM_H 1
| #define HAVE_SYS_POLL_H 1
| #define HAVE_SYS_RANDOM_H 1
| #define HAVE_SYS_RESOURCE_H 1
| #define HAVE_SYS_SELECT_H 1
| #define HAVE_SYS_SENDFILE_H 1
| #define HAVE_SYS_SOCKET_H 1
| #define HAVE_SYS_SOUNDCARD_H 1
| #define HAVE_SYS_STAT_H 1
| #define HAVE_SYS_STATVFS_H 1
| #define HAVE_SYS_SYSCALL_H 1
| #define HAVE_SYS_SYSMACROS_H 1
| #define HAVE_SYS_TIME_H 1
| #define HAVE_SYS_TIMES_H 1
| #define HAVE_SYS_TIMERFD_H 1
| #define HAVE_SYS_TYPES_H 1
| #define HAVE_SYS_UIO_H 1
| #define HAVE_SYS_UN_H 1
| #define HAVE_SYS_UTSNAME_H 1
| #define HAVE_SYS_WAIT_H 1
| #define HAVE_SYS_XATTR_H 1
| #define HAVE_SYSEXITS_H 1
| #define HAVE_SYSLOG_H 1
| #define HAVE_TERMIOS_H 1
| #define HAVE_UTIME_H 1
| #define HAVE_UTMP_H 1
| #define HAVE_DIRENT_H 1
| #define MAJOR_IN_SYSMACROS 1
| #define HAVE_NET_IF_H 1
| #define HAVE_LINUX_NETLINK_H 1
| #define HAVE_LINUX_QRTR_H 1
| #define HAVE_LINUX_VM_SOCKETS_H 1
| #define HAVE_LINUX_CAN_H 1
| #define HAVE_LINUX_CAN_BCM_H 1
| #define HAVE_LINUX_CAN_J1939_H 1
| #define HAVE_LINUX_CAN_RAW_H 1
| #define HAVE_CLOCK_T 1
| #define HAVE_MAKEDEV 1
| #define HAVE_HTOLE64 1
| #define _LARGEFILE_SOURCE 1
| #define _FILE_OFFSET_BITS 64
| #if defined(SCO_DS)
| #undef _OFF_T
| #endif
| #define RETSIGTYPE void
| #define HAVE_SSIZE_T 1
| #define HAVE___UINT128_T 1
| #define HAVE_GCC_UINT128_T 1
| #define SIZEOF_INT 4
| #define SIZEOF_LONG 8
| #define ALIGNOF_LONG 8
| #define SIZEOF_LONG_LONG 8
| #define SIZEOF_VOID_P 8
| #define SIZEOF_SHORT 2
| #define SIZEOF_FLOAT 4
| #define SIZEOF_DOUBLE 8
| #define SIZEOF_FPOS_T 16
| #define SIZEOF_SIZE_T 8
| #define ALIGNOF_SIZE_T 8
| #define SIZEOF_PID_T 4
| #define SIZEOF_UINTPTR_T 8
| #define ALIGNOF_MAX_ALIGN_T 16
| #define HAVE_LONG_DOUBLE 1
| #define SIZEOF_LONG_DOUBLE 16
| #define SIZEOF__BOOL 1
| #define SIZEOF_OFF_T 8
| #define SIZEOF_TIME_T 8
| #define SIZEOF_PTHREAD_T 8
| #define SIZEOF_PTHREAD_KEY_T 4
| #define PTHREAD_KEY_T_IS_COMPATIBLE_WITH_INT 1
| #define PY_HAVE_PERF_TRAMPOLINE 1
| #define HAVE_LIBDL 1
| #define HAVE_FFI_PREP_CIF_VAR 1
| #define HAVE_FFI_PREP_CLOSURE_LOC 1
| #define HAVE_FFI_CLOSURE_ALLOC 1
| #define WITH_DECIMAL_CONTEXTVAR 1
| #define HAVE_LIBSQLITE3 1
| #define HAVE_LIBSQLITE3 1
| #define HAVE_LIBSQLITE3 1
| #define HAVE_LIBSQLITE3 1
| #define HAVE_LIBSQLITE3 1
| #define HAVE_LIBSQLITE3 1
| #define HAVE_LIBSQLITE3 1
| #define HAVE_LIBSQLITE3 1
| #define HAVE_LIBSQLITE3 1
| #define PY_SQLITE_HAVE_SERIALIZE 1
| #define HAVE_GDBM_H 1
| #define _REENTRANT 1
| #define PTHREAD_SYSTEM_SCHED_SUPPORTED 1
| #define HAVE_PTHREAD_SIGMASK 1
| #define HAVE_PTHREAD_GETCPUCLOCKID 1
| #define ENABLE_IPV6 1
| #define HAVE_LINUX_CAN_RAW_FD_FRAMES 1
| #define HAVE_LINUX_CAN_RAW_JOIN_FILTERS 1
| #define WITH_DOC_STRINGS 1
| #define HAVE_STD_ATOMIC 1
| #define HAVE_BUILTIN_ATOMIC 1
| #define WITH_MIMALLOC 1
| #define WITH_PYMALLOC 1
| #define WITH_FREELISTS 1
| #define PY_COERCE_C_LOCALE 1
| #define HAVE_DLOPEN 1
| #define HAVE_DYNAMIC_LOADING 1
| #define HAVE_ACCEPT4 1
| #define HAVE_ALARM 1
| #define HAVE_BIND_TEXTDOMAIN_CODESET 1
| #define HAVE_CHMOD 1
| #define HAVE_CHOWN 1
| #define HAVE_CLOCK 1
| #define HAVE_CLOSEFROM 1
| #define HAVE_CLOSE_RANGE 1
| #define HAVE_CONFSTR 1
| #define HAVE_COPY_FILE_RANGE 1
| #define HAVE_CTERMID 1
| #define HAVE_DUP 1
| #define HAVE_DUP3 1
| #define HAVE_EXECV 1
| #define HAVE_EXPLICIT_BZERO 1
| #define HAVE_FACCESSAT 1
| #define HAVE_FCHMOD 1
| #define HAVE_FCHMODAT 1
| #define HAVE_FCHOWN 1
| #define HAVE_FCHOWNAT 1
| #define HAVE_FDOPENDIR 1
| #define HAVE_FEXECVE 1
| #define HAVE_FORK 1
| #define HAVE_FPATHCONF 1
| #define HAVE_FSTATAT 1
| #define HAVE_FTIME 1
| #define HAVE_FTRUNCATE 1
| #define HAVE_FUTIMENS 1
| #define HAVE_FUTIMES 1
| #define HAVE_FUTIMESAT 1
| #define HAVE_GAI_STRERROR 1
| #define HAVE_GETEGID 1
| #define HAVE_GETEUID 1
| #define HAVE_GETGID 1
| #define HAVE_GETGRENT 1
| #define HAVE_GETGRGID 1
| #define HAVE_GETGRGID_R 1
| #define HAVE_GETGRNAM_R 1
| #define HAVE_GETGROUPLIST 1
| #define HAVE_GETHOSTNAME 1
| #define HAVE_GETITIMER 1
| #define HAVE_GETLOADAVG 1
| #define HAVE_GETLOGIN 1
| #define HAVE_GETPEERNAME 1
| #define HAVE_GETPGID 1
| #define HAVE_GETPID 1
| #define HAVE_GETPPID 1
| #define HAVE_GETPRIORITY 1
| #define HAVE_GETPWENT 1
| #define HAVE_GETPWNAM_R 1
| #define HAVE_GETPWUID 1
| #define HAVE_GETPWUID_R 1
| #define HAVE_GETRESGID 1
| #define HAVE_GETRESUID 1
| #define HAVE_GETRUSAGE 1
| #define HAVE_GETSID 1
| #define HAVE_GETSPENT 1
| #define HAVE_GETSPNAM 1
| #define HAVE_GETUID 1
| #define HAVE_GETWD 1
| #define HAVE_GRANTPT 1
| #define HAVE_IF_NAMEINDEX 1
| #define HAVE_INITGROUPS 1
| #define HAVE_KILL 1
| #define HAVE_KILLPG 1
| #define HAVE_LCHOWN 1
| #define HAVE_LINKAT 1
| #define HAVE_LOCKF 1
| #define HAVE_LSTAT 1
| #define HAVE_LUTIMES 1
| #define HAVE_MADVISE 1
| #define HAVE_MBRTOWC 1
| #define HAVE_MEMRCHR 1
| #define HAVE_MKDIRAT 1
| #define HAVE_MKFIFO 1
| #define HAVE_MKFIFOAT 1
| #define HAVE_MKNOD 1
| #define HAVE_MKNODAT 1
| #define HAVE_MKTIME 1
| #define HAVE_MMAP 1
| #define HAVE_MREMAP 1
| #define HAVE_NICE 1
| #define HAVE_OPENAT 1
| #define HAVE_OPENDIR 1
| #define HAVE_PATHCONF 1
| #define HAVE_PAUSE 1
| #define HAVE_PIPE 1
| #define HAVE_PIPE2 1
| #define HAVE_POLL 1
| #define HAVE_POSIX_FADVISE 1
| #define HAVE_POSIX_FALLOCATE 1
| #define HAVE_POSIX_OPENPT 1
| #define HAVE_POSIX_SPAWN 1
| #define HAVE_POSIX_SPAWNP 1
| #define HAVE_POSIX_SPAWN_FILE_ACTIONS_ADDCLOSEFROM_NP 1
| #define HAVE_PREAD 1
| #define HAVE_PREADV 1
| #define HAVE_PREADV2 1
| #define HAVE_PROCESS_VM_READV 1
| #define HAVE_PTHREAD_CONDATTR_SETCLOCK 1
| #define HAVE_PTHREAD_KILL 1
| #define HAVE_PTSNAME 1
| #define HAVE_PTSNAME_R 1
| #define HAVE_PWRITE 1
| #define HAVE_PWRITEV 1
| #define HAVE_PWRITEV2 1
| #define HAVE_READLINK 1
| #define HAVE_READLINKAT 1
| #define HAVE_READV 1
| #define HAVE_REALPATH 1
| #define HAVE_RENAMEAT 1
| #define HAVE_SCHED_GET_PRIORITY_MAX 1
| #define HAVE_SCHED_RR_GET_INTERVAL 1
| #define HAVE_SCHED_SETAFFINITY 1
| #define HAVE_SCHED_SETPARAM 1
| #define HAVE_SCHED_SETSCHEDULER 1
| #define HAVE_SEM_CLOCKWAIT 1
| #define HAVE_SEM_GETVALUE 1
| #define HAVE_SEM_OPEN 1
| #define HAVE_SEM_TIMEDWAIT 1
| #define HAVE_SEM_UNLINK 1
| #define HAVE_SENDFILE 1
| #define HAVE_SETEGID 1
| #define HAVE_SETEUID 1
| #define HAVE_SETGID 1
| #define HAVE_SETHOSTNAME 1
| #define HAVE_SETITIMER 1
| #define HAVE_SETLOCALE 1
| #define HAVE_SETPGID 1
| #define HAVE_SETPGRP 1
| #define HAVE_SETPRIORITY 1
| #define HAVE_SETREGID 1
| #define HAVE_SETRESGID 1
| #define HAVE_SETRESUID 1
| #define HAVE_SETREUID 1
| #define HAVE_SETSID 1
| #define HAVE_SETUID 1
| #define HAVE_SETVBUF 1
| #define HAVE_SHUTDOWN 1
| #define HAVE_SIGACTION 1
| #define HAVE_SIGALTSTACK 1
| #define HAVE_SIGFILLSET 1
| #define HAVE_SIGINTERRUPT 1
| #define HAVE_SIGPENDING 1
| #define HAVE_SIGRELSE 1
| #define HAVE_SIGTIMEDWAIT 1
| #define HAVE_SIGWAIT 1
| #define HAVE_SIGWAITINFO 1
| #define HAVE_SNPRINTF 1
| #define HAVE_SPLICE 1
| #define HAVE_STRFTIME 1
| #define HAVE_STRSIGNAL 1
| #define HAVE_SYMLINKAT 1
| #define HAVE_SYNC 1
| #define HAVE_SYSCONF 1
| #define HAVE_TCGETPGRP 1
| #define HAVE_TCSETPGRP 1
| #define HAVE_TEMPNAM 1
| #define HAVE_TIMEGM 1
| #define HAVE_TIMES 1
| #define HAVE_TMPFILE 1
| #define HAVE_TMPNAM 1
| #define HAVE_TMPNAM_R 1
| #define HAVE_TRUNCATE 1
| #define HAVE_TTYNAME_R 1
| #define HAVE_UMASK 1
| #define HAVE_UNAME 1
| #define HAVE_UNLINKAT 1
| #define HAVE_UNLOCKPT 1
| #define HAVE_UTIMENSAT 1
| #define HAVE_UTIMES 1
| #define HAVE_VFORK 1
| #define HAVE_WAIT 1
| #define HAVE_WAIT3 1
| #define HAVE_WAIT4 1
| #define HAVE_WAITID 1
| #define HAVE_WAITPID 1
| #define HAVE_WCSCOLL 1
| #define HAVE_WCSFTIME 1
| #define HAVE_WCSXFRM 1
| #define HAVE_WMEMCMP 1
| #define HAVE_WRITEV 1
| #define HAVE_GETENTROPY 1
| #define HAVE_GETGROUPS 1
| #define HAVE_SYSTEM 1
| #define HAVE_DIRFD 1
| #define HAVE_CHROOT 1
| #define HAVE_LINK 1
| #define HAVE_SYMLINK 1
| #define HAVE_FCHDIR 1
| #define HAVE_FSYNC 1
| #define HAVE_FDATASYNC 1
| #define HAVE_EPOLL 1
| #define HAVE_EPOLL_CREATE1 1
| #define HAVE_PRLIMIT 1
| /* end confdefs.h.  */
| #include <mach-o/dyld.h>
| int
| main (void)
| {
| void *x=_dyld_shared_cache_contains_path
|   ;
|   return 0;
| }
configure:19612: result: no
configure:19626: checking for memfd_create
configure:19650: gcc -c   conftest.c >&5
configure:19650: $? = 0
configure:19659: result: yes
configure:19673: checking for eventfd
configure:19694: gcc -c   conftest.c >&5
configure:19694: $? = 0
configure:19703: result: yes
configure:19717: checking for timerfd_create
configure:19738: gcc -c   conftest.c >&5
configure:19738: $? = 0
configure:19747: result: yes
configure:19767: checking for ctermid_r
configure:19784: gcc -c   conftest.c >&5
conftest.c: In function 'main':
conftest.c:379:9: error: 'ctermid_r' undeclared (first use in this function); did you mean 'ctermid'?
  379 | void *x=ctermid_r
      |         ^~~~~~~~~
      |         ctermid
conftest.c:379:9: note: each undeclared identifier is reported only once for each function it appears in
configure:19784: $? = 1
configure: failed program was:
| /* confdefs.h */
| #define _NETBSD_SOURCE 1
| #define __BSD_VISIBLE 1
| #define _DARWIN_C_SOURCE 1
| #define _PYTHONFRAMEWORK ""
| #define _XOPEN_SOURCE 700
| #define _XOPEN_SOURCE_EXTENDED 1
| #define _POSIX_C_SOURCE 200809L
| #define HAVE_STDIO_H 1
| #define HAVE_STDLIB_H 1
| #define HAVE_STRING_H 1
| #define HAVE_INTTYPES_H 1
| #define HAVE_STDINT_H 1
| #define HAVE_STRINGS_H 1
| #define HAVE_SYS_STAT_H 1
| #define HAVE_SYS_TYPES_H 1
| #define HAVE_UNISTD_H 1
| #define HAVE_WCHAR_H 1
| #define STDC_HEADERS 1
| #define _ALL_SOURCE 1
| #define _DARWIN_C_SOURCE 1
| #define _GNU_SOURCE 1
| #define _HPUX_ALT_XOPEN_SOCKET_API 1
| #define _NETBSD_SOURCE 1
| #define _OPENBSD_SOURCE 1
| #define _POSIX_PTHREAD_SEMANTICS 1
| #define __STDC_WANT_IEC_60559_ATTRIBS_EXT__ 1
| #define __STDC_WANT_IEC_60559_BFP_EXT__ 1
| #define __STDC_WANT_IEC_60559_DFP_EXT__ 1
| #define __STDC_WANT_IEC_60559_FUNCS_EXT__ 1
| #define __STDC_WANT_IEC_60559_TYPES_EXT__ 1
| #define __STDC_WANT_LIB_EXT2__ 1
| #define __STDC_WANT_MATH_SPEC_FUNCS__ 1
| #define _TANDEM_SOURCE 1
| #define __EXTENSIONS__ 1
| #define PY_SUPPORT_TIER 1
| #define STDC_HEADERS 1
| #define HAVE_ALLOCA_H 1
| #define HAVE_ASM_TYPES_H 1
| #define HAVE_DLFCN_H 1
| #define HAVE_ENDIAN_H 1
| #define HAVE_ERRNO_H 1
| #define HAVE_FCNTL_H 1
| #define HAVE_GRP_H 1
| #define HAVE_LANGINFO_H 1
| #define HAVE_LIBINTL_H 1
| #define HAVE_LINUX_AUXVEC_H 1
| #define HAVE_SYS_AUXV_H 1
| #define HAVE_LINUX_FS_H 1
| #define HAVE_LINUX_LIMITS_H 1
| #define HAVE_LINUX_MEMFD_H 1
| #define HAVE_LINUX_RANDOM_H 1
| #define HAVE_LINUX_SOUNDCARD_H 1
| #define HAVE_LINUX_TIPC_H 1
| #define HAVE_LINUX_WAIT_H 1
| #define HAVE_NETDB_H 1
| #define HAVE_NET_ETHERNET_H 1
| #define HAVE_NETINET_IN_H 1
| #define HAVE_NETPACKET_PACKET_H 1
| #define HAVE_POLL_H 1
| #define HAVE_PTHREAD_H 1
| #define HAVE_PTY_H 1
| #define HAVE_SCHED_H 1
| #define HAVE_SETJMP_H 1
| #define HAVE_SHADOW_H 1
| #define HAVE_SIGNAL_H 1
| #define HAVE_SPAWN_H 1
| #define HAVE_SYS_EPOLL_H 1
| #define HAVE_SYS_EVENTFD_H 1
| #define HAVE_SYS_FILE_H 1
| #define HAVE_SYS_IOCTL_H 1
| #define HAVE_SYS_MMAN_H 1
| #define HAVE_SYS_PARAM_H 1
| #define HAVE_SYS_POLL_H 1
| #define HAVE_SYS_RANDOM_H 1
| #define HAVE_SYS_RESOURCE_H 1
| #define HAVE_SYS_SELECT_H 1
| #define HAVE_SYS_SENDFILE_H 1
| #define HAVE_SYS_SOCKET_H 1
| #define HAVE_SYS_SOUNDCARD_H 1
| #define HAVE_SYS_STAT_H 1
| #define HAVE_SYS_STATVFS_H 1
| #define HAVE_SYS_SYSCALL_H 1
| #define HAVE_SYS_SYSMACROS_H 1
| #define HAVE_SYS_TIME_H 1
| #define HAVE_SYS_TIMES_H 1
| #define HAVE_SYS_TIMERFD_H 1
| #define HAVE_SYS_TYPES_H 1
| #define HAVE_SYS_UIO_H 1
| #define HAVE_SYS_UN_H 1
| #define HAVE_SYS_UTSNAME_H 1
| #define HAVE_SYS_WAIT_H 1
| #define HAVE_SYS_XATTR_H 1
| #define HAVE_SYSEXITS_H 1
| #define HAVE_SYSLOG_H 1
| #define HAVE_TERMIOS_H 1
| #define HAVE_UTIME_H 1
| #define HAVE_UTMP_H 1
| #define HAVE_DIRENT_H 1
| #define MAJOR_IN_SYSMACROS 1
| #define HAVE_NET_IF_H 1
| #define HAVE_LINUX_NETLINK_H 1
| #define HAVE_LINUX_QRTR_H 1
| #define HAVE_LINUX_VM_SOCKETS_H 1
| #define HAVE_LINUX_CAN_H 1
| #define HAVE_LINUX_CAN_BCM_H 1
| #define HAVE_LINUX_CAN_J1939_H 1
| #define HAVE_LINUX_CAN_RAW_H 1
| #define HAVE_CLOCK_T 1
| #define HAVE_MAKEDEV 1
| #define HAVE_HTOLE64 1
| #define _LARGEFILE_SOURCE 1
| #define _FILE_OFFSET_BITS 64
| #if defined(SCO_DS)
| #undef _OFF_T
| #endif
| #define RETSIGTYPE void
| #define HAVE_SSIZE_T 1
| #define HAVE___UINT128_T 1
| #define HAVE_GCC_UINT128_T 1
| #define SIZEOF_INT 4
| #define SIZEOF_LONG 8
| #define ALIGNOF_LONG 8
| #define SIZEOF_LONG_LONG 8
| #define SIZEOF_VOID_P 8
| #define SIZEOF_SHORT 2
| #define SIZEOF_FLOAT 4
| #define SIZEOF_DOUBLE 8
| #define SIZEOF_FPOS_T 16
| #define SIZEOF_SIZE_T 8
| #define ALIGNOF_SIZE_T 8
| #define SIZEOF_PID_T 4
| #define SIZEOF_UINTPTR_T 8
| #define ALIGNOF_MAX_ALIGN_T 16
| #define HAVE_LONG_DOUBLE 1
| #define SIZEOF_LONG_DOUBLE 16
| #define SIZEOF__BOOL 1
| #define SIZEOF_OFF_T 8
| #define SIZEOF_TIME_T 8
| #define SIZEOF_PTHREAD_T 8
| #define SIZEOF_PTHREAD_KEY_T 4
| #define PTHREAD_KEY_T_IS_COMPATIBLE_WITH_INT 1
| #define PY_HAVE_PERF_TRAMPOLINE 1
| #define HAVE_LIBDL 1
| #define HAVE_FFI_PREP_CIF_VAR 1
| #define HAVE_FFI_PREP_CLOSURE_LOC 1
| #define HAVE_FFI_CLOSURE_ALLOC 1
| #define WITH_DECIMAL_CONTEXTVAR 1
| #define HAVE_LIBSQLITE3 1
| #define HAVE_LIBSQLITE3 1
| #define HAVE_LIBSQLITE3 1
| #define HAVE_LIBSQLITE3 1
| #define HAVE_LIBSQLITE3 1
| #define HAVE_LIBSQLITE3 1
| #define HAVE_LIBSQLITE3 1
| #define HAVE_LIBSQLITE3 1
| #define HAVE_LIBSQLITE3 1
| #define PY_SQLITE_HAVE_SERIALIZE 1
| #define HAVE_GDBM_H 1
| #define _REENTRANT 1
| #define PTHREAD_SYSTEM_SCHED_SUPPORTED 1
| #define HAVE_PTHREAD_SIGMASK 1
| #define HAVE_PTHREAD_GETCPUCLOCKID 1
| #define ENABLE_IPV6 1
| #define HAVE_LINUX_CAN_RAW_FD_FRAMES 1
| #define HAVE_LINUX_CAN_RAW_JOIN_FILTERS 1
| #define WITH_DOC_STRINGS 1
| #define HAVE_STD_ATOMIC 1
| #define HAVE_BUILTIN_ATOMIC 1
| #define WITH_MIMALLOC 1
| #define WITH_PYMALLOC 1
| #define WITH_FREELISTS 1
| #define PY_COERCE_C_LOCALE 1
| #define HAVE_DLOPEN 1
| #define HAVE_DYNAMIC_LOADING 1
| #define HAVE_ACCEPT4 1
| #define HAVE_ALARM 1
| #define HAVE_BIND_TEXTDOMAIN_CODESET 1
| #define HAVE_CHMOD 1
| #define HAVE_CHOWN 1
| #define HAVE_CLOCK 1
| #define HAVE_CLOSEFROM 1
| #define HAVE_CLOSE_RANGE 1
| #define HAVE_CONFSTR 1
| #define HAVE_COPY_FILE_RANGE 1
| #define HAVE_CTERMID 1
| #define HAVE_DUP 1
| #define HAVE_DUP3 1
| #define HAVE_EXECV 1
| #define HAVE_EXPLICIT_BZERO 1
| #define HAVE_FACCESSAT 1
| #define HAVE_FCHMOD 1
| #define HAVE_FCHMODAT 1
| #define HAVE_FCHOWN 1
| #define HAVE_FCHOWNAT 1
| #define HAVE_FDOPENDIR 1
| #define HAVE_FEXECVE 1
| #define HAVE_FORK 1
| #define HAVE_FPATHCONF 1
| #define HAVE_FSTATAT 1
| #define HAVE_FTIME 1
| #define HAVE_FTRUNCATE 1
| #define HAVE_FUTIMENS 1
| #define HAVE_FUTIMES 1
| #define HAVE_FUTIMESAT 1
| #define HAVE_GAI_STRERROR 1
| #define HAVE_GETEGID 1
| #define HAVE_GETEUID 1
| #define HAVE_GETGID 1
| #define HAVE_GETGRENT 1
| #define HAVE_GETGRGID 1
| #define HAVE_GETGRGID_R 1
| #define HAVE_GETGRNAM_R 1
| #define HAVE_GETGROUPLIST 1
| #define HAVE_GETHOSTNAME 1
| #define HAVE_GETITIMER 1
| #define HAVE_GETLOADAVG 1
| #define HAVE_GETLOGIN 1
| #define HAVE_GETPEERNAME 1
| #define HAVE_GETPGID 1
| #define HAVE_GETPID 1
| #define HAVE_GETPPID 1
| #define HAVE_GETPRIORITY 1
| #define HAVE_GETPWENT 1
| #define HAVE_GETPWNAM_R 1
| #define HAVE_GETPWUID 1
| #define HAVE_GETPWUID_R 1
| #define HAVE_GETRESGID 1
| #define HAVE_GETRESUID 1
| #define HAVE_GETRUSAGE 1
| #define HAVE_GETSID 1
| #define HAVE_GETSPENT 1
| #define HAVE_GETSPNAM 1
| #define HAVE_GETUID 1
| #define HAVE_GETWD 1
| #define HAVE_GRANTPT 1
| #define HAVE_IF_NAMEINDEX 1
| #define HAVE_INITGROUPS 1
| #define HAVE_KILL 1
| #define HAVE_KILLPG 1
| #define HAVE_LCHOWN 1
| #define HAVE_LINKAT 1
| #define HAVE_LOCKF 1
| #define HAVE_LSTAT 1
| #define HAVE_LUTIMES 1
| #define HAVE_MADVISE 1
| #define HAVE_MBRTOWC 1
| #define HAVE_MEMRCHR 1
| #define HAVE_MKDIRAT 1
| #define HAVE_MKFIFO 1
| #define HAVE_MKFIFOAT 1
| #define HAVE_MKNOD 1
| #define HAVE_MKNODAT 1
| #define HAVE_MKTIME 1
| #define HAVE_MMAP 1
| #define HAVE_MREMAP 1
| #define HAVE_NICE 1
| #define HAVE_OPENAT 1
| #define HAVE_OPENDIR 1
| #define HAVE_PATHCONF 1
| #define HAVE_PAUSE 1
| #define HAVE_PIPE 1
| #define HAVE_PIPE2 1
| #define HAVE_POLL 1
| #define HAVE_POSIX_FADVISE 1
| #define HAVE_POSIX_FALLOCATE 1
| #define HAVE_POSIX_OPENPT 1
| #define HAVE_POSIX_SPAWN 1
| #define HAVE_POSIX_SPAWNP 1
| #define HAVE_POSIX_SPAWN_FILE_ACTIONS_ADDCLOSEFROM_NP 1
| #define HAVE_PREAD 1
| #define HAVE_PREADV 1
| #define HAVE_PREADV2 1
| #define HAVE_PROCESS_VM_READV 1
| #define HAVE_PTHREAD_CONDATTR_SETCLOCK 1
| #define HAVE_PTHREAD_KILL 1
| #define HAVE_PTSNAME 1
| #define HAVE_PTSNAME_R 1
| #define HAVE_PWRITE 1
| #define HAVE_PWRITEV 1
| #define HAVE_PWRITEV2 1
| #define HAVE_READLINK 1
| #define HAVE_READLINKAT 1
| #define HAVE_READV 1
| #define HAVE_REALPATH 1
| #define HAVE_RENAMEAT 1
| #define HAVE_SCHED_GET_PRIORITY_MAX 1
| #define HAVE_SCHED_RR_GET_INTERVAL 1
| #define HAVE_SCHED_SETAFFINITY 1
| #define HAVE_SCHED_SETPARAM 1
| #define HAVE_SCHED_SETSCHEDULER 1
| #define HAVE_SEM_CLOCKWAIT 1
| #define HAVE_SEM_GETVALUE 1
| #define HAVE_SEM_OPEN 1
| #define HAVE_SEM_TIMEDWAIT 1
| #define HAVE_SEM_UNLINK 1
| #define HAVE_SENDFILE 1
| #define HAVE_SETEGID 1
| #define HAVE_SETEUID 1
| #define HAVE_SETGID 1
| #define HAVE_SETHOSTNAME 1
| #define HAVE_SETITIMER 1
| #define HAVE_SETLOCALE 1
| #define HAVE_SETPGID 1
| #define HAVE_SETPGRP 1
| #define HAVE_SETPRIORITY 1
| #define HAVE_SETREGID 1
| #define HAVE_SETRESGID 1
| #define HAVE_SETRESUID 1
| #define HAVE_SETREUID 1
| #define HAVE_SETSID 1
| #define HAVE_SETUID 1
| #define HAVE_SETVBUF 1
| #define HAVE_SHUTDOWN 1
| #define HAVE_SIGACTION 1
| #define HAVE_SIGALTSTACK 1
| #define HAVE_SIGFILLSET 1
| #define HAVE_SIGINTERRUPT 1
| #define HAVE_SIGPENDING 1
| #define HAVE_SIGRELSE 1
| #define HAVE_SIGTIMEDWAIT 1
| #define HAVE_SIGWAIT 1
| #define HAVE_SIGWAITINFO 1
| #define HAVE_SNPRINTF 1
| #define HAVE_SPLICE 1
| #define HAVE_STRFTIME 1
| #define HAVE_STRSIGNAL 1
| #define HAVE_SYMLINKAT 1
| #define HAVE_SYNC 1
| #define HAVE_SYSCONF 1
| #define HAVE_TCGETPGRP 1
| #define HAVE_TCSETPGRP 1
| #define HAVE_TEMPNAM 1
| #define HAVE_TIMEGM 1
| #define HAVE_TIMES 1
| #define HAVE_TMPFILE 1
| #define HAVE_TMPNAM 1
| #define HAVE_TMPNAM_R 1
| #define HAVE_TRUNCATE 1
| #define HAVE_TTYNAME_R 1
| #define HAVE_UMASK 1
| #define HAVE_UNAME 1
| #define HAVE_UNLINKAT 1
| #define HAVE_UNLOCKPT 1
| #define HAVE_UTIMENSAT 1
| #define HAVE_UTIMES 1
| #define HAVE_VFORK 1
| #define HAVE_WAIT 1
| #define HAVE_WAIT3 1
| #define HAVE_WAIT4 1
| #define HAVE_WAITID 1
| #define HAVE_WAITPID 1
| #define HAVE_WCSCOLL 1
| #define HAVE_WCSFTIME 1
| #define HAVE_WCSXFRM 1
| #define HAVE_WMEMCMP 1
| #define HAVE_WRITEV 1
| #define HAVE_GETENTROPY 1
| #define HAVE_GETGROUPS 1
| #define HAVE_SYSTEM 1
| #define HAVE_DIRFD 1
| #define HAVE_CHROOT 1
| #define HAVE_LINK 1
| #define HAVE_SYMLINK 1
| #define HAVE_FCHDIR 1
| #define HAVE_FSYNC 1
| #define HAVE_FDATASYNC 1
| #define HAVE_EPOLL 1
| #define HAVE_EPOLL_CREATE1 1
| #define HAVE_PRLIMIT 1
| #define HAVE_MEMFD_CREATE 1
| #define HAVE_EVENTFD 1
| #define HAVE_TIMERFD_CREATE 1
| /* end confdefs.h.  */
| #include <stdio.h>
| int
| main (void)
| {
| void *x=ctermid_r
|   ;
|   return 0;
| }
configure:19793: result: no
configure:19805: checking for flock declaration
configure:19823: gcc -c   conftest.c >&5
configure:19823: $? = 0
configure:19833: result: yes
configure:19840: checking for flock
configure:19840: gcc -o conftest    conftest.c -ldl  >&5
configure:19840: $? = 0
configure:19840: result: yes
configure:19893: checking for getpagesize
configure:19910: gcc -c   conftest.c >&5
configure:19910: $? = 0
configure:19919: result: yes
configure:19931: checking for broken unsetenv
configure:19948: gcc -c   conftest.c >&5
configure:19948: $? = 0
configure:19958: result: no
configure:19973: checking for true
configure:19994: found /usr/bin/true
configure:20005: result: true
configure:20018: checking for inet_aton in -lc
configure:20041: gcc -o conftest    conftest.c -lc  -ldl  >&5
configure:20041: $? = 0
configure:20051: result: yes
configure:20106: checking for chflags
configure:20129: gcc -o conftest    conftest.c -ldl  >&5
conftest.c: In function 'main':
conftest.c:382:6: warning: implicit declaration of function 'chflags' [-Wimplicit-function-declaration]
  382 |   if(chflags(argv[0], 0) != 0)
      |      ^~~~~~~
/usr/bin/ld: /tmp/ccaDLvxx.o: in function `main':
conftest.c:(.text+0x28): warning: chflags is not implemented and will always fail
configure:20129: $? = 0
configure:20129: ./conftest
configure:20129: $? = 1
configure: program exited with status 1
configure: failed program was:
| /* confdefs.h */
| #define _NETBSD_SOURCE 1
| #define __BSD_VISIBLE 1
| #define _DARWIN_C_SOURCE 1
| #define _PYTHONFRAMEWORK ""
| #define _XOPEN_SOURCE 700
| #define _XOPEN_SOURCE_EXTENDED 1
| #define _POSIX_C_SOURCE 200809L
| #define HAVE_STDIO_H 1
| #define HAVE_STDLIB_H 1
| #define HAVE_STRING_H 1
| #define HAVE_INTTYPES_H 1
| #define HAVE_STDINT_H 1
| #define HAVE_STRINGS_H 1
| #define HAVE_SYS_STAT_H 1
| #define HAVE_SYS_TYPES_H 1
| #define HAVE_UNISTD_H 1
| #define HAVE_WCHAR_H 1
| #define STDC_HEADERS 1
| #define _ALL_SOURCE 1
| #define _DARWIN_C_SOURCE 1
| #define _GNU_SOURCE 1
| #define _HPUX_ALT_XOPEN_SOCKET_API 1
| #define _NETBSD_SOURCE 1
| #define _OPENBSD_SOURCE 1
| #define _POSIX_PTHREAD_SEMANTICS 1
| #define __STDC_WANT_IEC_60559_ATTRIBS_EXT__ 1
| #define __STDC_WANT_IEC_60559_BFP_EXT__ 1
| #define __STDC_WANT_IEC_60559_DFP_EXT__ 1
| #define __STDC_WANT_IEC_60559_FUNCS_EXT__ 1
| #define __STDC_WANT_IEC_60559_TYPES_EXT__ 1
| #define __STDC_WANT_LIB_EXT2__ 1
| #define __STDC_WANT_MATH_SPEC_FUNCS__ 1
| #define _TANDEM_SOURCE 1
| #define __EXTENSIONS__ 1
| #define PY_SUPPORT_TIER 1
| #define STDC_HEADERS 1
| #define HAVE_ALLOCA_H 1
| #define HAVE_ASM_TYPES_H 1
| #define HAVE_DLFCN_H 1
| #define HAVE_ENDIAN_H 1
| #define HAVE_ERRNO_H 1
| #define HAVE_FCNTL_H 1
| #define HAVE_GRP_H 1
| #define HAVE_LANGINFO_H 1
| #define HAVE_LIBINTL_H 1
| #define HAVE_LINUX_AUXVEC_H 1
| #define HAVE_SYS_AUXV_H 1
| #define HAVE_LINUX_FS_H 1
| #define HAVE_LINUX_LIMITS_H 1
| #define HAVE_LINUX_MEMFD_H 1
| #define HAVE_LINUX_RANDOM_H 1
| #define HAVE_LINUX_SOUNDCARD_H 1
| #define HAVE_LINUX_TIPC_H 1
| #define HAVE_LINUX_WAIT_H 1
| #define HAVE_NETDB_H 1
| #define HAVE_NET_ETHERNET_H 1
| #define HAVE_NETINET_IN_H 1
| #define HAVE_NETPACKET_PACKET_H 1
| #define HAVE_POLL_H 1
| #define HAVE_PTHREAD_H 1
| #define HAVE_PTY_H 1
| #define HAVE_SCHED_H 1
| #define HAVE_SETJMP_H 1
| #define HAVE_SHADOW_H 1
| #define HAVE_SIGNAL_H 1
| #define HAVE_SPAWN_H 1
| #define HAVE_SYS_EPOLL_H 1
| #define HAVE_SYS_EVENTFD_H 1
| #define HAVE_SYS_FILE_H 1
| #define HAVE_SYS_IOCTL_H 1
| #define HAVE_SYS_MMAN_H 1
| #define HAVE_SYS_PARAM_H 1
| #define HAVE_SYS_POLL_H 1
| #define HAVE_SYS_RANDOM_H 1
| #define HAVE_SYS_RESOURCE_H 1
| #define HAVE_SYS_SELECT_H 1
| #define HAVE_SYS_SENDFILE_H 1
| #define HAVE_SYS_SOCKET_H 1
| #define HAVE_SYS_SOUNDCARD_H 1
| #define HAVE_SYS_STAT_H 1
| #define HAVE_SYS_STATVFS_H 1
| #define HAVE_SYS_SYSCALL_H 1
| #define HAVE_SYS_SYSMACROS_H 1
| #define HAVE_SYS_TIME_H 1
| #define HAVE_SYS_TIMES_H 1
| #define HAVE_SYS_TIMERFD_H 1
| #define HAVE_SYS_TYPES_H 1
| #define HAVE_SYS_UIO_H 1
| #define HAVE_SYS_UN_H 1
| #define HAVE_SYS_UTSNAME_H 1
| #define HAVE_SYS_WAIT_H 1
| #define HAVE_SYS_XATTR_H 1
| #define HAVE_SYSEXITS_H 1
| #define HAVE_SYSLOG_H 1
| #define HAVE_TERMIOS_H 1
| #define HAVE_UTIME_H 1
| #define HAVE_UTMP_H 1
| #define HAVE_DIRENT_H 1
| #define MAJOR_IN_SYSMACROS 1
| #define HAVE_NET_IF_H 1
| #define HAVE_LINUX_NETLINK_H 1
| #define HAVE_LINUX_QRTR_H 1
| #define HAVE_LINUX_VM_SOCKETS_H 1
| #define HAVE_LINUX_CAN_H 1
| #define HAVE_LINUX_CAN_BCM_H 1
| #define HAVE_LINUX_CAN_J1939_H 1
| #define HAVE_LINUX_CAN_RAW_H 1
| #define HAVE_CLOCK_T 1
| #define HAVE_MAKEDEV 1
| #define HAVE_HTOLE64 1
| #define _LARGEFILE_SOURCE 1
| #define _FILE_OFFSET_BITS 64
| #if defined(SCO_DS)
| #undef _OFF_T
| #endif
| #define RETSIGTYPE void
| #define HAVE_SSIZE_T 1
| #define HAVE___UINT128_T 1
| #define HAVE_GCC_UINT128_T 1
| #define SIZEOF_INT 4
| #define SIZEOF_LONG 8
| #define ALIGNOF_LONG 8
| #define SIZEOF_LONG_LONG 8
| #define SIZEOF_VOID_P 8
| #define SIZEOF_SHORT 2
| #define SIZEOF_FLOAT 4
| #define SIZEOF_DOUBLE 8
| #define SIZEOF_FPOS_T 16
| #define SIZEOF_SIZE_T 8
| #define ALIGNOF_SIZE_T 8
| #define SIZEOF_PID_T 4
| #define SIZEOF_UINTPTR_T 8
| #define ALIGNOF_MAX_ALIGN_T 16
| #define HAVE_LONG_DOUBLE 1
| #define SIZEOF_LONG_DOUBLE 16
| #define SIZEOF__BOOL 1
| #define SIZEOF_OFF_T 8
| #define SIZEOF_TIME_T 8
| #define SIZEOF_PTHREAD_T 8
| #define SIZEOF_PTHREAD_KEY_T 4
| #define PTHREAD_KEY_T_IS_COMPATIBLE_WITH_INT 1
| #define PY_HAVE_PERF_TRAMPOLINE 1
| #define HAVE_LIBDL 1
| #define HAVE_FFI_PREP_CIF_VAR 1
| #define HAVE_FFI_PREP_CLOSURE_LOC 1
| #define HAVE_FFI_CLOSURE_ALLOC 1
| #define WITH_DECIMAL_CONTEXTVAR 1
| #define HAVE_LIBSQLITE3 1
| #define HAVE_LIBSQLITE3 1
| #define HAVE_LIBSQLITE3 1
| #define HAVE_LIBSQLITE3 1
| #define HAVE_LIBSQLITE3 1
| #define HAVE_LIBSQLITE3 1
| #define HAVE_LIBSQLITE3 1
| #define HAVE_LIBSQLITE3 1
| #define HAVE_LIBSQLITE3 1
| #define PY_SQLITE_HAVE_SERIALIZE 1
| #define HAVE_GDBM_H 1
| #define _REENTRANT 1
| #define PTHREAD_SYSTEM_SCHED_SUPPORTED 1
| #define HAVE_PTHREAD_SIGMASK 1
| #define HAVE_PTHREAD_GETCPUCLOCKID 1
| #define ENABLE_IPV6 1
| #define HAVE_LINUX_CAN_RAW_FD_FRAMES 1
| #define HAVE_LINUX_CAN_RAW_JOIN_FILTERS 1
| #define WITH_DOC_STRINGS 1
| #define HAVE_STD_ATOMIC 1
| #define HAVE_BUILTIN_ATOMIC 1
| #define WITH_MIMALLOC 1
| #define WITH_PYMALLOC 1
| #define WITH_FREELISTS 1
| #define PY_COERCE_C_LOCALE 1
| #define HAVE_DLOPEN 1
| #define HAVE_DYNAMIC_LOADING 1
| #define HAVE_ACCEPT4 1
| #define HAVE_ALARM 1
| #define HAVE_BIND_TEXTDOMAIN_CODESET 1
| #define HAVE_CHMOD 1
| #define HAVE_CHOWN 1
| #define HAVE_CLOCK 1
| #define HAVE_CLOSEFROM 1
| #define HAVE_CLOSE_RANGE 1
| #define HAVE_CONFSTR 1
| #define HAVE_COPY_FILE_RANGE 1
| #define HAVE_CTERMID 1
| #define HAVE_DUP 1
| #define HAVE_DUP3 1
| #define HAVE_EXECV 1
| #define HAVE_EXPLICIT_BZERO 1
| #define HAVE_FACCESSAT 1
| #define HAVE_FCHMOD 1
| #define HAVE_FCHMODAT 1
| #define HAVE_FCHOWN 1
| #define HAVE_FCHOWNAT 1
| #define HAVE_FDOPENDIR 1
| #define HAVE_FEXECVE 1
| #define HAVE_FORK 1
| #define HAVE_FPATHCONF 1
| #define HAVE_FSTATAT 1
| #define HAVE_FTIME 1
| #define HAVE_FTRUNCATE 1
| #define HAVE_FUTIMENS 1
| #define HAVE_FUTIMES 1
| #define HAVE_FUTIMESAT 1
| #define HAVE_GAI_STRERROR 1
| #define HAVE_GETEGID 1
| #define HAVE_GETEUID 1
| #define HAVE_GETGID 1
| #define HAVE_GETGRENT 1
| #define HAVE_GETGRGID 1
| #define HAVE_GETGRGID_R 1
| #define HAVE_GETGRNAM_R 1
| #define HAVE_GETGROUPLIST 1
| #define HAVE_GETHOSTNAME 1
| #define HAVE_GETITIMER 1
| #define HAVE_GETLOADAVG 1
| #define HAVE_GETLOGIN 1
| #define HAVE_GETPEERNAME 1
| #define HAVE_GETPGID 1
| #define HAVE_GETPID 1
| #define HAVE_GETPPID 1
| #define HAVE_GETPRIORITY 1
| #define HAVE_GETPWENT 1
| #define HAVE_GETPWNAM_R 1
| #define HAVE_GETPWUID 1
| #define HAVE_GETPWUID_R 1
| #define HAVE_GETRESGID 1
| #define HAVE_GETRESUID 1
| #define HAVE_GETRUSAGE 1
| #define HAVE_GETSID 1
| #define HAVE_GETSPENT 1
| #define HAVE_GETSPNAM 1
| #define HAVE_GETUID 1
| #define HAVE_GETWD 1
| #define HAVE_GRANTPT 1
| #define HAVE_IF_NAMEINDEX 1
| #define HAVE_INITGROUPS 1
| #define HAVE_KILL 1
| #define HAVE_KILLPG 1
| #define HAVE_LCHOWN 1
| #define HAVE_LINKAT 1
| #define HAVE_LOCKF 1
| #define HAVE_LSTAT 1
| #define HAVE_LUTIMES 1
| #define HAVE_MADVISE 1
| #define HAVE_MBRTOWC 1
| #define HAVE_MEMRCHR 1
| #define HAVE_MKDIRAT 1
| #define HAVE_MKFIFO 1
| #define HAVE_MKFIFOAT 1
| #define HAVE_MKNOD 1
| #define HAVE_MKNODAT 1
| #define HAVE_MKTIME 1
| #define HAVE_MMAP 1
| #define HAVE_MREMAP 1
| #define HAVE_NICE 1
| #define HAVE_OPENAT 1
| #define HAVE_OPENDIR 1
| #define HAVE_PATHCONF 1
| #define HAVE_PAUSE 1
| #define HAVE_PIPE 1
| #define HAVE_PIPE2 1
| #define HAVE_POLL 1
| #define HAVE_POSIX_FADVISE 1
| #define HAVE_POSIX_FALLOCATE 1
| #define HAVE_POSIX_OPENPT 1
| #define HAVE_POSIX_SPAWN 1
| #define HAVE_POSIX_SPAWNP 1
| #define HAVE_POSIX_SPAWN_FILE_ACTIONS_ADDCLOSEFROM_NP 1
| #define HAVE_PREAD 1
| #define HAVE_PREADV 1
| #define HAVE_PREADV2 1
| #define HAVE_PROCESS_VM_READV 1
| #define HAVE_PTHREAD_CONDATTR_SETCLOCK 1
| #define HAVE_PTHREAD_KILL 1
| #define HAVE_PTSNAME 1
| #define HAVE_PTSNAME_R 1
| #define HAVE_PWRITE 1
| #define HAVE_PWRITEV 1
| #define HAVE_PWRITEV2 1
| #define HAVE_READLINK 1
| #define HAVE_READLINKAT 1
| #define HAVE_READV 1
| #define HAVE_REALPATH 1
| #define HAVE_RENAMEAT 1
| #define HAVE_SCHED_GET_PRIORITY_MAX 1
| #define HAVE_SCHED_RR_GET_INTERVAL 1
| #define HAVE_SCHED_SETAFFINITY 1
| #define HAVE_SCHED_SETPARAM 1
| #define HAVE_SCHED_SETSCHEDULER 1
| #define HAVE_SEM_CLOCKWAIT 1
| #define HAVE_SEM_GETVALUE 1
| #define HAVE_SEM_OPEN 1
| #define HAVE_SEM_TIMEDWAIT 1
| #define HAVE_SEM_UNLINK 1
| #define HAVE_SENDFILE 1
| #define HAVE_SETEGID 1
| #define HAVE_SETEUID 1
| #define HAVE_SETGID 1
| #define HAVE_SETHOSTNAME 1
| #define HAVE_SETITIMER 1
| #define HAVE_SETLOCALE 1
| #define HAVE_SETPGID 1
| #define HAVE_SETPGRP 1
| #define HAVE_SETPRIORITY 1
| #define HAVE_SETREGID 1
| #define HAVE_SETRESGID 1
| #define HAVE_SETRESUID 1
| #define HAVE_SETREUID 1
| #define HAVE_SETSID 1
| #define HAVE_SETUID 1
| #define HAVE_SETVBUF 1
| #define HAVE_SHUTDOWN 1
| #define HAVE_SIGACTION 1
| #define HAVE_SIGALTSTACK 1
| #define HAVE_SIGFILLSET 1
| #define HAVE_SIGINTERRUPT 1
| #define HAVE_SIGPENDING 1
| #define HAVE_SIGRELSE 1
| #define HAVE_SIGTIMEDWAIT 1
| #define HAVE_SIGWAIT 1
| #define HAVE_SIGWAITINFO 1
| #define HAVE_SNPRINTF 1
| #define HAVE_SPLICE 1
| #define HAVE_STRFTIME 1
| #define HAVE_STRSIGNAL 1
| #define HAVE_SYMLINKAT 1
| #define HAVE_SYNC 1
| #define HAVE_SYSCONF 1
| #define HAVE_TCGETPGRP 1
| #define HAVE_TCSETPGRP 1
| #define HAVE_TEMPNAM 1
| #define HAVE_TIMEGM 1
| #define HAVE_TIMES 1
| #define HAVE_TMPFILE 1
| #define HAVE_TMPNAM 1
| #define HAVE_TMPNAM_R 1
| #define HAVE_TRUNCATE 1
| #define HAVE_TTYNAME_R 1
| #define HAVE_UMASK 1
| #define HAVE_UNAME 1
| #define HAVE_UNLINKAT 1
| #define HAVE_UNLOCKPT 1
| #define HAVE_UTIMENSAT 1
| #define HAVE_UTIMES 1
| #define HAVE_VFORK 1
| #define HAVE_WAIT 1
| #define HAVE_WAIT3 1
| #define HAVE_WAIT4 1
| #define HAVE_WAITID 1
| #define HAVE_WAITPID 1
| #define HAVE_WCSCOLL 1
| #define HAVE_WCSFTIME 1
| #define HAVE_WCSXFRM 1
| #define HAVE_WMEMCMP 1
| #define HAVE_WRITEV 1
| #define HAVE_GETENTROPY 1
| #define HAVE_GETGROUPS 1
| #define HAVE_SYSTEM 1
| #define HAVE_DIRFD 1
| #define HAVE_CHROOT 1
| #define HAVE_LINK 1
| #define HAVE_SYMLINK 1
| #define HAVE_FCHDIR 1
| #define HAVE_FSYNC 1
| #define HAVE_FDATASYNC 1
| #define HAVE_EPOLL 1
| #define HAVE_EPOLL_CREATE1 1
| #define HAVE_PRLIMIT 1
| #define HAVE_MEMFD_CREATE 1
| #define HAVE_EVENTFD 1
| #define HAVE_TIMERFD_CREATE 1
| #define HAVE_FLOCK 1
| #define HAVE_GETPAGESIZE 1
| /* end confdefs.h.  */
| 
| #include <sys/stat.h>
| #include <unistd.h>
| int main(int argc, char *argv[])
| {
|   if(chflags(argv[0], 0) != 0)
|     return 1;
|   return 0;
| }
| 
configure:20141: result: no
configure:20159: checking for lchflags
configure:20182: gcc -o conftest    conftest.c -ldl  >&5
conftest.c: In function 'main':
conftest.c:382:6: warning: implicit declaration of function 'lchflags' [-Wimplicit-function-declaration]
  382 |   if(lchflags(argv[0], 0) != 0)
      |      ^~~~~~~~
/usr/bin/ld: /tmp/ccgOcDC0.o: in function `main':
conftest.c:(.text+0x28): undefined reference to `lchflags'
collect2: error: ld returned 1 exit status
configure:20182: $? = 1
configure: program exited with status 1
configure: failed program was:
| /* confdefs.h */
| #define _NETBSD_SOURCE 1
| #define __BSD_VISIBLE 1
| #define _DARWIN_C_SOURCE 1
| #define _PYTHONFRAMEWORK ""
| #define _XOPEN_SOURCE 700
| #define _XOPEN_SOURCE_EXTENDED 1
| #define _POSIX_C_SOURCE 200809L
| #define HAVE_STDIO_H 1
| #define HAVE_STDLIB_H 1
| #define HAVE_STRING_H 1
| #define HAVE_INTTYPES_H 1
| #define HAVE_STDINT_H 1
| #define HAVE_STRINGS_H 1
| #define HAVE_SYS_STAT_H 1
| #define HAVE_SYS_TYPES_H 1
| #define HAVE_UNISTD_H 1
| #define HAVE_WCHAR_H 1
| #define STDC_HEADERS 1
| #define _ALL_SOURCE 1
| #define _DARWIN_C_SOURCE 1
| #define _GNU_SOURCE 1
| #define _HPUX_ALT_XOPEN_SOCKET_API 1
| #define _NETBSD_SOURCE 1
| #define _OPENBSD_SOURCE 1
| #define _POSIX_PTHREAD_SEMANTICS 1
| #define __STDC_WANT_IEC_60559_ATTRIBS_EXT__ 1
| #define __STDC_WANT_IEC_60559_BFP_EXT__ 1
| #define __STDC_WANT_IEC_60559_DFP_EXT__ 1
| #define __STDC_WANT_IEC_60559_FUNCS_EXT__ 1
| #define __STDC_WANT_IEC_60559_TYPES_EXT__ 1
| #define __STDC_WANT_LIB_EXT2__ 1
| #define __STDC_WANT_MATH_SPEC_FUNCS__ 1
| #define _TANDEM_SOURCE 1
| #define __EXTENSIONS__ 1
| #define PY_SUPPORT_TIER 1
| #define STDC_HEADERS 1
| #define HAVE_ALLOCA_H 1
| #define HAVE_ASM_TYPES_H 1
| #define HAVE_DLFCN_H 1
| #define HAVE_ENDIAN_H 1
| #define HAVE_ERRNO_H 1
| #define HAVE_FCNTL_H 1
| #define HAVE_GRP_H 1
| #define HAVE_LANGINFO_H 1
| #define HAVE_LIBINTL_H 1
| #define HAVE_LINUX_AUXVEC_H 1
| #define HAVE_SYS_AUXV_H 1
| #define HAVE_LINUX_FS_H 1
| #define HAVE_LINUX_LIMITS_H 1
| #define HAVE_LINUX_MEMFD_H 1
| #define HAVE_LINUX_RANDOM_H 1
| #define HAVE_LINUX_SOUNDCARD_H 1
| #define HAVE_LINUX_TIPC_H 1
| #define HAVE_LINUX_WAIT_H 1
| #define HAVE_NETDB_H 1
| #define HAVE_NET_ETHERNET_H 1
| #define HAVE_NETINET_IN_H 1
| #define HAVE_NETPACKET_PACKET_H 1
| #define HAVE_POLL_H 1
| #define HAVE_PTHREAD_H 1
| #define HAVE_PTY_H 1
| #define HAVE_SCHED_H 1
| #define HAVE_SETJMP_H 1
| #define HAVE_SHADOW_H 1
| #define HAVE_SIGNAL_H 1
| #define HAVE_SPAWN_H 1
| #define HAVE_SYS_EPOLL_H 1
| #define HAVE_SYS_EVENTFD_H 1
| #define HAVE_SYS_FILE_H 1
| #define HAVE_SYS_IOCTL_H 1
| #define HAVE_SYS_MMAN_H 1
| #define HAVE_SYS_PARAM_H 1
| #define HAVE_SYS_POLL_H 1
| #define HAVE_SYS_RANDOM_H 1
| #define HAVE_SYS_RESOURCE_H 1
| #define HAVE_SYS_SELECT_H 1
| #define HAVE_SYS_SENDFILE_H 1
| #define HAVE_SYS_SOCKET_H 1
| #define HAVE_SYS_SOUNDCARD_H 1
| #define HAVE_SYS_STAT_H 1
| #define HAVE_SYS_STATVFS_H 1
| #define HAVE_SYS_SYSCALL_H 1
| #define HAVE_SYS_SYSMACROS_H 1
| #define HAVE_SYS_TIME_H 1
| #define HAVE_SYS_TIMES_H 1
| #define HAVE_SYS_TIMERFD_H 1
| #define HAVE_SYS_TYPES_H 1
| #define HAVE_SYS_UIO_H 1
| #define HAVE_SYS_UN_H 1
| #define HAVE_SYS_UTSNAME_H 1
| #define HAVE_SYS_WAIT_H 1
| #define HAVE_SYS_XATTR_H 1
| #define HAVE_SYSEXITS_H 1
| #define HAVE_SYSLOG_H 1
| #define HAVE_TERMIOS_H 1
| #define HAVE_UTIME_H 1
| #define HAVE_UTMP_H 1
| #define HAVE_DIRENT_H 1
| #define MAJOR_IN_SYSMACROS 1
| #define HAVE_NET_IF_H 1
| #define HAVE_LINUX_NETLINK_H 1
| #define HAVE_LINUX_QRTR_H 1
| #define HAVE_LINUX_VM_SOCKETS_H 1
| #define HAVE_LINUX_CAN_H 1
| #define HAVE_LINUX_CAN_BCM_H 1
| #define HAVE_LINUX_CAN_J1939_H 1
| #define HAVE_LINUX_CAN_RAW_H 1
| #define HAVE_CLOCK_T 1
| #define HAVE_MAKEDEV 1
| #define HAVE_HTOLE64 1
| #define _LARGEFILE_SOURCE 1
| #define _FILE_OFFSET_BITS 64
| #if defined(SCO_DS)
| #undef _OFF_T
| #endif
| #define RETSIGTYPE void
| #define HAVE_SSIZE_T 1
| #define HAVE___UINT128_T 1
| #define HAVE_GCC_UINT128_T 1
| #define SIZEOF_INT 4
| #define SIZEOF_LONG 8
| #define ALIGNOF_LONG 8
| #define SIZEOF_LONG_LONG 8
| #define SIZEOF_VOID_P 8
| #define SIZEOF_SHORT 2
| #define SIZEOF_FLOAT 4
| #define SIZEOF_DOUBLE 8
| #define SIZEOF_FPOS_T 16
| #define SIZEOF_SIZE_T 8
| #define ALIGNOF_SIZE_T 8
| #define SIZEOF_PID_T 4
| #define SIZEOF_UINTPTR_T 8
| #define ALIGNOF_MAX_ALIGN_T 16
| #define HAVE_LONG_DOUBLE 1
| #define SIZEOF_LONG_DOUBLE 16
| #define SIZEOF__BOOL 1
| #define SIZEOF_OFF_T 8
| #define SIZEOF_TIME_T 8
| #define SIZEOF_PTHREAD_T 8
| #define SIZEOF_PTHREAD_KEY_T 4
| #define PTHREAD_KEY_T_IS_COMPATIBLE_WITH_INT 1
| #define PY_HAVE_PERF_TRAMPOLINE 1
| #define HAVE_LIBDL 1
| #define HAVE_FFI_PREP_CIF_VAR 1
| #define HAVE_FFI_PREP_CLOSURE_LOC 1
| #define HAVE_FFI_CLOSURE_ALLOC 1
| #define WITH_DECIMAL_CONTEXTVAR 1
| #define HAVE_LIBSQLITE3 1
| #define HAVE_LIBSQLITE3 1
| #define HAVE_LIBSQLITE3 1
| #define HAVE_LIBSQLITE3 1
| #define HAVE_LIBSQLITE3 1
| #define HAVE_LIBSQLITE3 1
| #define HAVE_LIBSQLITE3 1
| #define HAVE_LIBSQLITE3 1
| #define HAVE_LIBSQLITE3 1
| #define PY_SQLITE_HAVE_SERIALIZE 1
| #define HAVE_GDBM_H 1
| #define _REENTRANT 1
| #define PTHREAD_SYSTEM_SCHED_SUPPORTED 1
| #define HAVE_PTHREAD_SIGMASK 1
| #define HAVE_PTHREAD_GETCPUCLOCKID 1
| #define ENABLE_IPV6 1
| #define HAVE_LINUX_CAN_RAW_FD_FRAMES 1
| #define HAVE_LINUX_CAN_RAW_JOIN_FILTERS 1
| #define WITH_DOC_STRINGS 1
| #define HAVE_STD_ATOMIC 1
| #define HAVE_BUILTIN_ATOMIC 1
| #define WITH_MIMALLOC 1
| #define WITH_PYMALLOC 1
| #define WITH_FREELISTS 1
| #define PY_COERCE_C_LOCALE 1
| #define HAVE_DLOPEN 1
| #define HAVE_DYNAMIC_LOADING 1
| #define HAVE_ACCEPT4 1
| #define HAVE_ALARM 1
| #define HAVE_BIND_TEXTDOMAIN_CODESET 1
| #define HAVE_CHMOD 1
| #define HAVE_CHOWN 1
| #define HAVE_CLOCK 1
| #define HAVE_CLOSEFROM 1
| #define HAVE_CLOSE_RANGE 1
| #define HAVE_CONFSTR 1
| #define HAVE_COPY_FILE_RANGE 1
| #define HAVE_CTERMID 1
| #define HAVE_DUP 1
| #define HAVE_DUP3 1
| #define HAVE_EXECV 1
| #define HAVE_EXPLICIT_BZERO 1
| #define HAVE_FACCESSAT 1
| #define HAVE_FCHMOD 1
| #define HAVE_FCHMODAT 1
| #define HAVE_FCHOWN 1
| #define HAVE_FCHOWNAT 1
| #define HAVE_FDOPENDIR 1
| #define HAVE_FEXECVE 1
| #define HAVE_FORK 1
| #define HAVE_FPATHCONF 1
| #define HAVE_FSTATAT 1
| #define HAVE_FTIME 1
| #define HAVE_FTRUNCATE 1
| #define HAVE_FUTIMENS 1
| #define HAVE_FUTIMES 1
| #define HAVE_FUTIMESAT 1
| #define HAVE_GAI_STRERROR 1
| #define HAVE_GETEGID 1
| #define HAVE_GETEUID 1
| #define HAVE_GETGID 1
| #define HAVE_GETGRENT 1
| #define HAVE_GETGRGID 1
| #define HAVE_GETGRGID_R 1
| #define HAVE_GETGRNAM_R 1
| #define HAVE_GETGROUPLIST 1
| #define HAVE_GETHOSTNAME 1
| #define HAVE_GETITIMER 1
| #define HAVE_GETLOADAVG 1
| #define HAVE_GETLOGIN 1
| #define HAVE_GETPEERNAME 1
| #define HAVE_GETPGID 1
| #define HAVE_GETPID 1
| #define HAVE_GETPPID 1
| #define HAVE_GETPRIORITY 1
| #define HAVE_GETPWENT 1
| #define HAVE_GETPWNAM_R 1
| #define HAVE_GETPWUID 1
| #define HAVE_GETPWUID_R 1
| #define HAVE_GETRESGID 1
| #define HAVE_GETRESUID 1
| #define HAVE_GETRUSAGE 1
| #define HAVE_GETSID 1
| #define HAVE_GETSPENT 1
| #define HAVE_GETSPNAM 1
| #define HAVE_GETUID 1
| #define HAVE_GETWD 1
| #define HAVE_GRANTPT 1
| #define HAVE_IF_NAMEINDEX 1
| #define HAVE_INITGROUPS 1
| #define HAVE_KILL 1
| #define HAVE_KILLPG 1
| #define HAVE_LCHOWN 1
| #define HAVE_LINKAT 1
| #define HAVE_LOCKF 1
| #define HAVE_LSTAT 1
| #define HAVE_LUTIMES 1
| #define HAVE_MADVISE 1
| #define HAVE_MBRTOWC 1
| #define HAVE_MEMRCHR 1
| #define HAVE_MKDIRAT 1
| #define HAVE_MKFIFO 1
| #define HAVE_MKFIFOAT 1
| #define HAVE_MKNOD 1
| #define HAVE_MKNODAT 1
| #define HAVE_MKTIME 1
| #define HAVE_MMAP 1
| #define HAVE_MREMAP 1
| #define HAVE_NICE 1
| #define HAVE_OPENAT 1
| #define HAVE_OPENDIR 1
| #define HAVE_PATHCONF 1
| #define HAVE_PAUSE 1
| #define HAVE_PIPE 1
| #define HAVE_PIPE2 1
| #define HAVE_POLL 1
| #define HAVE_POSIX_FADVISE 1
| #define HAVE_POSIX_FALLOCATE 1
| #define HAVE_POSIX_OPENPT 1
| #define HAVE_POSIX_SPAWN 1
| #define HAVE_POSIX_SPAWNP 1
| #define HAVE_POSIX_SPAWN_FILE_ACTIONS_ADDCLOSEFROM_NP 1
| #define HAVE_PREAD 1
| #define HAVE_PREADV 1
| #define HAVE_PREADV2 1
| #define HAVE_PROCESS_VM_READV 1
| #define HAVE_PTHREAD_CONDATTR_SETCLOCK 1
| #define HAVE_PTHREAD_KILL 1
| #define HAVE_PTSNAME 1
| #define HAVE_PTSNAME_R 1
| #define HAVE_PWRITE 1
| #define HAVE_PWRITEV 1
| #define HAVE_PWRITEV2 1
| #define HAVE_READLINK 1
| #define HAVE_READLINKAT 1
| #define HAVE_READV 1
| #define HAVE_REALPATH 1
| #define HAVE_RENAMEAT 1
| #define HAVE_SCHED_GET_PRIORITY_MAX 1
| #define HAVE_SCHED_RR_GET_INTERVAL 1
| #define HAVE_SCHED_SETAFFINITY 1
| #define HAVE_SCHED_SETPARAM 1
| #define HAVE_SCHED_SETSCHEDULER 1
| #define HAVE_SEM_CLOCKWAIT 1
| #define HAVE_SEM_GETVALUE 1
| #define HAVE_SEM_OPEN 1
| #define HAVE_SEM_TIMEDWAIT 1
| #define HAVE_SEM_UNLINK 1
| #define HAVE_SENDFILE 1
| #define HAVE_SETEGID 1
| #define HAVE_SETEUID 1
| #define HAVE_SETGID 1
| #define HAVE_SETHOSTNAME 1
| #define HAVE_SETITIMER 1
| #define HAVE_SETLOCALE 1
| #define HAVE_SETPGID 1
| #define HAVE_SETPGRP 1
| #define HAVE_SETPRIORITY 1
| #define HAVE_SETREGID 1
| #define HAVE_SETRESGID 1
| #define HAVE_SETRESUID 1
| #define HAVE_SETREUID 1
| #define HAVE_SETSID 1
| #define HAVE_SETUID 1
| #define HAVE_SETVBUF 1
| #define HAVE_SHUTDOWN 1
| #define HAVE_SIGACTION 1
| #define HAVE_SIGALTSTACK 1
| #define HAVE_SIGFILLSET 1
| #define HAVE_SIGINTERRUPT 1
| #define HAVE_SIGPENDING 1
| #define HAVE_SIGRELSE 1
| #define HAVE_SIGTIMEDWAIT 1
| #define HAVE_SIGWAIT 1
| #define HAVE_SIGWAITINFO 1
| #define HAVE_SNPRINTF 1
| #define HAVE_SPLICE 1
| #define HAVE_STRFTIME 1
| #define HAVE_STRSIGNAL 1
| #define HAVE_SYMLINKAT 1
| #define HAVE_SYNC 1
| #define HAVE_SYSCONF 1
| #define HAVE_TCGETPGRP 1
| #define HAVE_TCSETPGRP 1
| #define HAVE_TEMPNAM 1
| #define HAVE_TIMEGM 1
| #define HAVE_TIMES 1
| #define HAVE_TMPFILE 1
| #define HAVE_TMPNAM 1
| #define HAVE_TMPNAM_R 1
| #define HAVE_TRUNCATE 1
| #define HAVE_TTYNAME_R 1
| #define HAVE_UMASK 1
| #define HAVE_UNAME 1
| #define HAVE_UNLINKAT 1
| #define HAVE_UNLOCKPT 1
| #define HAVE_UTIMENSAT 1
| #define HAVE_UTIMES 1
| #define HAVE_VFORK 1
| #define HAVE_WAIT 1
| #define HAVE_WAIT3 1
| #define HAVE_WAIT4 1
| #define HAVE_WAITID 1
| #define HAVE_WAITPID 1
| #define HAVE_WCSCOLL 1
| #define HAVE_WCSFTIME 1
| #define HAVE_WCSXFRM 1
| #define HAVE_WMEMCMP 1
| #define HAVE_WRITEV 1
| #define HAVE_GETENTROPY 1
| #define HAVE_GETGROUPS 1
| #define HAVE_SYSTEM 1
| #define HAVE_DIRFD 1
| #define HAVE_CHROOT 1
| #define HAVE_LINK 1
| #define HAVE_SYMLINK 1
| #define HAVE_FCHDIR 1
| #define HAVE_FSYNC 1
| #define HAVE_FDATASYNC 1
| #define HAVE_EPOLL 1
| #define HAVE_EPOLL_CREATE1 1
| #define HAVE_PRLIMIT 1
| #define HAVE_MEMFD_CREATE 1
| #define HAVE_EVENTFD 1
| #define HAVE_TIMERFD_CREATE 1
| #define HAVE_FLOCK 1
| #define HAVE_GETPAGESIZE 1
| /* end confdefs.h.  */
| 
| #include <sys/stat.h>
| #include <unistd.h>
| int main(int argc, char *argv[])
| {
|   if(lchflags(argv[0], 0) != 0)
|     return 1;
|   return 0;
| }
| 
configure:20194: result: no
configure:20230: checking for zlib >= 1.2.0
configure:20237: $PKG_CONFIG --exists --print-errors "zlib >= 1.2.0"
configure:20240: $? = 0
configure:20254: $PKG_CONFIG --exists --print-errors "zlib >= 1.2.0"
configure:20257: $? = 0
configure:20545: result: yes
configure:20578: checking for bzip2
configure:20585: $PKG_CONFIG --exists --print-errors "bzip2"
Package bzip2 was not found in the pkg-config search path.
Perhaps you should add the directory containing `bzip2.pc'
to the PKG_CONFIG_PATH environment variable
No package 'bzip2' found
configure:20588: $? = 1
configure:20602: $PKG_CONFIG --exists --print-errors "bzip2"
Package bzip2 was not found in the pkg-config search path.
Perhaps you should add the directory containing `bzip2.pc'
to the PKG_CONFIG_PATH environment variable
No package 'bzip2' found
configure:20605: $? = 1
configure:20619: result: no
No package 'bzip2' found
configure:20646: checking for bzlib.h
configure:20646: gcc -c    conftest.c >&5
configure:20646: $? = 0
configure:20646: result: yes
configure:20651: checking for BZ2_bzCompress in -lbz2
configure:20674: gcc -o conftest     conftest.c -lbz2  -ldl   >&5
configure:20674: $? = 0
configure:20684: result: yes
configure:20806: checking for liblzma
configure:20813: $PKG_CONFIG --exists --print-errors "liblzma"
Package liblzma was not found in the pkg-config search path.
Perhaps you should add the directory containing `liblzma.pc'
to the PKG_CONFIG_PATH environment variable
No package 'liblzma' found
configure:20816: $? = 1
configure:20830: $PKG_CONFIG --exists --print-errors "liblzma"
Package liblzma was not found in the pkg-config search path.
Perhaps you should add the directory containing `liblzma.pc'
to the PKG_CONFIG_PATH environment variable
No package 'liblzma' found
configure:20833: $? = 1
configure:20847: result: no
No package 'liblzma' found
configure:20874: checking for lzma.h
configure:20874: gcc -c    conftest.c >&5
conftest.c:407:10: fatal error: lzma.h: No such file or directory
  407 | #include <lzma.h>
      |          ^~~~~~~~
compilation terminated.
configure:20874: $? = 1
configure: failed program was:
| /* confdefs.h */
| #define _NETBSD_SOURCE 1
| #define __BSD_VISIBLE 1
| #define _DARWIN_C_SOURCE 1
| #define _PYTHONFRAMEWORK ""
| #define _XOPEN_SOURCE 700
| #define _XOPEN_SOURCE_EXTENDED 1
| #define _POSIX_C_SOURCE 200809L
| #define HAVE_STDIO_H 1
| #define HAVE_STDLIB_H 1
| #define HAVE_STRING_H 1
| #define HAVE_INTTYPES_H 1
| #define HAVE_STDINT_H 1
| #define HAVE_STRINGS_H 1
| #define HAVE_SYS_STAT_H 1
| #define HAVE_SYS_TYPES_H 1
| #define HAVE_UNISTD_H 1
| #define HAVE_WCHAR_H 1
| #define STDC_HEADERS 1
| #define _ALL_SOURCE 1
| #define _DARWIN_C_SOURCE 1
| #define _GNU_SOURCE 1
| #define _HPUX_ALT_XOPEN_SOCKET_API 1
| #define _NETBSD_SOURCE 1
| #define _OPENBSD_SOURCE 1
| #define _POSIX_PTHREAD_SEMANTICS 1
| #define __STDC_WANT_IEC_60559_ATTRIBS_EXT__ 1
| #define __STDC_WANT_IEC_60559_BFP_EXT__ 1
| #define __STDC_WANT_IEC_60559_DFP_EXT__ 1
| #define __STDC_WANT_IEC_60559_FUNCS_EXT__ 1
| #define __STDC_WANT_IEC_60559_TYPES_EXT__ 1
| #define __STDC_WANT_LIB_EXT2__ 1
| #define __STDC_WANT_MATH_SPEC_FUNCS__ 1
| #define _TANDEM_SOURCE 1
| #define __EXTENSIONS__ 1
| #define PY_SUPPORT_TIER 1
| #define STDC_HEADERS 1
| #define HAVE_ALLOCA_H 1
| #define HAVE_ASM_TYPES_H 1
| #define HAVE_DLFCN_H 1
| #define HAVE_ENDIAN_H 1
| #define HAVE_ERRNO_H 1
| #define HAVE_FCNTL_H 1
| #define HAVE_GRP_H 1
| #define HAVE_LANGINFO_H 1
| #define HAVE_LIBINTL_H 1
| #define HAVE_LINUX_AUXVEC_H 1
| #define HAVE_SYS_AUXV_H 1
| #define HAVE_LINUX_FS_H 1
| #define HAVE_LINUX_LIMITS_H 1
| #define HAVE_LINUX_MEMFD_H 1
| #define HAVE_LINUX_RANDOM_H 1
| #define HAVE_LINUX_SOUNDCARD_H 1
| #define HAVE_LINUX_TIPC_H 1
| #define HAVE_LINUX_WAIT_H 1
| #define HAVE_NETDB_H 1
| #define HAVE_NET_ETHERNET_H 1
| #define HAVE_NETINET_IN_H 1
| #define HAVE_NETPACKET_PACKET_H 1
| #define HAVE_POLL_H 1
| #define HAVE_PTHREAD_H 1
| #define HAVE_PTY_H 1
| #define HAVE_SCHED_H 1
| #define HAVE_SETJMP_H 1
| #define HAVE_SHADOW_H 1
| #define HAVE_SIGNAL_H 1
| #define HAVE_SPAWN_H 1
| #define HAVE_SYS_EPOLL_H 1
| #define HAVE_SYS_EVENTFD_H 1
| #define HAVE_SYS_FILE_H 1
| #define HAVE_SYS_IOCTL_H 1
| #define HAVE_SYS_MMAN_H 1
| #define HAVE_SYS_PARAM_H 1
| #define HAVE_SYS_POLL_H 1
| #define HAVE_SYS_RANDOM_H 1
| #define HAVE_SYS_RESOURCE_H 1
| #define HAVE_SYS_SELECT_H 1
| #define HAVE_SYS_SENDFILE_H 1
| #define HAVE_SYS_SOCKET_H 1
| #define HAVE_SYS_SOUNDCARD_H 1
| #define HAVE_SYS_STAT_H 1
| #define HAVE_SYS_STATVFS_H 1
| #define HAVE_SYS_SYSCALL_H 1
| #define HAVE_SYS_SYSMACROS_H 1
| #define HAVE_SYS_TIME_H 1
| #define HAVE_SYS_TIMES_H 1
| #define HAVE_SYS_TIMERFD_H 1
| #define HAVE_SYS_TYPES_H 1
| #define HAVE_SYS_UIO_H 1
| #define HAVE_SYS_UN_H 1
| #define HAVE_SYS_UTSNAME_H 1
| #define HAVE_SYS_WAIT_H 1
| #define HAVE_SYS_XATTR_H 1
| #define HAVE_SYSEXITS_H 1
| #define HAVE_SYSLOG_H 1
| #define HAVE_TERMIOS_H 1
| #define HAVE_UTIME_H 1
| #define HAVE_UTMP_H 1
| #define HAVE_DIRENT_H 1
| #define MAJOR_IN_SYSMACROS 1
| #define HAVE_NET_IF_H 1
| #define HAVE_LINUX_NETLINK_H 1
| #define HAVE_LINUX_QRTR_H 1
| #define HAVE_LINUX_VM_SOCKETS_H 1
| #define HAVE_LINUX_CAN_H 1
| #define HAVE_LINUX_CAN_BCM_H 1
| #define HAVE_LINUX_CAN_J1939_H 1
| #define HAVE_LINUX_CAN_RAW_H 1
| #define HAVE_CLOCK_T 1
| #define HAVE_MAKEDEV 1
| #define HAVE_HTOLE64 1
| #define _LARGEFILE_SOURCE 1
| #define _FILE_OFFSET_BITS 64
| #if defined(SCO_DS)
| #undef _OFF_T
| #endif
| #define RETSIGTYPE void
| #define HAVE_SSIZE_T 1
| #define HAVE___UINT128_T 1
| #define HAVE_GCC_UINT128_T 1
| #define SIZEOF_INT 4
| #define SIZEOF_LONG 8
| #define ALIGNOF_LONG 8
| #define SIZEOF_LONG_LONG 8
| #define SIZEOF_VOID_P 8
| #define SIZEOF_SHORT 2
| #define SIZEOF_FLOAT 4
| #define SIZEOF_DOUBLE 8
| #define SIZEOF_FPOS_T 16
| #define SIZEOF_SIZE_T 8
| #define ALIGNOF_SIZE_T 8
| #define SIZEOF_PID_T 4
| #define SIZEOF_UINTPTR_T 8
| #define ALIGNOF_MAX_ALIGN_T 16
| #define HAVE_LONG_DOUBLE 1
| #define SIZEOF_LONG_DOUBLE 16
| #define SIZEOF__BOOL 1
| #define SIZEOF_OFF_T 8
| #define SIZEOF_TIME_T 8
| #define SIZEOF_PTHREAD_T 8
| #define SIZEOF_PTHREAD_KEY_T 4
| #define PTHREAD_KEY_T_IS_COMPATIBLE_WITH_INT 1
| #define PY_HAVE_PERF_TRAMPOLINE 1
| #define HAVE_LIBDL 1
| #define HAVE_FFI_PREP_CIF_VAR 1
| #define HAVE_FFI_PREP_CLOSURE_LOC 1
| #define HAVE_FFI_CLOSURE_ALLOC 1
| #define WITH_DECIMAL_CONTEXTVAR 1
| #define HAVE_LIBSQLITE3 1
| #define HAVE_LIBSQLITE3 1
| #define HAVE_LIBSQLITE3 1
| #define HAVE_LIBSQLITE3 1
| #define HAVE_LIBSQLITE3 1
| #define HAVE_LIBSQLITE3 1
| #define HAVE_LIBSQLITE3 1
| #define HAVE_LIBSQLITE3 1
| #define HAVE_LIBSQLITE3 1
| #define PY_SQLITE_HAVE_SERIALIZE 1
| #define HAVE_GDBM_H 1
| #define _REENTRANT 1
| #define PTHREAD_SYSTEM_SCHED_SUPPORTED 1
| #define HAVE_PTHREAD_SIGMASK 1
| #define HAVE_PTHREAD_GETCPUCLOCKID 1
| #define ENABLE_IPV6 1
| #define HAVE_LINUX_CAN_RAW_FD_FRAMES 1
| #define HAVE_LINUX_CAN_RAW_JOIN_FILTERS 1
| #define WITH_DOC_STRINGS 1
| #define HAVE_STD_ATOMIC 1
| #define HAVE_BUILTIN_ATOMIC 1
| #define WITH_MIMALLOC 1
| #define WITH_PYMALLOC 1
| #define WITH_FREELISTS 1
| #define PY_COERCE_C_LOCALE 1
| #define HAVE_DLOPEN 1
| #define HAVE_DYNAMIC_LOADING 1
| #define HAVE_ACCEPT4 1
| #define HAVE_ALARM 1
| #define HAVE_BIND_TEXTDOMAIN_CODESET 1
| #define HAVE_CHMOD 1
| #define HAVE_CHOWN 1
| #define HAVE_CLOCK 1
| #define HAVE_CLOSEFROM 1
| #define HAVE_CLOSE_RANGE 1
| #define HAVE_CONFSTR 1
| #define HAVE_COPY_FILE_RANGE 1
| #define HAVE_CTERMID 1
| #define HAVE_DUP 1
| #define HAVE_DUP3 1
| #define HAVE_EXECV 1
| #define HAVE_EXPLICIT_BZERO 1
| #define HAVE_FACCESSAT 1
| #define HAVE_FCHMOD 1
| #define HAVE_FCHMODAT 1
| #define HAVE_FCHOWN 1
| #define HAVE_FCHOWNAT 1
| #define HAVE_FDOPENDIR 1
| #define HAVE_FEXECVE 1
| #define HAVE_FORK 1
| #define HAVE_FPATHCONF 1
| #define HAVE_FSTATAT 1
| #define HAVE_FTIME 1
| #define HAVE_FTRUNCATE 1
| #define HAVE_FUTIMENS 1
| #define HAVE_FUTIMES 1
| #define HAVE_FUTIMESAT 1
| #define HAVE_GAI_STRERROR 1
| #define HAVE_GETEGID 1
| #define HAVE_GETEUID 1
| #define HAVE_GETGID 1
| #define HAVE_GETGRENT 1
| #define HAVE_GETGRGID 1
| #define HAVE_GETGRGID_R 1
| #define HAVE_GETGRNAM_R 1
| #define HAVE_GETGROUPLIST 1
| #define HAVE_GETHOSTNAME 1
| #define HAVE_GETITIMER 1
| #define HAVE_GETLOADAVG 1
| #define HAVE_GETLOGIN 1
| #define HAVE_GETPEERNAME 1
| #define HAVE_GETPGID 1
| #define HAVE_GETPID 1
| #define HAVE_GETPPID 1
| #define HAVE_GETPRIORITY 1
| #define HAVE_GETPWENT 1
| #define HAVE_GETPWNAM_R 1
| #define HAVE_GETPWUID 1
| #define HAVE_GETPWUID_R 1
| #define HAVE_GETRESGID 1
| #define HAVE_GETRESUID 1
| #define HAVE_GETRUSAGE 1
| #define HAVE_GETSID 1
| #define HAVE_GETSPENT 1
| #define HAVE_GETSPNAM 1
| #define HAVE_GETUID 1
| #define HAVE_GETWD 1
| #define HAVE_GRANTPT 1
| #define HAVE_IF_NAMEINDEX 1
| #define HAVE_INITGROUPS 1
| #define HAVE_KILL 1
| #define HAVE_KILLPG 1
| #define HAVE_LCHOWN 1
| #define HAVE_LINKAT 1
| #define HAVE_LOCKF 1
| #define HAVE_LSTAT 1
| #define HAVE_LUTIMES 1
| #define HAVE_MADVISE 1
| #define HAVE_MBRTOWC 1
| #define HAVE_MEMRCHR 1
| #define HAVE_MKDIRAT 1
| #define HAVE_MKFIFO 1
| #define HAVE_MKFIFOAT 1
| #define HAVE_MKNOD 1
| #define HAVE_MKNODAT 1
| #define HAVE_MKTIME 1
| #define HAVE_MMAP 1
| #define HAVE_MREMAP 1
| #define HAVE_NICE 1
| #define HAVE_OPENAT 1
| #define HAVE_OPENDIR 1
| #define HAVE_PATHCONF 1
| #define HAVE_PAUSE 1
| #define HAVE_PIPE 1
| #define HAVE_PIPE2 1
| #define HAVE_POLL 1
| #define HAVE_POSIX_FADVISE 1
| #define HAVE_POSIX_FALLOCATE 1
| #define HAVE_POSIX_OPENPT 1
| #define HAVE_POSIX_SPAWN 1
| #define HAVE_POSIX_SPAWNP 1
| #define HAVE_POSIX_SPAWN_FILE_ACTIONS_ADDCLOSEFROM_NP 1
| #define HAVE_PREAD 1
| #define HAVE_PREADV 1
| #define HAVE_PREADV2 1
| #define HAVE_PROCESS_VM_READV 1
| #define HAVE_PTHREAD_CONDATTR_SETCLOCK 1
| #define HAVE_PTHREAD_KILL 1
| #define HAVE_PTSNAME 1
| #define HAVE_PTSNAME_R 1
| #define HAVE_PWRITE 1
| #define HAVE_PWRITEV 1
| #define HAVE_PWRITEV2 1
| #define HAVE_READLINK 1
| #define HAVE_READLINKAT 1
| #define HAVE_READV 1
| #define HAVE_REALPATH 1
| #define HAVE_RENAMEAT 1
| #define HAVE_SCHED_GET_PRIORITY_MAX 1
| #define HAVE_SCHED_RR_GET_INTERVAL 1
| #define HAVE_SCHED_SETAFFINITY 1
| #define HAVE_SCHED_SETPARAM 1
| #define HAVE_SCHED_SETSCHEDULER 1
| #define HAVE_SEM_CLOCKWAIT 1
| #define HAVE_SEM_GETVALUE 1
| #define HAVE_SEM_OPEN 1
| #define HAVE_SEM_TIMEDWAIT 1
| #define HAVE_SEM_UNLINK 1
| #define HAVE_SENDFILE 1
| #define HAVE_SETEGID 1
| #define HAVE_SETEUID 1
| #define HAVE_SETGID 1
| #define HAVE_SETHOSTNAME 1
| #define HAVE_SETITIMER 1
| #define HAVE_SETLOCALE 1
| #define HAVE_SETPGID 1
| #define HAVE_SETPGRP 1
| #define HAVE_SETPRIORITY 1
| #define HAVE_SETREGID 1
| #define HAVE_SETRESGID 1
| #define HAVE_SETRESUID 1
| #define HAVE_SETREUID 1
| #define HAVE_SETSID 1
| #define HAVE_SETUID 1
| #define HAVE_SETVBUF 1
| #define HAVE_SHUTDOWN 1
| #define HAVE_SIGACTION 1
| #define HAVE_SIGALTSTACK 1
| #define HAVE_SIGFILLSET 1
| #define HAVE_SIGINTERRUPT 1
| #define HAVE_SIGPENDING 1
| #define HAVE_SIGRELSE 1
| #define HAVE_SIGTIMEDWAIT 1
| #define HAVE_SIGWAIT 1
| #define HAVE_SIGWAITINFO 1
| #define HAVE_SNPRINTF 1
| #define HAVE_SPLICE 1
| #define HAVE_STRFTIME 1
| #define HAVE_STRSIGNAL 1
| #define HAVE_SYMLINKAT 1
| #define HAVE_SYNC 1
| #define HAVE_SYSCONF 1
| #define HAVE_TCGETPGRP 1
| #define HAVE_TCSETPGRP 1
| #define HAVE_TEMPNAM 1
| #define HAVE_TIMEGM 1
| #define HAVE_TIMES 1
| #define HAVE_TMPFILE 1
| #define HAVE_TMPNAM 1
| #define HAVE_TMPNAM_R 1
| #define HAVE_TRUNCATE 1
| #define HAVE_TTYNAME_R 1
| #define HAVE_UMASK 1
| #define HAVE_UNAME 1
| #define HAVE_UNLINKAT 1
| #define HAVE_UNLOCKPT 1
| #define HAVE_UTIMENSAT 1
| #define HAVE_UTIMES 1
| #define HAVE_VFORK 1
| #define HAVE_WAIT 1
| #define HAVE_WAIT3 1
| #define HAVE_WAIT4 1
| #define HAVE_WAITID 1
| #define HAVE_WAITPID 1
| #define HAVE_WCSCOLL 1
| #define HAVE_WCSFTIME 1
| #define HAVE_WCSXFRM 1
| #define HAVE_WMEMCMP 1
| #define HAVE_WRITEV 1
| #define HAVE_GETENTROPY 1
| #define HAVE_GETGROUPS 1
| #define HAVE_SYSTEM 1
| #define HAVE_DIRFD 1
| #define HAVE_CHROOT 1
| #define HAVE_LINK 1
| #define HAVE_SYMLINK 1
| #define HAVE_FCHDIR 1
| #define HAVE_FSYNC 1
| #define HAVE_FDATASYNC 1
| #define HAVE_EPOLL 1
| #define HAVE_EPOLL_CREATE1 1
| #define HAVE_PRLIMIT 1
| #define HAVE_MEMFD_CREATE 1
| #define HAVE_EVENTFD 1
| #define HAVE_TIMERFD_CREATE 1
| #define HAVE_FLOCK 1
| #define HAVE_GETPAGESIZE 1
| #define HAVE_ZLIB_COPY 1
| #define HAVE_BZLIB_H 1
| /* end confdefs.h.  */
| #include <stddef.h>
| #ifdef HAVE_STDIO_H
| # include <stdio.h>
| #endif
| #ifdef HAVE_STDLIB_H
| # include <stdlib.h>
| #endif
| #ifdef HAVE_STRING_H
| # include <string.h>
| #endif
| #ifdef HAVE_INTTYPES_H
| # include <inttypes.h>
| #endif
| #ifdef HAVE_STDINT_H
| # include <stdint.h>
| #endif
| #ifdef HAVE_STRINGS_H
| # include <strings.h>
| #endif
| #ifdef HAVE_SYS_TYPES_H
| # include <sys/types.h>
| #endif
| #ifdef HAVE_SYS_STAT_H
| # include <sys/stat.h>
| #endif
| #ifdef HAVE_UNISTD_H
| # include <unistd.h>
| #endif
| #include <lzma.h>
configure:20874: result: no
configure:21036: checking for hstrerror
configure:21053: gcc -c   conftest.c >&5
configure:21053: $? = 0
configure:21062: result: yes
configure:21075: checking for getservbyname
configure:21092: gcc -c   conftest.c >&5
configure:21092: $? = 0
configure:21101: result: yes
configure:21114: checking for getservbyport
configure:21131: gcc -c   conftest.c >&5
configure:21131: $? = 0
configure:21140: result: yes
configure:21153: checking for gethostbyname
configure:21170: gcc -c   conftest.c >&5
configure:21170: $? = 0
configure:21179: result: yes
configure:21192: checking for gethostbyaddr
configure:21209: gcc -c   conftest.c >&5
configure:21209: $? = 0
configure:21218: result: yes
configure:21231: checking for getprotobyname
configure:21248: gcc -c   conftest.c >&5
configure:21248: $? = 0
configure:21257: result: yes
configure:21273: checking for inet_aton
configure:21295: gcc -c   conftest.c >&5
configure:21295: $? = 0
configure:21304: result: yes
configure:21317: checking for inet_ntoa
configure:21339: gcc -c   conftest.c >&5
configure:21339: $? = 0
configure:21348: result: yes
configure:21361: checking for inet_pton
configure:21383: gcc -c   conftest.c >&5
configure:21383: $? = 0
configure:21392: result: yes
configure:21405: checking for getpeername
configure:21436: result: yes
configure:21449: checking for getsockname
configure:21471: gcc -c   conftest.c >&5
configure:21471: $? = 0
configure:21480: result: yes
configure:21493: checking for accept
configure:21515: gcc -c   conftest.c >&5
configure:21515: $? = 0
configure:21524: result: yes
configure:21537: checking for bind
configure:21559: gcc -c   conftest.c >&5
configure:21559: $? = 0
configure:21568: result: yes
configure:21581: checking for connect
configure:21603: gcc -c   conftest.c >&5
configure:21603: $? = 0
configure:21612: result: yes
configure:21625: checking for listen
configure:21647: gcc -c   conftest.c >&5
configure:21647: $? = 0
configure:21656: result: yes
configure:21669: checking for recvfrom
configure:21691: gcc -c   conftest.c >&5
configure:21691: $? = 0
configure:21700: result: yes
configure:21713: checking for sendto
configure:21735: gcc -c   conftest.c >&5
configure:21735: $? = 0
configure:21744: result: yes
configure:21757: checking for setsockopt
configure:21779: gcc -c   conftest.c >&5
configure:21779: $? = 0
configure:21788: result: yes
configure:21801: checking for socket
configure:21823: gcc -c   conftest.c >&5
configure:21823: $? = 0
configure:21832: result: yes
configure:21847: checking for setgroups
configure:21869: gcc -c   conftest.c >&5
configure:21869: $? = 0
configure:21878: result: yes
configure:21895: checking for openpty
configure:21895: gcc -o conftest    conftest.c -ldl  >&5
configure:21895: $? = 0
configure:21895: result: yes
configure:21987: checking for library containing login_tty
configure:22017: gcc -o conftest    conftest.c -ldl  >&5
configure:22017: $? = 0
configure:22037: result: none required
configure:22052: checking for forkpty
configure:22052: gcc -o conftest    conftest.c -ldl  >&5
configure:22052: $? = 0
configure:22052: result: yes
configure:22146: checking for fseek64
configure:22146: gcc -o conftest    conftest.c -ldl  >&5
/usr/bin/ld: /tmp/ccghsycr.o: in function `main':
conftest.c:(.text+0xe): undefined reference to `fseek64'
collect2: error: ld returned 1 exit status
configure:22146: $? = 1
configure: failed program was:
| /* confdefs.h */
| #define _NETBSD_SOURCE 1
| #define __BSD_VISIBLE 1
| #define _DARWIN_C_SOURCE 1
| #define _PYTHONFRAMEWORK ""
| #define _XOPEN_SOURCE 700
| #define _XOPEN_SOURCE_EXTENDED 1
| #define _POSIX_C_SOURCE 200809L
| #define HAVE_STDIO_H 1
| #define HAVE_STDLIB_H 1
| #define HAVE_STRING_H 1
| #define HAVE_INTTYPES_H 1
| #define HAVE_STDINT_H 1
| #define HAVE_STRINGS_H 1
| #define HAVE_SYS_STAT_H 1
| #define HAVE_SYS_TYPES_H 1
| #define HAVE_UNISTD_H 1
| #define HAVE_WCHAR_H 1
| #define STDC_HEADERS 1
| #define _ALL_SOURCE 1
| #define _DARWIN_C_SOURCE 1
| #define _GNU_SOURCE 1
| #define _HPUX_ALT_XOPEN_SOCKET_API 1
| #define _NETBSD_SOURCE 1
| #define _OPENBSD_SOURCE 1
| #define _POSIX_PTHREAD_SEMANTICS 1
| #define __STDC_WANT_IEC_60559_ATTRIBS_EXT__ 1
| #define __STDC_WANT_IEC_60559_BFP_EXT__ 1
| #define __STDC_WANT_IEC_60559_DFP_EXT__ 1
| #define __STDC_WANT_IEC_60559_FUNCS_EXT__ 1
| #define __STDC_WANT_IEC_60559_TYPES_EXT__ 1
| #define __STDC_WANT_LIB_EXT2__ 1
| #define __STDC_WANT_MATH_SPEC_FUNCS__ 1
| #define _TANDEM_SOURCE 1
| #define __EXTENSIONS__ 1
| #define PY_SUPPORT_TIER 1
| #define STDC_HEADERS 1
| #define HAVE_ALLOCA_H 1
| #define HAVE_ASM_TYPES_H 1
| #define HAVE_DLFCN_H 1
| #define HAVE_ENDIAN_H 1
| #define HAVE_ERRNO_H 1
| #define HAVE_FCNTL_H 1
| #define HAVE_GRP_H 1
| #define HAVE_LANGINFO_H 1
| #define HAVE_LIBINTL_H 1
| #define HAVE_LINUX_AUXVEC_H 1
| #define HAVE_SYS_AUXV_H 1
| #define HAVE_LINUX_FS_H 1
| #define HAVE_LINUX_LIMITS_H 1
| #define HAVE_LINUX_MEMFD_H 1
| #define HAVE_LINUX_RANDOM_H 1
| #define HAVE_LINUX_SOUNDCARD_H 1
| #define HAVE_LINUX_TIPC_H 1
| #define HAVE_LINUX_WAIT_H 1
| #define HAVE_NETDB_H 1
| #define HAVE_NET_ETHERNET_H 1
| #define HAVE_NETINET_IN_H 1
| #define HAVE_NETPACKET_PACKET_H 1
| #define HAVE_POLL_H 1
| #define HAVE_PTHREAD_H 1
| #define HAVE_PTY_H 1
| #define HAVE_SCHED_H 1
| #define HAVE_SETJMP_H 1
| #define HAVE_SHADOW_H 1
| #define HAVE_SIGNAL_H 1
| #define HAVE_SPAWN_H 1
| #define HAVE_SYS_EPOLL_H 1
| #define HAVE_SYS_EVENTFD_H 1
| #define HAVE_SYS_FILE_H 1
| #define HAVE_SYS_IOCTL_H 1
| #define HAVE_SYS_MMAN_H 1
| #define HAVE_SYS_PARAM_H 1
| #define HAVE_SYS_POLL_H 1
| #define HAVE_SYS_RANDOM_H 1
| #define HAVE_SYS_RESOURCE_H 1
| #define HAVE_SYS_SELECT_H 1
| #define HAVE_SYS_SENDFILE_H 1
| #define HAVE_SYS_SOCKET_H 1
| #define HAVE_SYS_SOUNDCARD_H 1
| #define HAVE_SYS_STAT_H 1
| #define HAVE_SYS_STATVFS_H 1
| #define HAVE_SYS_SYSCALL_H 1
| #define HAVE_SYS_SYSMACROS_H 1
| #define HAVE_SYS_TIME_H 1
| #define HAVE_SYS_TIMES_H 1
| #define HAVE_SYS_TIMERFD_H 1
| #define HAVE_SYS_TYPES_H 1
| #define HAVE_SYS_UIO_H 1
| #define HAVE_SYS_UN_H 1
| #define HAVE_SYS_UTSNAME_H 1
| #define HAVE_SYS_WAIT_H 1
| #define HAVE_SYS_XATTR_H 1
| #define HAVE_SYSEXITS_H 1
| #define HAVE_SYSLOG_H 1
| #define HAVE_TERMIOS_H 1
| #define HAVE_UTIME_H 1
| #define HAVE_UTMP_H 1
| #define HAVE_DIRENT_H 1
| #define MAJOR_IN_SYSMACROS 1
| #define HAVE_NET_IF_H 1
| #define HAVE_LINUX_NETLINK_H 1
| #define HAVE_LINUX_QRTR_H 1
| #define HAVE_LINUX_VM_SOCKETS_H 1
| #define HAVE_LINUX_CAN_H 1
| #define HAVE_LINUX_CAN_BCM_H 1
| #define HAVE_LINUX_CAN_J1939_H 1
| #define HAVE_LINUX_CAN_RAW_H 1
| #define HAVE_CLOCK_T 1
| #define HAVE_MAKEDEV 1
| #define HAVE_HTOLE64 1
| #define _LARGEFILE_SOURCE 1
| #define _FILE_OFFSET_BITS 64
| #if defined(SCO_DS)
| #undef _OFF_T
| #endif
| #define RETSIGTYPE void
| #define HAVE_SSIZE_T 1
| #define HAVE___UINT128_T 1
| #define HAVE_GCC_UINT128_T 1
| #define SIZEOF_INT 4
| #define SIZEOF_LONG 8
| #define ALIGNOF_LONG 8
| #define SIZEOF_LONG_LONG 8
| #define SIZEOF_VOID_P 8
| #define SIZEOF_SHORT 2
| #define SIZEOF_FLOAT 4
| #define SIZEOF_DOUBLE 8
| #define SIZEOF_FPOS_T 16
| #define SIZEOF_SIZE_T 8
| #define ALIGNOF_SIZE_T 8
| #define SIZEOF_PID_T 4
| #define SIZEOF_UINTPTR_T 8
| #define ALIGNOF_MAX_ALIGN_T 16
| #define HAVE_LONG_DOUBLE 1
| #define SIZEOF_LONG_DOUBLE 16
| #define SIZEOF__BOOL 1
| #define SIZEOF_OFF_T 8
| #define SIZEOF_TIME_T 8
| #define SIZEOF_PTHREAD_T 8
| #define SIZEOF_PTHREAD_KEY_T 4
| #define PTHREAD_KEY_T_IS_COMPATIBLE_WITH_INT 1
| #define PY_HAVE_PERF_TRAMPOLINE 1
| #define HAVE_LIBDL 1
| #define HAVE_FFI_PREP_CIF_VAR 1
| #define HAVE_FFI_PREP_CLOSURE_LOC 1
| #define HAVE_FFI_CLOSURE_ALLOC 1
| #define WITH_DECIMAL_CONTEXTVAR 1
| #define HAVE_LIBSQLITE3 1
| #define HAVE_LIBSQLITE3 1
| #define HAVE_LIBSQLITE3 1
| #define HAVE_LIBSQLITE3 1
| #define HAVE_LIBSQLITE3 1
| #define HAVE_LIBSQLITE3 1
| #define HAVE_LIBSQLITE3 1
| #define HAVE_LIBSQLITE3 1
| #define HAVE_LIBSQLITE3 1
| #define PY_SQLITE_HAVE_SERIALIZE 1
| #define HAVE_GDBM_H 1
| #define _REENTRANT 1
| #define PTHREAD_SYSTEM_SCHED_SUPPORTED 1
| #define HAVE_PTHREAD_SIGMASK 1
| #define HAVE_PTHREAD_GETCPUCLOCKID 1
| #define ENABLE_IPV6 1
| #define HAVE_LINUX_CAN_RAW_FD_FRAMES 1
| #define HAVE_LINUX_CAN_RAW_JOIN_FILTERS 1
| #define WITH_DOC_STRINGS 1
| #define HAVE_STD_ATOMIC 1
| #define HAVE_BUILTIN_ATOMIC 1
| #define WITH_MIMALLOC 1
| #define WITH_PYMALLOC 1
| #define WITH_FREELISTS 1
| #define PY_COERCE_C_LOCALE 1
| #define HAVE_DLOPEN 1
| #define HAVE_DYNAMIC_LOADING 1
| #define HAVE_ACCEPT4 1
| #define HAVE_ALARM 1
| #define HAVE_BIND_TEXTDOMAIN_CODESET 1
| #define HAVE_CHMOD 1
| #define HAVE_CHOWN 1
| #define HAVE_CLOCK 1
| #define HAVE_CLOSEFROM 1
| #define HAVE_CLOSE_RANGE 1
| #define HAVE_CONFSTR 1
| #define HAVE_COPY_FILE_RANGE 1
| #define HAVE_CTERMID 1
| #define HAVE_DUP 1
| #define HAVE_DUP3 1
| #define HAVE_EXECV 1
| #define HAVE_EXPLICIT_BZERO 1
| #define HAVE_FACCESSAT 1
| #define HAVE_FCHMOD 1
| #define HAVE_FCHMODAT 1
| #define HAVE_FCHOWN 1
| #define HAVE_FCHOWNAT 1
| #define HAVE_FDOPENDIR 1
| #define HAVE_FEXECVE 1
| #define HAVE_FORK 1
| #define HAVE_FPATHCONF 1
| #define HAVE_FSTATAT 1
| #define HAVE_FTIME 1
| #define HAVE_FTRUNCATE 1
| #define HAVE_FUTIMENS 1
| #define HAVE_FUTIMES 1
| #define HAVE_FUTIMESAT 1
| #define HAVE_GAI_STRERROR 1
| #define HAVE_GETEGID 1
| #define HAVE_GETEUID 1
| #define HAVE_GETGID 1
| #define HAVE_GETGRENT 1
| #define HAVE_GETGRGID 1
| #define HAVE_GETGRGID_R 1
| #define HAVE_GETGRNAM_R 1
| #define HAVE_GETGROUPLIST 1
| #define HAVE_GETHOSTNAME 1
| #define HAVE_GETITIMER 1
| #define HAVE_GETLOADAVG 1
| #define HAVE_GETLOGIN 1
| #define HAVE_GETPEERNAME 1
| #define HAVE_GETPGID 1
| #define HAVE_GETPID 1
| #define HAVE_GETPPID 1
| #define HAVE_GETPRIORITY 1
| #define HAVE_GETPWENT 1
| #define HAVE_GETPWNAM_R 1
| #define HAVE_GETPWUID 1
| #define HAVE_GETPWUID_R 1
| #define HAVE_GETRESGID 1
| #define HAVE_GETRESUID 1
| #define HAVE_GETRUSAGE 1
| #define HAVE_GETSID 1
| #define HAVE_GETSPENT 1
| #define HAVE_GETSPNAM 1
| #define HAVE_GETUID 1
| #define HAVE_GETWD 1
| #define HAVE_GRANTPT 1
| #define HAVE_IF_NAMEINDEX 1
| #define HAVE_INITGROUPS 1
| #define HAVE_KILL 1
| #define HAVE_KILLPG 1
| #define HAVE_LCHOWN 1
| #define HAVE_LINKAT 1
| #define HAVE_LOCKF 1
| #define HAVE_LSTAT 1
| #define HAVE_LUTIMES 1
| #define HAVE_MADVISE 1
| #define HAVE_MBRTOWC 1
| #define HAVE_MEMRCHR 1
| #define HAVE_MKDIRAT 1
| #define HAVE_MKFIFO 1
| #define HAVE_MKFIFOAT 1
| #define HAVE_MKNOD 1
| #define HAVE_MKNODAT 1
| #define HAVE_MKTIME 1
| #define HAVE_MMAP 1
| #define HAVE_MREMAP 1
| #define HAVE_NICE 1
| #define HAVE_OPENAT 1
| #define HAVE_OPENDIR 1
| #define HAVE_PATHCONF 1
| #define HAVE_PAUSE 1
| #define HAVE_PIPE 1
| #define HAVE_PIPE2 1
| #define HAVE_POLL 1
| #define HAVE_POSIX_FADVISE 1
| #define HAVE_POSIX_FALLOCATE 1
| #define HAVE_POSIX_OPENPT 1
| #define HAVE_POSIX_SPAWN 1
| #define HAVE_POSIX_SPAWNP 1
| #define HAVE_POSIX_SPAWN_FILE_ACTIONS_ADDCLOSEFROM_NP 1
| #define HAVE_PREAD 1
| #define HAVE_PREADV 1
| #define HAVE_PREADV2 1
| #define HAVE_PROCESS_VM_READV 1
| #define HAVE_PTHREAD_CONDATTR_SETCLOCK 1
| #define HAVE_PTHREAD_KILL 1
| #define HAVE_PTSNAME 1
| #define HAVE_PTSNAME_R 1
| #define HAVE_PWRITE 1
| #define HAVE_PWRITEV 1
| #define HAVE_PWRITEV2 1
| #define HAVE_READLINK 1
| #define HAVE_READLINKAT 1
| #define HAVE_READV 1
| #define HAVE_REALPATH 1
| #define HAVE_RENAMEAT 1
| #define HAVE_SCHED_GET_PRIORITY_MAX 1
| #define HAVE_SCHED_RR_GET_INTERVAL 1
| #define HAVE_SCHED_SETAFFINITY 1
| #define HAVE_SCHED_SETPARAM 1
| #define HAVE_SCHED_SETSCHEDULER 1
| #define HAVE_SEM_CLOCKWAIT 1
| #define HAVE_SEM_GETVALUE 1
| #define HAVE_SEM_OPEN 1
| #define HAVE_SEM_TIMEDWAIT 1
| #define HAVE_SEM_UNLINK 1
| #define HAVE_SENDFILE 1
| #define HAVE_SETEGID 1
| #define HAVE_SETEUID 1
| #define HAVE_SETGID 1
| #define HAVE_SETHOSTNAME 1
| #define HAVE_SETITIMER 1
| #define HAVE_SETLOCALE 1
| #define HAVE_SETPGID 1
| #define HAVE_SETPGRP 1
| #define HAVE_SETPRIORITY 1
| #define HAVE_SETREGID 1
| #define HAVE_SETRESGID 1
| #define HAVE_SETRESUID 1
| #define HAVE_SETREUID 1
| #define HAVE_SETSID 1
| #define HAVE_SETUID 1
| #define HAVE_SETVBUF 1
| #define HAVE_SHUTDOWN 1
| #define HAVE_SIGACTION 1
| #define HAVE_SIGALTSTACK 1
| #define HAVE_SIGFILLSET 1
| #define HAVE_SIGINTERRUPT 1
| #define HAVE_SIGPENDING 1
| #define HAVE_SIGRELSE 1
| #define HAVE_SIGTIMEDWAIT 1
| #define HAVE_SIGWAIT 1
| #define HAVE_SIGWAITINFO 1
| #define HAVE_SNPRINTF 1
| #define HAVE_SPLICE 1
| #define HAVE_STRFTIME 1
| #define HAVE_STRSIGNAL 1
| #define HAVE_SYMLINKAT 1
| #define HAVE_SYNC 1
| #define HAVE_SYSCONF 1
| #define HAVE_TCGETPGRP 1
| #define HAVE_TCSETPGRP 1
| #define HAVE_TEMPNAM 1
| #define HAVE_TIMEGM 1
| #define HAVE_TIMES 1
| #define HAVE_TMPFILE 1
| #define HAVE_TMPNAM 1
| #define HAVE_TMPNAM_R 1
| #define HAVE_TRUNCATE 1
| #define HAVE_TTYNAME_R 1
| #define HAVE_UMASK 1
| #define HAVE_UNAME 1
| #define HAVE_UNLINKAT 1
| #define HAVE_UNLOCKPT 1
| #define HAVE_UTIMENSAT 1
| #define HAVE_UTIMES 1
| #define HAVE_VFORK 1
| #define HAVE_WAIT 1
| #define HAVE_WAIT3 1
| #define HAVE_WAIT4 1
| #define HAVE_WAITID 1
| #define HAVE_WAITPID 1
| #define HAVE_WCSCOLL 1
| #define HAVE_WCSFTIME 1
| #define HAVE_WCSXFRM 1
| #define HAVE_WMEMCMP 1
| #define HAVE_WRITEV 1
| #define HAVE_GETENTROPY 1
| #define HAVE_GETGROUPS 1
| #define HAVE_SYSTEM 1
| #define HAVE_DIRFD 1
| #define HAVE_CHROOT 1
| #define HAVE_LINK 1
| #define HAVE_SYMLINK 1
| #define HAVE_FCHDIR 1
| #define HAVE_FSYNC 1
| #define HAVE_FDATASYNC 1
| #define HAVE_EPOLL 1
| #define HAVE_EPOLL_CREATE1 1
| #define HAVE_PRLIMIT 1
| #define HAVE_MEMFD_CREATE 1
| #define HAVE_EVENTFD 1
| #define HAVE_TIMERFD_CREATE 1
| #define HAVE_FLOCK 1
| #define HAVE_GETPAGESIZE 1
| #define HAVE_ZLIB_COPY 1
| #define HAVE_BZLIB_H 1
| #define HAVE_HSTRERROR 1
| #define HAVE_GETSERVBYNAME 1
| #define HAVE_GETSERVBYPORT 1
| #define HAVE_GETHOSTBYNAME 1
| #define HAVE_GETHOSTBYADDR 1
| #define HAVE_GETPROTOBYNAME 1
| #define HAVE_INET_ATON 1
| #define HAVE_INET_NTOA 1
| #define HAVE_INET_PTON 1
| #define HAVE_GETPEERNAME 1
| #define HAVE_GETSOCKNAME 1
| #define HAVE_ACCEPT 1
| #define HAVE_BIND 1
| #define HAVE_CONNECT 1
| #define HAVE_LISTEN 1
| #define HAVE_RECVFROM 1
| #define HAVE_SENDTO 1
| #define HAVE_SETSOCKOPT 1
| #define HAVE_SOCKET 1
| #define HAVE_SETGROUPS 1
| #define HAVE_OPENPTY 1
| #define HAVE_LOGIN_TTY 1
| #define HAVE_FORKPTY 1
| /* end confdefs.h.  */
| /* Define fseek64 to an innocuous variant, in case <limits.h> declares fseek64.
|    For example, HP-UX 11i <limits.h> declares gettimeofday.  */
| #define fseek64 innocuous_fseek64
| 
| /* System header to define __stub macros and hopefully few prototypes,
|    which can conflict with char fseek64 (); below.  */
| 
| #include <limits.h>
| #undef fseek64
| 
| /* Override any GCC internal prototype to avoid an error.
|    Use char because int might match the return type of a GCC
|    builtin and then its argument prototype would still apply.  */
| #ifdef __cplusplus
| extern "C"
| #endif
| char fseek64 ();
| /* The GNU C library defines this for functions which it implements
|     to always fail with ENOSYS.  Some functions are actually named
|     something starting with __ and the normal name is an alias.  */
| #if defined __stub_fseek64 || defined __stub___fseek64
| choke me
| #endif
| 
| int
| main (void)
| {
| return fseek64 ();
|   ;
|   return 0;
| }
configure:22146: result: no
configure:22152: checking for fseeko
configure:22152: gcc -o conftest    conftest.c -ldl  >&5
configure:22152: $? = 0
configure:22152: result: yes
configure:22158: checking for fstatvfs
configure:22158: gcc -o conftest    conftest.c -ldl  >&5
configure:22158: $? = 0
configure:22158: result: yes
configure:22164: checking for ftell64
configure:22164: gcc -o conftest    conftest.c -ldl  >&5
/usr/bin/ld: /tmp/ccYJ2XDR.o: in function `main':
conftest.c:(.text+0xe): undefined reference to `ftell64'
collect2: error: ld returned 1 exit status
configure:22164: $? = 1
configure: failed program was:
| /* confdefs.h */
| #define _NETBSD_SOURCE 1
| #define __BSD_VISIBLE 1
| #define _DARWIN_C_SOURCE 1
| #define _PYTHONFRAMEWORK ""
| #define _XOPEN_SOURCE 700
| #define _XOPEN_SOURCE_EXTENDED 1
| #define _POSIX_C_SOURCE 200809L
| #define HAVE_STDIO_H 1
| #define HAVE_STDLIB_H 1
| #define HAVE_STRING_H 1
| #define HAVE_INTTYPES_H 1
| #define HAVE_STDINT_H 1
| #define HAVE_STRINGS_H 1
| #define HAVE_SYS_STAT_H 1
| #define HAVE_SYS_TYPES_H 1
| #define HAVE_UNISTD_H 1
| #define HAVE_WCHAR_H 1
| #define STDC_HEADERS 1
| #define _ALL_SOURCE 1
| #define _DARWIN_C_SOURCE 1
| #define _GNU_SOURCE 1
| #define _HPUX_ALT_XOPEN_SOCKET_API 1
| #define _NETBSD_SOURCE 1
| #define _OPENBSD_SOURCE 1
| #define _POSIX_PTHREAD_SEMANTICS 1
| #define __STDC_WANT_IEC_60559_ATTRIBS_EXT__ 1
| #define __STDC_WANT_IEC_60559_BFP_EXT__ 1
| #define __STDC_WANT_IEC_60559_DFP_EXT__ 1
| #define __STDC_WANT_IEC_60559_FUNCS_EXT__ 1
| #define __STDC_WANT_IEC_60559_TYPES_EXT__ 1
| #define __STDC_WANT_LIB_EXT2__ 1
| #define __STDC_WANT_MATH_SPEC_FUNCS__ 1
| #define _TANDEM_SOURCE 1
| #define __EXTENSIONS__ 1
| #define PY_SUPPORT_TIER 1
| #define STDC_HEADERS 1
| #define HAVE_ALLOCA_H 1
| #define HAVE_ASM_TYPES_H 1
| #define HAVE_DLFCN_H 1
| #define HAVE_ENDIAN_H 1
| #define HAVE_ERRNO_H 1
| #define HAVE_FCNTL_H 1
| #define HAVE_GRP_H 1
| #define HAVE_LANGINFO_H 1
| #define HAVE_LIBINTL_H 1
| #define HAVE_LINUX_AUXVEC_H 1
| #define HAVE_SYS_AUXV_H 1
| #define HAVE_LINUX_FS_H 1
| #define HAVE_LINUX_LIMITS_H 1
| #define HAVE_LINUX_MEMFD_H 1
| #define HAVE_LINUX_RANDOM_H 1
| #define HAVE_LINUX_SOUNDCARD_H 1
| #define HAVE_LINUX_TIPC_H 1
| #define HAVE_LINUX_WAIT_H 1
| #define HAVE_NETDB_H 1
| #define HAVE_NET_ETHERNET_H 1
| #define HAVE_NETINET_IN_H 1
| #define HAVE_NETPACKET_PACKET_H 1
| #define HAVE_POLL_H 1
| #define HAVE_PTHREAD_H 1
| #define HAVE_PTY_H 1
| #define HAVE_SCHED_H 1
| #define HAVE_SETJMP_H 1
| #define HAVE_SHADOW_H 1
| #define HAVE_SIGNAL_H 1
| #define HAVE_SPAWN_H 1
| #define HAVE_SYS_EPOLL_H 1
| #define HAVE_SYS_EVENTFD_H 1
| #define HAVE_SYS_FILE_H 1
| #define HAVE_SYS_IOCTL_H 1
| #define HAVE_SYS_MMAN_H 1
| #define HAVE_SYS_PARAM_H 1
| #define HAVE_SYS_POLL_H 1
| #define HAVE_SYS_RANDOM_H 1
| #define HAVE_SYS_RESOURCE_H 1
| #define HAVE_SYS_SELECT_H 1
| #define HAVE_SYS_SENDFILE_H 1
| #define HAVE_SYS_SOCKET_H 1
| #define HAVE_SYS_SOUNDCARD_H 1
| #define HAVE_SYS_STAT_H 1
| #define HAVE_SYS_STATVFS_H 1
| #define HAVE_SYS_SYSCALL_H 1
| #define HAVE_SYS_SYSMACROS_H 1
| #define HAVE_SYS_TIME_H 1
| #define HAVE_SYS_TIMES_H 1
| #define HAVE_SYS_TIMERFD_H 1
| #define HAVE_SYS_TYPES_H 1
| #define HAVE_SYS_UIO_H 1
| #define HAVE_SYS_UN_H 1
| #define HAVE_SYS_UTSNAME_H 1
| #define HAVE_SYS_WAIT_H 1
| #define HAVE_SYS_XATTR_H 1
| #define HAVE_SYSEXITS_H 1
| #define HAVE_SYSLOG_H 1
| #define HAVE_TERMIOS_H 1
| #define HAVE_UTIME_H 1
| #define HAVE_UTMP_H 1
| #define HAVE_DIRENT_H 1
| #define MAJOR_IN_SYSMACROS 1
| #define HAVE_NET_IF_H 1
| #define HAVE_LINUX_NETLINK_H 1
| #define HAVE_LINUX_QRTR_H 1
| #define HAVE_LINUX_VM_SOCKETS_H 1
| #define HAVE_LINUX_CAN_H 1
| #define HAVE_LINUX_CAN_BCM_H 1
| #define HAVE_LINUX_CAN_J1939_H 1
| #define HAVE_LINUX_CAN_RAW_H 1
| #define HAVE_CLOCK_T 1
| #define HAVE_MAKEDEV 1
| #define HAVE_HTOLE64 1
| #define _LARGEFILE_SOURCE 1
| #define _FILE_OFFSET_BITS 64
| #if defined(SCO_DS)
| #undef _OFF_T
| #endif
| #define RETSIGTYPE void
| #define HAVE_SSIZE_T 1
| #define HAVE___UINT128_T 1
| #define HAVE_GCC_UINT128_T 1
| #define SIZEOF_INT 4
| #define SIZEOF_LONG 8
| #define ALIGNOF_LONG 8
| #define SIZEOF_LONG_LONG 8
| #define SIZEOF_VOID_P 8
| #define SIZEOF_SHORT 2
| #define SIZEOF_FLOAT 4
| #define SIZEOF_DOUBLE 8
| #define SIZEOF_FPOS_T 16
| #define SIZEOF_SIZE_T 8
| #define ALIGNOF_SIZE_T 8
| #define SIZEOF_PID_T 4
| #define SIZEOF_UINTPTR_T 8
| #define ALIGNOF_MAX_ALIGN_T 16
| #define HAVE_LONG_DOUBLE 1
| #define SIZEOF_LONG_DOUBLE 16
| #define SIZEOF__BOOL 1
| #define SIZEOF_OFF_T 8
| #define SIZEOF_TIME_T 8
| #define SIZEOF_PTHREAD_T 8
| #define SIZEOF_PTHREAD_KEY_T 4
| #define PTHREAD_KEY_T_IS_COMPATIBLE_WITH_INT 1
| #define PY_HAVE_PERF_TRAMPOLINE 1
| #define HAVE_LIBDL 1
| #define HAVE_FFI_PREP_CIF_VAR 1
| #define HAVE_FFI_PREP_CLOSURE_LOC 1
| #define HAVE_FFI_CLOSURE_ALLOC 1
| #define WITH_DECIMAL_CONTEXTVAR 1
| #define HAVE_LIBSQLITE3 1
| #define HAVE_LIBSQLITE3 1
| #define HAVE_LIBSQLITE3 1
| #define HAVE_LIBSQLITE3 1
| #define HAVE_LIBSQLITE3 1
| #define HAVE_LIBSQLITE3 1
| #define HAVE_LIBSQLITE3 1
| #define HAVE_LIBSQLITE3 1
| #define HAVE_LIBSQLITE3 1
| #define PY_SQLITE_HAVE_SERIALIZE 1
| #define HAVE_GDBM_H 1
| #define _REENTRANT 1
| #define PTHREAD_SYSTEM_SCHED_SUPPORTED 1
| #define HAVE_PTHREAD_SIGMASK 1
| #define HAVE_PTHREAD_GETCPUCLOCKID 1
| #define ENABLE_IPV6 1
| #define HAVE_LINUX_CAN_RAW_FD_FRAMES 1
| #define HAVE_LINUX_CAN_RAW_JOIN_FILTERS 1
| #define WITH_DOC_STRINGS 1
| #define HAVE_STD_ATOMIC 1
| #define HAVE_BUILTIN_ATOMIC 1
| #define WITH_MIMALLOC 1
| #define WITH_PYMALLOC 1
| #define WITH_FREELISTS 1
| #define PY_COERCE_C_LOCALE 1
| #define HAVE_DLOPEN 1
| #define HAVE_DYNAMIC_LOADING 1
| #define HAVE_ACCEPT4 1
| #define HAVE_ALARM 1
| #define HAVE_BIND_TEXTDOMAIN_CODESET 1
| #define HAVE_CHMOD 1
| #define HAVE_CHOWN 1
| #define HAVE_CLOCK 1
| #define HAVE_CLOSEFROM 1
| #define HAVE_CLOSE_RANGE 1
| #define HAVE_CONFSTR 1
| #define HAVE_COPY_FILE_RANGE 1
| #define HAVE_CTERMID 1
| #define HAVE_DUP 1
| #define HAVE_DUP3 1
| #define HAVE_EXECV 1
| #define HAVE_EXPLICIT_BZERO 1
| #define HAVE_FACCESSAT 1
| #define HAVE_FCHMOD 1
| #define HAVE_FCHMODAT 1
| #define HAVE_FCHOWN 1
| #define HAVE_FCHOWNAT 1
| #define HAVE_FDOPENDIR 1
| #define HAVE_FEXECVE 1
| #define HAVE_FORK 1
| #define HAVE_FPATHCONF 1
| #define HAVE_FSTATAT 1
| #define HAVE_FTIME 1
| #define HAVE_FTRUNCATE 1
| #define HAVE_FUTIMENS 1
| #define HAVE_FUTIMES 1
| #define HAVE_FUTIMESAT 1
| #define HAVE_GAI_STRERROR 1
| #define HAVE_GETEGID 1
| #define HAVE_GETEUID 1
| #define HAVE_GETGID 1
| #define HAVE_GETGRENT 1
| #define HAVE_GETGRGID 1
| #define HAVE_GETGRGID_R 1
| #define HAVE_GETGRNAM_R 1
| #define HAVE_GETGROUPLIST 1
| #define HAVE_GETHOSTNAME 1
| #define HAVE_GETITIMER 1
| #define HAVE_GETLOADAVG 1
| #define HAVE_GETLOGIN 1
| #define HAVE_GETPEERNAME 1
| #define HAVE_GETPGID 1
| #define HAVE_GETPID 1
| #define HAVE_GETPPID 1
| #define HAVE_GETPRIORITY 1
| #define HAVE_GETPWENT 1
| #define HAVE_GETPWNAM_R 1
| #define HAVE_GETPWUID 1
| #define HAVE_GETPWUID_R 1
| #define HAVE_GETRESGID 1
| #define HAVE_GETRESUID 1
| #define HAVE_GETRUSAGE 1
| #define HAVE_GETSID 1
| #define HAVE_GETSPENT 1
| #define HAVE_GETSPNAM 1
| #define HAVE_GETUID 1
| #define HAVE_GETWD 1
| #define HAVE_GRANTPT 1
| #define HAVE_IF_NAMEINDEX 1
| #define HAVE_INITGROUPS 1
| #define HAVE_KILL 1
| #define HAVE_KILLPG 1
| #define HAVE_LCHOWN 1
| #define HAVE_LINKAT 1
| #define HAVE_LOCKF 1
| #define HAVE_LSTAT 1
| #define HAVE_LUTIMES 1
| #define HAVE_MADVISE 1
| #define HAVE_MBRTOWC 1
| #define HAVE_MEMRCHR 1
| #define HAVE_MKDIRAT 1
| #define HAVE_MKFIFO 1
| #define HAVE_MKFIFOAT 1
| #define HAVE_MKNOD 1
| #define HAVE_MKNODAT 1
| #define HAVE_MKTIME 1
| #define HAVE_MMAP 1
| #define HAVE_MREMAP 1
| #define HAVE_NICE 1
| #define HAVE_OPENAT 1
| #define HAVE_OPENDIR 1
| #define HAVE_PATHCONF 1
| #define HAVE_PAUSE 1
| #define HAVE_PIPE 1
| #define HAVE_PIPE2 1
| #define HAVE_POLL 1
| #define HAVE_POSIX_FADVISE 1
| #define HAVE_POSIX_FALLOCATE 1
| #define HAVE_POSIX_OPENPT 1
| #define HAVE_POSIX_SPAWN 1
| #define HAVE_POSIX_SPAWNP 1
| #define HAVE_POSIX_SPAWN_FILE_ACTIONS_ADDCLOSEFROM_NP 1
| #define HAVE_PREAD 1
| #define HAVE_PREADV 1
| #define HAVE_PREADV2 1
| #define HAVE_PROCESS_VM_READV 1
| #define HAVE_PTHREAD_CONDATTR_SETCLOCK 1
| #define HAVE_PTHREAD_KILL 1
| #define HAVE_PTSNAME 1
| #define HAVE_PTSNAME_R 1
| #define HAVE_PWRITE 1
| #define HAVE_PWRITEV 1
| #define HAVE_PWRITEV2 1
| #define HAVE_READLINK 1
| #define HAVE_READLINKAT 1
| #define HAVE_READV 1
| #define HAVE_REALPATH 1
| #define HAVE_RENAMEAT 1
| #define HAVE_SCHED_GET_PRIORITY_MAX 1
| #define HAVE_SCHED_RR_GET_INTERVAL 1
| #define HAVE_SCHED_SETAFFINITY 1
| #define HAVE_SCHED_SETPARAM 1
| #define HAVE_SCHED_SETSCHEDULER 1
| #define HAVE_SEM_CLOCKWAIT 1
| #define HAVE_SEM_GETVALUE 1
| #define HAVE_SEM_OPEN 1
| #define HAVE_SEM_TIMEDWAIT 1
| #define HAVE_SEM_UNLINK 1
| #define HAVE_SENDFILE 1
| #define HAVE_SETEGID 1
| #define HAVE_SETEUID 1
| #define HAVE_SETGID 1
| #define HAVE_SETHOSTNAME 1
| #define HAVE_SETITIMER 1
| #define HAVE_SETLOCALE 1
| #define HAVE_SETPGID 1
| #define HAVE_SETPGRP 1
| #define HAVE_SETPRIORITY 1
| #define HAVE_SETREGID 1
| #define HAVE_SETRESGID 1
| #define HAVE_SETRESUID 1
| #define HAVE_SETREUID 1
| #define HAVE_SETSID 1
| #define HAVE_SETUID 1
| #define HAVE_SETVBUF 1
| #define HAVE_SHUTDOWN 1
| #define HAVE_SIGACTION 1
| #define HAVE_SIGALTSTACK 1
| #define HAVE_SIGFILLSET 1
| #define HAVE_SIGINTERRUPT 1
| #define HAVE_SIGPENDING 1
| #define HAVE_SIGRELSE 1
| #define HAVE_SIGTIMEDWAIT 1
| #define HAVE_SIGWAIT 1
| #define HAVE_SIGWAITINFO 1
| #define HAVE_SNPRINTF 1
| #define HAVE_SPLICE 1
| #define HAVE_STRFTIME 1
| #define HAVE_STRSIGNAL 1
| #define HAVE_SYMLINKAT 1
| #define HAVE_SYNC 1
| #define HAVE_SYSCONF 1
| #define HAVE_TCGETPGRP 1
| #define HAVE_TCSETPGRP 1
| #define HAVE_TEMPNAM 1
| #define HAVE_TIMEGM 1
| #define HAVE_TIMES 1
| #define HAVE_TMPFILE 1
| #define HAVE_TMPNAM 1
| #define HAVE_TMPNAM_R 1
| #define HAVE_TRUNCATE 1
| #define HAVE_TTYNAME_R 1
| #define HAVE_UMASK 1
| #define HAVE_UNAME 1
| #define HAVE_UNLINKAT 1
| #define HAVE_UNLOCKPT 1
| #define HAVE_UTIMENSAT 1
| #define HAVE_UTIMES 1
| #define HAVE_VFORK 1
| #define HAVE_WAIT 1
| #define HAVE_WAIT3 1
| #define HAVE_WAIT4 1
| #define HAVE_WAITID 1
| #define HAVE_WAITPID 1
| #define HAVE_WCSCOLL 1
| #define HAVE_WCSFTIME 1
| #define HAVE_WCSXFRM 1
| #define HAVE_WMEMCMP 1
| #define HAVE_WRITEV 1
| #define HAVE_GETENTROPY 1
| #define HAVE_GETGROUPS 1
| #define HAVE_SYSTEM 1
| #define HAVE_DIRFD 1
| #define HAVE_CHROOT 1
| #define HAVE_LINK 1
| #define HAVE_SYMLINK 1
| #define HAVE_FCHDIR 1
| #define HAVE_FSYNC 1
| #define HAVE_FDATASYNC 1
| #define HAVE_EPOLL 1
| #define HAVE_EPOLL_CREATE1 1
| #define HAVE_PRLIMIT 1
| #define HAVE_MEMFD_CREATE 1
| #define HAVE_EVENTFD 1
| #define HAVE_TIMERFD_CREATE 1
| #define HAVE_FLOCK 1
| #define HAVE_GETPAGESIZE 1
| #define HAVE_ZLIB_COPY 1
| #define HAVE_BZLIB_H 1
| #define HAVE_HSTRERROR 1
| #define HAVE_GETSERVBYNAME 1
| #define HAVE_GETSERVBYPORT 1
| #define HAVE_GETHOSTBYNAME 1
| #define HAVE_GETHOSTBYADDR 1
| #define HAVE_GETPROTOBYNAME 1
| #define HAVE_INET_ATON 1
| #define HAVE_INET_NTOA 1
| #define HAVE_INET_PTON 1
| #define HAVE_GETPEERNAME 1
| #define HAVE_GETSOCKNAME 1
| #define HAVE_ACCEPT 1
| #define HAVE_BIND 1
| #define HAVE_CONNECT 1
| #define HAVE_LISTEN 1
| #define HAVE_RECVFROM 1
| #define HAVE_SENDTO 1
| #define HAVE_SETSOCKOPT 1
| #define HAVE_SOCKET 1
| #define HAVE_SETGROUPS 1
| #define HAVE_OPENPTY 1
| #define HAVE_LOGIN_TTY 1
| #define HAVE_FORKPTY 1
| #define HAVE_FSEEKO 1
| #define HAVE_FSTATVFS 1
| /* end confdefs.h.  */
| /* Define ftell64 to an innocuous variant, in case <limits.h> declares ftell64.
|    For example, HP-UX 11i <limits.h> declares gettimeofday.  */
| #define ftell64 innocuous_ftell64
| 
| /* System header to define __stub macros and hopefully few prototypes,
|    which can conflict with char ftell64 (); below.  */
| 
| #include <limits.h>
| #undef ftell64
| 
| /* Override any GCC internal prototype to avoid an error.
|    Use char because int might match the return type of a GCC
|    builtin and then its argument prototype would still apply.  */
| #ifdef __cplusplus
| extern "C"
| #endif
| char ftell64 ();
| /* The GNU C library defines this for functions which it implements
|     to always fail with ENOSYS.  Some functions are actually named
|     something starting with __ and the normal name is an alias.  */
| #if defined __stub_ftell64 || defined __stub___ftell64
| choke me
| #endif
| 
| int
| main (void)
| {
| return ftell64 ();
|   ;
|   return 0;
| }
configure:22164: result: no
configure:22170: checking for ftello
configure:22170: gcc -o conftest    conftest.c -ldl  >&5
configure:22170: $? = 0
configure:22170: result: yes
configure:22176: checking for statvfs
configure:22176: gcc -o conftest    conftest.c -ldl  >&5
configure:22176: $? = 0
configure:22176: result: yes
configure:22184: checking for dup2
configure:22184: gcc -o conftest    conftest.c -ldl  >&5
configure:22184: $? = 0
configure:22184: result: yes
configure:22201: checking for getpgrp
configure:22201: gcc -o conftest    conftest.c -ldl  >&5
configure:22201: $? = 0
configure:22201: result: yes
configure:22216: gcc -c   conftest.c >&5
conftest.c: In function 'main':
conftest.c:412:1: error: too many arguments to function 'getpgrp'
  412 | getpgrp(0);
      | ^~~~~~~
In file included from conftest.c:408:
/usr/include/unistd.h:656:16: note: declared here
  656 | extern __pid_t getpgrp (void) __THROW;
      |                ^~~~~~~
configure:22216: $? = 1
configure: failed program was:
| /* confdefs.h */
| #define _NETBSD_SOURCE 1
| #define __BSD_VISIBLE 1
| #define _DARWIN_C_SOURCE 1
| #define _PYTHONFRAMEWORK ""
| #define _XOPEN_SOURCE 700
| #define _XOPEN_SOURCE_EXTENDED 1
| #define _POSIX_C_SOURCE 200809L
| #define HAVE_STDIO_H 1
| #define HAVE_STDLIB_H 1
| #define HAVE_STRING_H 1
| #define HAVE_INTTYPES_H 1
| #define HAVE_STDINT_H 1
| #define HAVE_STRINGS_H 1
| #define HAVE_SYS_STAT_H 1
| #define HAVE_SYS_TYPES_H 1
| #define HAVE_UNISTD_H 1
| #define HAVE_WCHAR_H 1
| #define STDC_HEADERS 1
| #define _ALL_SOURCE 1
| #define _DARWIN_C_SOURCE 1
| #define _GNU_SOURCE 1
| #define _HPUX_ALT_XOPEN_SOCKET_API 1
| #define _NETBSD_SOURCE 1
| #define _OPENBSD_SOURCE 1
| #define _POSIX_PTHREAD_SEMANTICS 1
| #define __STDC_WANT_IEC_60559_ATTRIBS_EXT__ 1
| #define __STDC_WANT_IEC_60559_BFP_EXT__ 1
| #define __STDC_WANT_IEC_60559_DFP_EXT__ 1
| #define __STDC_WANT_IEC_60559_FUNCS_EXT__ 1
| #define __STDC_WANT_IEC_60559_TYPES_EXT__ 1
| #define __STDC_WANT_LIB_EXT2__ 1
| #define __STDC_WANT_MATH_SPEC_FUNCS__ 1
| #define _TANDEM_SOURCE 1
| #define __EXTENSIONS__ 1
| #define PY_SUPPORT_TIER 1
| #define STDC_HEADERS 1
| #define HAVE_ALLOCA_H 1
| #define HAVE_ASM_TYPES_H 1
| #define HAVE_DLFCN_H 1
| #define HAVE_ENDIAN_H 1
| #define HAVE_ERRNO_H 1
| #define HAVE_FCNTL_H 1
| #define HAVE_GRP_H 1
| #define HAVE_LANGINFO_H 1
| #define HAVE_LIBINTL_H 1
| #define HAVE_LINUX_AUXVEC_H 1
| #define HAVE_SYS_AUXV_H 1
| #define HAVE_LINUX_FS_H 1
| #define HAVE_LINUX_LIMITS_H 1
| #define HAVE_LINUX_MEMFD_H 1
| #define HAVE_LINUX_RANDOM_H 1
| #define HAVE_LINUX_SOUNDCARD_H 1
| #define HAVE_LINUX_TIPC_H 1
| #define HAVE_LINUX_WAIT_H 1
| #define HAVE_NETDB_H 1
| #define HAVE_NET_ETHERNET_H 1
| #define HAVE_NETINET_IN_H 1
| #define HAVE_NETPACKET_PACKET_H 1
| #define HAVE_POLL_H 1
| #define HAVE_PTHREAD_H 1
| #define HAVE_PTY_H 1
| #define HAVE_SCHED_H 1
| #define HAVE_SETJMP_H 1
| #define HAVE_SHADOW_H 1
| #define HAVE_SIGNAL_H 1
| #define HAVE_SPAWN_H 1
| #define HAVE_SYS_EPOLL_H 1
| #define HAVE_SYS_EVENTFD_H 1
| #define HAVE_SYS_FILE_H 1
| #define HAVE_SYS_IOCTL_H 1
| #define HAVE_SYS_MMAN_H 1
| #define HAVE_SYS_PARAM_H 1
| #define HAVE_SYS_POLL_H 1
| #define HAVE_SYS_RANDOM_H 1
| #define HAVE_SYS_RESOURCE_H 1
| #define HAVE_SYS_SELECT_H 1
| #define HAVE_SYS_SENDFILE_H 1
| #define HAVE_SYS_SOCKET_H 1
| #define HAVE_SYS_SOUNDCARD_H 1
| #define HAVE_SYS_STAT_H 1
| #define HAVE_SYS_STATVFS_H 1
| #define HAVE_SYS_SYSCALL_H 1
| #define HAVE_SYS_SYSMACROS_H 1
| #define HAVE_SYS_TIME_H 1
| #define HAVE_SYS_TIMES_H 1
| #define HAVE_SYS_TIMERFD_H 1
| #define HAVE_SYS_TYPES_H 1
| #define HAVE_SYS_UIO_H 1
| #define HAVE_SYS_UN_H 1
| #define HAVE_SYS_UTSNAME_H 1
| #define HAVE_SYS_WAIT_H 1
| #define HAVE_SYS_XATTR_H 1
| #define HAVE_SYSEXITS_H 1
| #define HAVE_SYSLOG_H 1
| #define HAVE_TERMIOS_H 1
| #define HAVE_UTIME_H 1
| #define HAVE_UTMP_H 1
| #define HAVE_DIRENT_H 1
| #define MAJOR_IN_SYSMACROS 1
| #define HAVE_NET_IF_H 1
| #define HAVE_LINUX_NETLINK_H 1
| #define HAVE_LINUX_QRTR_H 1
| #define HAVE_LINUX_VM_SOCKETS_H 1
| #define HAVE_LINUX_CAN_H 1
| #define HAVE_LINUX_CAN_BCM_H 1
| #define HAVE_LINUX_CAN_J1939_H 1
| #define HAVE_LINUX_CAN_RAW_H 1
| #define HAVE_CLOCK_T 1
| #define HAVE_MAKEDEV 1
| #define HAVE_HTOLE64 1
| #define _LARGEFILE_SOURCE 1
| #define _FILE_OFFSET_BITS 64
| #if defined(SCO_DS)
| #undef _OFF_T
| #endif
| #define RETSIGTYPE void
| #define HAVE_SSIZE_T 1
| #define HAVE___UINT128_T 1
| #define HAVE_GCC_UINT128_T 1
| #define SIZEOF_INT 4
| #define SIZEOF_LONG 8
| #define ALIGNOF_LONG 8
| #define SIZEOF_LONG_LONG 8
| #define SIZEOF_VOID_P 8
| #define SIZEOF_SHORT 2
| #define SIZEOF_FLOAT 4
| #define SIZEOF_DOUBLE 8
| #define SIZEOF_FPOS_T 16
| #define SIZEOF_SIZE_T 8
| #define ALIGNOF_SIZE_T 8
| #define SIZEOF_PID_T 4
| #define SIZEOF_UINTPTR_T 8
| #define ALIGNOF_MAX_ALIGN_T 16
| #define HAVE_LONG_DOUBLE 1
| #define SIZEOF_LONG_DOUBLE 16
| #define SIZEOF__BOOL 1
| #define SIZEOF_OFF_T 8
| #define SIZEOF_TIME_T 8
| #define SIZEOF_PTHREAD_T 8
| #define SIZEOF_PTHREAD_KEY_T 4
| #define PTHREAD_KEY_T_IS_COMPATIBLE_WITH_INT 1
| #define PY_HAVE_PERF_TRAMPOLINE 1
| #define HAVE_LIBDL 1
| #define HAVE_FFI_PREP_CIF_VAR 1
| #define HAVE_FFI_PREP_CLOSURE_LOC 1
| #define HAVE_FFI_CLOSURE_ALLOC 1
| #define WITH_DECIMAL_CONTEXTVAR 1
| #define HAVE_LIBSQLITE3 1
| #define HAVE_LIBSQLITE3 1
| #define HAVE_LIBSQLITE3 1
| #define HAVE_LIBSQLITE3 1
| #define HAVE_LIBSQLITE3 1
| #define HAVE_LIBSQLITE3 1
| #define HAVE_LIBSQLITE3 1
| #define HAVE_LIBSQLITE3 1
| #define HAVE_LIBSQLITE3 1
| #define PY_SQLITE_HAVE_SERIALIZE 1
| #define HAVE_GDBM_H 1
| #define _REENTRANT 1
| #define PTHREAD_SYSTEM_SCHED_SUPPORTED 1
| #define HAVE_PTHREAD_SIGMASK 1
| #define HAVE_PTHREAD_GETCPUCLOCKID 1
| #define ENABLE_IPV6 1
| #define HAVE_LINUX_CAN_RAW_FD_FRAMES 1
| #define HAVE_LINUX_CAN_RAW_JOIN_FILTERS 1
| #define WITH_DOC_STRINGS 1
| #define HAVE_STD_ATOMIC 1
| #define HAVE_BUILTIN_ATOMIC 1
| #define WITH_MIMALLOC 1
| #define WITH_PYMALLOC 1
| #define WITH_FREELISTS 1
| #define PY_COERCE_C_LOCALE 1
| #define HAVE_DLOPEN 1
| #define HAVE_DYNAMIC_LOADING 1
| #define HAVE_ACCEPT4 1
| #define HAVE_ALARM 1
| #define HAVE_BIND_TEXTDOMAIN_CODESET 1
| #define HAVE_CHMOD 1
| #define HAVE_CHOWN 1
| #define HAVE_CLOCK 1
| #define HAVE_CLOSEFROM 1
| #define HAVE_CLOSE_RANGE 1
| #define HAVE_CONFSTR 1
| #define HAVE_COPY_FILE_RANGE 1
| #define HAVE_CTERMID 1
| #define HAVE_DUP 1
| #define HAVE_DUP3 1
| #define HAVE_EXECV 1
| #define HAVE_EXPLICIT_BZERO 1
| #define HAVE_FACCESSAT 1
| #define HAVE_FCHMOD 1
| #define HAVE_FCHMODAT 1
| #define HAVE_FCHOWN 1
| #define HAVE_FCHOWNAT 1
| #define HAVE_FDOPENDIR 1
| #define HAVE_FEXECVE 1
| #define HAVE_FORK 1
| #define HAVE_FPATHCONF 1
| #define HAVE_FSTATAT 1
| #define HAVE_FTIME 1
| #define HAVE_FTRUNCATE 1
| #define HAVE_FUTIMENS 1
| #define HAVE_FUTIMES 1
| #define HAVE_FUTIMESAT 1
| #define HAVE_GAI_STRERROR 1
| #define HAVE_GETEGID 1
| #define HAVE_GETEUID 1
| #define HAVE_GETGID 1
| #define HAVE_GETGRENT 1
| #define HAVE_GETGRGID 1
| #define HAVE_GETGRGID_R 1
| #define HAVE_GETGRNAM_R 1
| #define HAVE_GETGROUPLIST 1
| #define HAVE_GETHOSTNAME 1
| #define HAVE_GETITIMER 1
| #define HAVE_GETLOADAVG 1
| #define HAVE_GETLOGIN 1
| #define HAVE_GETPEERNAME 1
| #define HAVE_GETPGID 1
| #define HAVE_GETPID 1
| #define HAVE_GETPPID 1
| #define HAVE_GETPRIORITY 1
| #define HAVE_GETPWENT 1
| #define HAVE_GETPWNAM_R 1
| #define HAVE_GETPWUID 1
| #define HAVE_GETPWUID_R 1
| #define HAVE_GETRESGID 1
| #define HAVE_GETRESUID 1
| #define HAVE_GETRUSAGE 1
| #define HAVE_GETSID 1
| #define HAVE_GETSPENT 1
| #define HAVE_GETSPNAM 1
| #define HAVE_GETUID 1
| #define HAVE_GETWD 1
| #define HAVE_GRANTPT 1
| #define HAVE_IF_NAMEINDEX 1
| #define HAVE_INITGROUPS 1
| #define HAVE_KILL 1
| #define HAVE_KILLPG 1
| #define HAVE_LCHOWN 1
| #define HAVE_LINKAT 1
| #define HAVE_LOCKF 1
| #define HAVE_LSTAT 1
| #define HAVE_LUTIMES 1
| #define HAVE_MADVISE 1
| #define HAVE_MBRTOWC 1
| #define HAVE_MEMRCHR 1
| #define HAVE_MKDIRAT 1
| #define HAVE_MKFIFO 1
| #define HAVE_MKFIFOAT 1
| #define HAVE_MKNOD 1
| #define HAVE_MKNODAT 1
| #define HAVE_MKTIME 1
| #define HAVE_MMAP 1
| #define HAVE_MREMAP 1
| #define HAVE_NICE 1
| #define HAVE_OPENAT 1
| #define HAVE_OPENDIR 1
| #define HAVE_PATHCONF 1
| #define HAVE_PAUSE 1
| #define HAVE_PIPE 1
| #define HAVE_PIPE2 1
| #define HAVE_POLL 1
| #define HAVE_POSIX_FADVISE 1
| #define HAVE_POSIX_FALLOCATE 1
| #define HAVE_POSIX_OPENPT 1
| #define HAVE_POSIX_SPAWN 1
| #define HAVE_POSIX_SPAWNP 1
| #define HAVE_POSIX_SPAWN_FILE_ACTIONS_ADDCLOSEFROM_NP 1
| #define HAVE_PREAD 1
| #define HAVE_PREADV 1
| #define HAVE_PREADV2 1
| #define HAVE_PROCESS_VM_READV 1
| #define HAVE_PTHREAD_CONDATTR_SETCLOCK 1
| #define HAVE_PTHREAD_KILL 1
| #define HAVE_PTSNAME 1
| #define HAVE_PTSNAME_R 1
| #define HAVE_PWRITE 1
| #define HAVE_PWRITEV 1
| #define HAVE_PWRITEV2 1
| #define HAVE_READLINK 1
| #define HAVE_READLINKAT 1
| #define HAVE_READV 1
| #define HAVE_REALPATH 1
| #define HAVE_RENAMEAT 1
| #define HAVE_SCHED_GET_PRIORITY_MAX 1
| #define HAVE_SCHED_RR_GET_INTERVAL 1
| #define HAVE_SCHED_SETAFFINITY 1
| #define HAVE_SCHED_SETPARAM 1
| #define HAVE_SCHED_SETSCHEDULER 1
| #define HAVE_SEM_CLOCKWAIT 1
| #define HAVE_SEM_GETVALUE 1
| #define HAVE_SEM_OPEN 1
| #define HAVE_SEM_TIMEDWAIT 1
| #define HAVE_SEM_UNLINK 1
| #define HAVE_SENDFILE 1
| #define HAVE_SETEGID 1
| #define HAVE_SETEUID 1
| #define HAVE_SETGID 1
| #define HAVE_SETHOSTNAME 1
| #define HAVE_SETITIMER 1
| #define HAVE_SETLOCALE 1
| #define HAVE_SETPGID 1
| #define HAVE_SETPGRP 1
| #define HAVE_SETPRIORITY 1
| #define HAVE_SETREGID 1
| #define HAVE_SETRESGID 1
| #define HAVE_SETRESUID 1
| #define HAVE_SETREUID 1
| #define HAVE_SETSID 1
| #define HAVE_SETUID 1
| #define HAVE_SETVBUF 1
| #define HAVE_SHUTDOWN 1
| #define HAVE_SIGACTION 1
| #define HAVE_SIGALTSTACK 1
| #define HAVE_SIGFILLSET 1
| #define HAVE_SIGINTERRUPT 1
| #define HAVE_SIGPENDING 1
| #define HAVE_SIGRELSE 1
| #define HAVE_SIGTIMEDWAIT 1
| #define HAVE_SIGWAIT 1
| #define HAVE_SIGWAITINFO 1
| #define HAVE_SNPRINTF 1
| #define HAVE_SPLICE 1
| #define HAVE_STRFTIME 1
| #define HAVE_STRSIGNAL 1
| #define HAVE_SYMLINKAT 1
| #define HAVE_SYNC 1
| #define HAVE_SYSCONF 1
| #define HAVE_TCGETPGRP 1
| #define HAVE_TCSETPGRP 1
| #define HAVE_TEMPNAM 1
| #define HAVE_TIMEGM 1
| #define HAVE_TIMES 1
| #define HAVE_TMPFILE 1
| #define HAVE_TMPNAM 1
| #define HAVE_TMPNAM_R 1
| #define HAVE_TRUNCATE 1
| #define HAVE_TTYNAME_R 1
| #define HAVE_UMASK 1
| #define HAVE_UNAME 1
| #define HAVE_UNLINKAT 1
| #define HAVE_UNLOCKPT 1
| #define HAVE_UTIMENSAT 1
| #define HAVE_UTIMES 1
| #define HAVE_VFORK 1
| #define HAVE_WAIT 1
| #define HAVE_WAIT3 1
| #define HAVE_WAIT4 1
| #define HAVE_WAITID 1
| #define HAVE_WAITPID 1
| #define HAVE_WCSCOLL 1
| #define HAVE_WCSFTIME 1
| #define HAVE_WCSXFRM 1
| #define HAVE_WMEMCMP 1
| #define HAVE_WRITEV 1
| #define HAVE_GETENTROPY 1
| #define HAVE_GETGROUPS 1
| #define HAVE_SYSTEM 1
| #define HAVE_DIRFD 1
| #define HAVE_CHROOT 1
| #define HAVE_LINK 1
| #define HAVE_SYMLINK 1
| #define HAVE_FCHDIR 1
| #define HAVE_FSYNC 1
| #define HAVE_FDATASYNC 1
| #define HAVE_EPOLL 1
| #define HAVE_EPOLL_CREATE1 1
| #define HAVE_PRLIMIT 1
| #define HAVE_MEMFD_CREATE 1
| #define HAVE_EVENTFD 1
| #define HAVE_TIMERFD_CREATE 1
| #define HAVE_FLOCK 1
| #define HAVE_GETPAGESIZE 1
| #define HAVE_ZLIB_COPY 1
| #define HAVE_BZLIB_H 1
| #define HAVE_HSTRERROR 1
| #define HAVE_GETSERVBYNAME 1
| #define HAVE_GETSERVBYPORT 1
| #define HAVE_GETHOSTBYNAME 1
| #define HAVE_GETHOSTBYADDR 1
| #define HAVE_GETPROTOBYNAME 1
| #define HAVE_INET_ATON 1
| #define HAVE_INET_NTOA 1
| #define HAVE_INET_PTON 1
| #define HAVE_GETPEERNAME 1
| #define HAVE_GETSOCKNAME 1
| #define HAVE_ACCEPT 1
| #define HAVE_BIND 1
| #define HAVE_CONNECT 1
| #define HAVE_LISTEN 1
| #define HAVE_RECVFROM 1
| #define HAVE_SENDTO 1
| #define HAVE_SETSOCKOPT 1
| #define HAVE_SOCKET 1
| #define HAVE_SETGROUPS 1
| #define HAVE_OPENPTY 1
| #define HAVE_LOGIN_TTY 1
| #define HAVE_FORKPTY 1
| #define HAVE_FSEEKO 1
| #define HAVE_FSTATVFS 1
| #define HAVE_FTELLO 1
| #define HAVE_STATVFS 1
| #define HAVE_DUP2 1
| #define HAVE_GETPGRP 1
| /* end confdefs.h.  */
| #include <unistd.h>
| int
| main (void)
| {
| getpgrp(0);
|   ;
|   return 0;
| }
configure:22229: checking for setpgrp
configure:22229: result: yes
configure:22244: gcc -c   conftest.c >&5
conftest.c: In function 'main':
conftest.c:413:1: error: too many arguments to function 'setpgrp'
  413 | setpgrp(0,0);
      | ^~~~~~~
In file included from conftest.c:409:
/usr/include/unistd.h:682:12: note: declared here
  682 | extern int setpgrp (void) __THROW;
      |            ^~~~~~~
configure:22244: $? = 1
configure: failed program was:
| /* confdefs.h */
| #define _NETBSD_SOURCE 1
| #define __BSD_VISIBLE 1
| #define _DARWIN_C_SOURCE 1
| #define _PYTHONFRAMEWORK ""
| #define _XOPEN_SOURCE 700
| #define _XOPEN_SOURCE_EXTENDED 1
| #define _POSIX_C_SOURCE 200809L
| #define HAVE_STDIO_H 1
| #define HAVE_STDLIB_H 1
| #define HAVE_STRING_H 1
| #define HAVE_INTTYPES_H 1
| #define HAVE_STDINT_H 1
| #define HAVE_STRINGS_H 1
| #define HAVE_SYS_STAT_H 1
| #define HAVE_SYS_TYPES_H 1
| #define HAVE_UNISTD_H 1
| #define HAVE_WCHAR_H 1
| #define STDC_HEADERS 1
| #define _ALL_SOURCE 1
| #define _DARWIN_C_SOURCE 1
| #define _GNU_SOURCE 1
| #define _HPUX_ALT_XOPEN_SOCKET_API 1
| #define _NETBSD_SOURCE 1
| #define _OPENBSD_SOURCE 1
| #define _POSIX_PTHREAD_SEMANTICS 1
| #define __STDC_WANT_IEC_60559_ATTRIBS_EXT__ 1
| #define __STDC_WANT_IEC_60559_BFP_EXT__ 1
| #define __STDC_WANT_IEC_60559_DFP_EXT__ 1
| #define __STDC_WANT_IEC_60559_FUNCS_EXT__ 1
| #define __STDC_WANT_IEC_60559_TYPES_EXT__ 1
| #define __STDC_WANT_LIB_EXT2__ 1
| #define __STDC_WANT_MATH_SPEC_FUNCS__ 1
| #define _TANDEM_SOURCE 1
| #define __EXTENSIONS__ 1
| #define PY_SUPPORT_TIER 1
| #define STDC_HEADERS 1
| #define HAVE_ALLOCA_H 1
| #define HAVE_ASM_TYPES_H 1
| #define HAVE_DLFCN_H 1
| #define HAVE_ENDIAN_H 1
| #define HAVE_ERRNO_H 1
| #define HAVE_FCNTL_H 1
| #define HAVE_GRP_H 1
| #define HAVE_LANGINFO_H 1
| #define HAVE_LIBINTL_H 1
| #define HAVE_LINUX_AUXVEC_H 1
| #define HAVE_SYS_AUXV_H 1
| #define HAVE_LINUX_FS_H 1
| #define HAVE_LINUX_LIMITS_H 1
| #define HAVE_LINUX_MEMFD_H 1
| #define HAVE_LINUX_RANDOM_H 1
| #define HAVE_LINUX_SOUNDCARD_H 1
| #define HAVE_LINUX_TIPC_H 1
| #define HAVE_LINUX_WAIT_H 1
| #define HAVE_NETDB_H 1
| #define HAVE_NET_ETHERNET_H 1
| #define HAVE_NETINET_IN_H 1
| #define HAVE_NETPACKET_PACKET_H 1
| #define HAVE_POLL_H 1
| #define HAVE_PTHREAD_H 1
| #define HAVE_PTY_H 1
| #define HAVE_SCHED_H 1
| #define HAVE_SETJMP_H 1
| #define HAVE_SHADOW_H 1
| #define HAVE_SIGNAL_H 1
| #define HAVE_SPAWN_H 1
| #define HAVE_SYS_EPOLL_H 1
| #define HAVE_SYS_EVENTFD_H 1
| #define HAVE_SYS_FILE_H 1
| #define HAVE_SYS_IOCTL_H 1
| #define HAVE_SYS_MMAN_H 1
| #define HAVE_SYS_PARAM_H 1
| #define HAVE_SYS_POLL_H 1
| #define HAVE_SYS_RANDOM_H 1
| #define HAVE_SYS_RESOURCE_H 1
| #define HAVE_SYS_SELECT_H 1
| #define HAVE_SYS_SENDFILE_H 1
| #define HAVE_SYS_SOCKET_H 1
| #define HAVE_SYS_SOUNDCARD_H 1
| #define HAVE_SYS_STAT_H 1
| #define HAVE_SYS_STATVFS_H 1
| #define HAVE_SYS_SYSCALL_H 1
| #define HAVE_SYS_SYSMACROS_H 1
| #define HAVE_SYS_TIME_H 1
| #define HAVE_SYS_TIMES_H 1
| #define HAVE_SYS_TIMERFD_H 1
| #define HAVE_SYS_TYPES_H 1
| #define HAVE_SYS_UIO_H 1
| #define HAVE_SYS_UN_H 1
| #define HAVE_SYS_UTSNAME_H 1
| #define HAVE_SYS_WAIT_H 1
| #define HAVE_SYS_XATTR_H 1
| #define HAVE_SYSEXITS_H 1
| #define HAVE_SYSLOG_H 1
| #define HAVE_TERMIOS_H 1
| #define HAVE_UTIME_H 1
| #define HAVE_UTMP_H 1
| #define HAVE_DIRENT_H 1
| #define MAJOR_IN_SYSMACROS 1
| #define HAVE_NET_IF_H 1
| #define HAVE_LINUX_NETLINK_H 1
| #define HAVE_LINUX_QRTR_H 1
| #define HAVE_LINUX_VM_SOCKETS_H 1
| #define HAVE_LINUX_CAN_H 1
| #define HAVE_LINUX_CAN_BCM_H 1
| #define HAVE_LINUX_CAN_J1939_H 1
| #define HAVE_LINUX_CAN_RAW_H 1
| #define HAVE_CLOCK_T 1
| #define HAVE_MAKEDEV 1
| #define HAVE_HTOLE64 1
| #define _LARGEFILE_SOURCE 1
| #define _FILE_OFFSET_BITS 64
| #if defined(SCO_DS)
| #undef _OFF_T
| #endif
| #define RETSIGTYPE void
| #define HAVE_SSIZE_T 1
| #define HAVE___UINT128_T 1
| #define HAVE_GCC_UINT128_T 1
| #define SIZEOF_INT 4
| #define SIZEOF_LONG 8
| #define ALIGNOF_LONG 8
| #define SIZEOF_LONG_LONG 8
| #define SIZEOF_VOID_P 8
| #define SIZEOF_SHORT 2
| #define SIZEOF_FLOAT 4
| #define SIZEOF_DOUBLE 8
| #define SIZEOF_FPOS_T 16
| #define SIZEOF_SIZE_T 8
| #define ALIGNOF_SIZE_T 8
| #define SIZEOF_PID_T 4
| #define SIZEOF_UINTPTR_T 8
| #define ALIGNOF_MAX_ALIGN_T 16
| #define HAVE_LONG_DOUBLE 1
| #define SIZEOF_LONG_DOUBLE 16
| #define SIZEOF__BOOL 1
| #define SIZEOF_OFF_T 8
| #define SIZEOF_TIME_T 8
| #define SIZEOF_PTHREAD_T 8
| #define SIZEOF_PTHREAD_KEY_T 4
| #define PTHREAD_KEY_T_IS_COMPATIBLE_WITH_INT 1
| #define PY_HAVE_PERF_TRAMPOLINE 1
| #define HAVE_LIBDL 1
| #define HAVE_FFI_PREP_CIF_VAR 1
| #define HAVE_FFI_PREP_CLOSURE_LOC 1
| #define HAVE_FFI_CLOSURE_ALLOC 1
| #define WITH_DECIMAL_CONTEXTVAR 1
| #define HAVE_LIBSQLITE3 1
| #define HAVE_LIBSQLITE3 1
| #define HAVE_LIBSQLITE3 1
| #define HAVE_LIBSQLITE3 1
| #define HAVE_LIBSQLITE3 1
| #define HAVE_LIBSQLITE3 1
| #define HAVE_LIBSQLITE3 1
| #define HAVE_LIBSQLITE3 1
| #define HAVE_LIBSQLITE3 1
| #define PY_SQLITE_HAVE_SERIALIZE 1
| #define HAVE_GDBM_H 1
| #define _REENTRANT 1
| #define PTHREAD_SYSTEM_SCHED_SUPPORTED 1
| #define HAVE_PTHREAD_SIGMASK 1
| #define HAVE_PTHREAD_GETCPUCLOCKID 1
| #define ENABLE_IPV6 1
| #define HAVE_LINUX_CAN_RAW_FD_FRAMES 1
| #define HAVE_LINUX_CAN_RAW_JOIN_FILTERS 1
| #define WITH_DOC_STRINGS 1
| #define HAVE_STD_ATOMIC 1
| #define HAVE_BUILTIN_ATOMIC 1
| #define WITH_MIMALLOC 1
| #define WITH_PYMALLOC 1
| #define WITH_FREELISTS 1
| #define PY_COERCE_C_LOCALE 1
| #define HAVE_DLOPEN 1
| #define HAVE_DYNAMIC_LOADING 1
| #define HAVE_ACCEPT4 1
| #define HAVE_ALARM 1
| #define HAVE_BIND_TEXTDOMAIN_CODESET 1
| #define HAVE_CHMOD 1
| #define HAVE_CHOWN 1
| #define HAVE_CLOCK 1
| #define HAVE_CLOSEFROM 1
| #define HAVE_CLOSE_RANGE 1
| #define HAVE_CONFSTR 1
| #define HAVE_COPY_FILE_RANGE 1
| #define HAVE_CTERMID 1
| #define HAVE_DUP 1
| #define HAVE_DUP3 1
| #define HAVE_EXECV 1
| #define HAVE_EXPLICIT_BZERO 1
| #define HAVE_FACCESSAT 1
| #define HAVE_FCHMOD 1
| #define HAVE_FCHMODAT 1
| #define HAVE_FCHOWN 1
| #define HAVE_FCHOWNAT 1
| #define HAVE_FDOPENDIR 1
| #define HAVE_FEXECVE 1
| #define HAVE_FORK 1
| #define HAVE_FPATHCONF 1
| #define HAVE_FSTATAT 1
| #define HAVE_FTIME 1
| #define HAVE_FTRUNCATE 1
| #define HAVE_FUTIMENS 1
| #define HAVE_FUTIMES 1
| #define HAVE_FUTIMESAT 1
| #define HAVE_GAI_STRERROR 1
| #define HAVE_GETEGID 1
| #define HAVE_GETEUID 1
| #define HAVE_GETGID 1
| #define HAVE_GETGRENT 1
| #define HAVE_GETGRGID 1
| #define HAVE_GETGRGID_R 1
| #define HAVE_GETGRNAM_R 1
| #define HAVE_GETGROUPLIST 1
| #define HAVE_GETHOSTNAME 1
| #define HAVE_GETITIMER 1
| #define HAVE_GETLOADAVG 1
| #define HAVE_GETLOGIN 1
| #define HAVE_GETPEERNAME 1
| #define HAVE_GETPGID 1
| #define HAVE_GETPID 1
| #define HAVE_GETPPID 1
| #define HAVE_GETPRIORITY 1
| #define HAVE_GETPWENT 1
| #define HAVE_GETPWNAM_R 1
| #define HAVE_GETPWUID 1
| #define HAVE_GETPWUID_R 1
| #define HAVE_GETRESGID 1
| #define HAVE_GETRESUID 1
| #define HAVE_GETRUSAGE 1
| #define HAVE_GETSID 1
| #define HAVE_GETSPENT 1
| #define HAVE_GETSPNAM 1
| #define HAVE_GETUID 1
| #define HAVE_GETWD 1
| #define HAVE_GRANTPT 1
| #define HAVE_IF_NAMEINDEX 1
| #define HAVE_INITGROUPS 1
| #define HAVE_KILL 1
| #define HAVE_KILLPG 1
| #define HAVE_LCHOWN 1
| #define HAVE_LINKAT 1
| #define HAVE_LOCKF 1
| #define HAVE_LSTAT 1
| #define HAVE_LUTIMES 1
| #define HAVE_MADVISE 1
| #define HAVE_MBRTOWC 1
| #define HAVE_MEMRCHR 1
| #define HAVE_MKDIRAT 1
| #define HAVE_MKFIFO 1
| #define HAVE_MKFIFOAT 1
| #define HAVE_MKNOD 1
| #define HAVE_MKNODAT 1
| #define HAVE_MKTIME 1
| #define HAVE_MMAP 1
| #define HAVE_MREMAP 1
| #define HAVE_NICE 1
| #define HAVE_OPENAT 1
| #define HAVE_OPENDIR 1
| #define HAVE_PATHCONF 1
| #define HAVE_PAUSE 1
| #define HAVE_PIPE 1
| #define HAVE_PIPE2 1
| #define HAVE_POLL 1
| #define HAVE_POSIX_FADVISE 1
| #define HAVE_POSIX_FALLOCATE 1
| #define HAVE_POSIX_OPENPT 1
| #define HAVE_POSIX_SPAWN 1
| #define HAVE_POSIX_SPAWNP 1
| #define HAVE_POSIX_SPAWN_FILE_ACTIONS_ADDCLOSEFROM_NP 1
| #define HAVE_PREAD 1
| #define HAVE_PREADV 1
| #define HAVE_PREADV2 1
| #define HAVE_PROCESS_VM_READV 1
| #define HAVE_PTHREAD_CONDATTR_SETCLOCK 1
| #define HAVE_PTHREAD_KILL 1
| #define HAVE_PTSNAME 1
| #define HAVE_PTSNAME_R 1
| #define HAVE_PWRITE 1
| #define HAVE_PWRITEV 1
| #define HAVE_PWRITEV2 1
| #define HAVE_READLINK 1
| #define HAVE_READLINKAT 1
| #define HAVE_READV 1
| #define HAVE_REALPATH 1
| #define HAVE_RENAMEAT 1
| #define HAVE_SCHED_GET_PRIORITY_MAX 1
| #define HAVE_SCHED_RR_GET_INTERVAL 1
| #define HAVE_SCHED_SETAFFINITY 1
| #define HAVE_SCHED_SETPARAM 1
| #define HAVE_SCHED_SETSCHEDULER 1
| #define HAVE_SEM_CLOCKWAIT 1
| #define HAVE_SEM_GETVALUE 1
| #define HAVE_SEM_OPEN 1
| #define HAVE_SEM_TIMEDWAIT 1
| #define HAVE_SEM_UNLINK 1
| #define HAVE_SENDFILE 1
| #define HAVE_SETEGID 1
| #define HAVE_SETEUID 1
| #define HAVE_SETGID 1
| #define HAVE_SETHOSTNAME 1
| #define HAVE_SETITIMER 1
| #define HAVE_SETLOCALE 1
| #define HAVE_SETPGID 1
| #define HAVE_SETPGRP 1
| #define HAVE_SETPRIORITY 1
| #define HAVE_SETREGID 1
| #define HAVE_SETRESGID 1
| #define HAVE_SETRESUID 1
| #define HAVE_SETREUID 1
| #define HAVE_SETSID 1
| #define HAVE_SETUID 1
| #define HAVE_SETVBUF 1
| #define HAVE_SHUTDOWN 1
| #define HAVE_SIGACTION 1
| #define HAVE_SIGALTSTACK 1
| #define HAVE_SIGFILLSET 1
| #define HAVE_SIGINTERRUPT 1
| #define HAVE_SIGPENDING 1
| #define HAVE_SIGRELSE 1
| #define HAVE_SIGTIMEDWAIT 1
| #define HAVE_SIGWAIT 1
| #define HAVE_SIGWAITINFO 1
| #define HAVE_SNPRINTF 1
| #define HAVE_SPLICE 1
| #define HAVE_STRFTIME 1
| #define HAVE_STRSIGNAL 1
| #define HAVE_SYMLINKAT 1
| #define HAVE_SYNC 1
| #define HAVE_SYSCONF 1
| #define HAVE_TCGETPGRP 1
| #define HAVE_TCSETPGRP 1
| #define HAVE_TEMPNAM 1
| #define HAVE_TIMEGM 1
| #define HAVE_TIMES 1
| #define HAVE_TMPFILE 1
| #define HAVE_TMPNAM 1
| #define HAVE_TMPNAM_R 1
| #define HAVE_TRUNCATE 1
| #define HAVE_TTYNAME_R 1
| #define HAVE_UMASK 1
| #define HAVE_UNAME 1
| #define HAVE_UNLINKAT 1
| #define HAVE_UNLOCKPT 1
| #define HAVE_UTIMENSAT 1
| #define HAVE_UTIMES 1
| #define HAVE_VFORK 1
| #define HAVE_WAIT 1
| #define HAVE_WAIT3 1
| #define HAVE_WAIT4 1
| #define HAVE_WAITID 1
| #define HAVE_WAITPID 1
| #define HAVE_WCSCOLL 1
| #define HAVE_WCSFTIME 1
| #define HAVE_WCSXFRM 1
| #define HAVE_WMEMCMP 1
| #define HAVE_WRITEV 1
| #define HAVE_GETENTROPY 1
| #define HAVE_GETGROUPS 1
| #define HAVE_SYSTEM 1
| #define HAVE_DIRFD 1
| #define HAVE_CHROOT 1
| #define HAVE_LINK 1
| #define HAVE_SYMLINK 1
| #define HAVE_FCHDIR 1
| #define HAVE_FSYNC 1
| #define HAVE_FDATASYNC 1
| #define HAVE_EPOLL 1
| #define HAVE_EPOLL_CREATE1 1
| #define HAVE_PRLIMIT 1
| #define HAVE_MEMFD_CREATE 1
| #define HAVE_EVENTFD 1
| #define HAVE_TIMERFD_CREATE 1
| #define HAVE_FLOCK 1
| #define HAVE_GETPAGESIZE 1
| #define HAVE_ZLIB_COPY 1
| #define HAVE_BZLIB_H 1
| #define HAVE_HSTRERROR 1
| #define HAVE_GETSERVBYNAME 1
| #define HAVE_GETSERVBYPORT 1
| #define HAVE_GETHOSTBYNAME 1
| #define HAVE_GETHOSTBYADDR 1
| #define HAVE_GETPROTOBYNAME 1
| #define HAVE_INET_ATON 1
| #define HAVE_INET_NTOA 1
| #define HAVE_INET_PTON 1
| #define HAVE_GETPEERNAME 1
| #define HAVE_GETSOCKNAME 1
| #define HAVE_ACCEPT 1
| #define HAVE_BIND 1
| #define HAVE_CONNECT 1
| #define HAVE_LISTEN 1
| #define HAVE_RECVFROM 1
| #define HAVE_SENDTO 1
| #define HAVE_SETSOCKOPT 1
| #define HAVE_SOCKET 1
| #define HAVE_SETGROUPS 1
| #define HAVE_OPENPTY 1
| #define HAVE_LOGIN_TTY 1
| #define HAVE_FORKPTY 1
| #define HAVE_FSEEKO 1
| #define HAVE_FSTATVFS 1
| #define HAVE_FTELLO 1
| #define HAVE_STATVFS 1
| #define HAVE_DUP2 1
| #define HAVE_GETPGRP 1
| #define HAVE_SETPGRP 1
| /* end confdefs.h.  */
| #include <unistd.h>
| int
| main (void)
| {
| setpgrp(0,0);
|   ;
|   return 0;
| }
configure:22256: checking for setns
configure:22256: gcc -o conftest    conftest.c -ldl  >&5
configure:22256: $? = 0
configure:22256: result: yes
configure:22262: checking for unshare
configure:22262: gcc -o conftest    conftest.c -ldl  >&5
configure:22262: $? = 0
configure:22262: result: yes
configure:22273: checking for clock_gettime
configure:22273: gcc -o conftest    conftest.c -ldl  >&5
configure:22273: $? = 0
configure:22273: result: yes
configure:22335: checking for clock_getres
configure:22335: gcc -o conftest    conftest.c -ldl  >&5
configure:22335: $? = 0
configure:22335: result: yes
configure:22398: checking for clock_settime
configure:22398: gcc -o conftest    conftest.c -ldl  >&5
configure:22398: $? = 0
configure:22398: result: yes
configure:22461: checking for clock_nanosleep
configure:22461: gcc -o conftest    conftest.c -ldl  >&5
configure:22461: $? = 0
configure:22461: result: yes
configure:22520: checking for nanosleep
configure:22520: gcc -o conftest    conftest.c -ldl  >&5
configure:22520: $? = 0
configure:22520: result: yes
configure:22575: checking for major, minor, and makedev
configure:22604: gcc -o conftest    conftest.c -ldl  >&5
configure:22604: $? = 0
configure:22614: result: yes
configure:22631: checking for getaddrinfo
configure:22654: gcc -o conftest    conftest.c -ldl  >&5
configure:22654: $? = 0
configure:22664: result: yes
configure:22670: checking getaddrinfo bug
configure:22780: gcc -o conftest    conftest.c -ldl  >&5
configure:22780: $? = 0
configure:22780: ./conftest
configure:22780: $? = 0
configure:22791: result: no
configure:22811: checking for getnameinfo
configure:22811: gcc -o conftest    conftest.c -ldl  >&5
configure:22811: $? = 0
configure:22811: result: yes
configure:22820: checking whether struct tm is in sys/time.h or time.h
configure:22841: gcc -c   conftest.c >&5
configure:22841: $? = 0
configure:22849: result: time.h
configure:22857: checking for struct tm.tm_zone
configure:22857: gcc -c   conftest.c >&5
configure:22857: $? = 0
configure:22857: result: yes
configure:22923: checking for struct stat.st_rdev
configure:22923: gcc -c   conftest.c >&5
configure:22923: $? = 0
configure:22923: result: yes
configure:22932: checking for struct stat.st_blksize
configure:22932: gcc -c   conftest.c >&5
configure:22932: $? = 0
configure:22932: result: yes
configure:22941: checking for struct stat.st_flags
configure:22941: gcc -c   conftest.c >&5
conftest.c: In function 'main':
conftest.c:456:12: error: 'struct stat' has no member named 'st_flags'
  456 | if (ac_aggr.st_flags)
      |            ^
configure:22941: $? = 1
configure: failed program was:
| /* confdefs.h */
| #define _NETBSD_SOURCE 1
| #define __BSD_VISIBLE 1
| #define _DARWIN_C_SOURCE 1
| #define _PYTHONFRAMEWORK ""
| #define _XOPEN_SOURCE 700
| #define _XOPEN_SOURCE_EXTENDED 1
| #define _POSIX_C_SOURCE 200809L
| #define HAVE_STDIO_H 1
| #define HAVE_STDLIB_H 1
| #define HAVE_STRING_H 1
| #define HAVE_INTTYPES_H 1
| #define HAVE_STDINT_H 1
| #define HAVE_STRINGS_H 1
| #define HAVE_SYS_STAT_H 1
| #define HAVE_SYS_TYPES_H 1
| #define HAVE_UNISTD_H 1
| #define HAVE_WCHAR_H 1
| #define STDC_HEADERS 1
| #define _ALL_SOURCE 1
| #define _DARWIN_C_SOURCE 1
| #define _GNU_SOURCE 1
| #define _HPUX_ALT_XOPEN_SOCKET_API 1
| #define _NETBSD_SOURCE 1
| #define _OPENBSD_SOURCE 1
| #define _POSIX_PTHREAD_SEMANTICS 1
| #define __STDC_WANT_IEC_60559_ATTRIBS_EXT__ 1
| #define __STDC_WANT_IEC_60559_BFP_EXT__ 1
| #define __STDC_WANT_IEC_60559_DFP_EXT__ 1
| #define __STDC_WANT_IEC_60559_FUNCS_EXT__ 1
| #define __STDC_WANT_IEC_60559_TYPES_EXT__ 1
| #define __STDC_WANT_LIB_EXT2__ 1
| #define __STDC_WANT_MATH_SPEC_FUNCS__ 1
| #define _TANDEM_SOURCE 1
| #define __EXTENSIONS__ 1
| #define PY_SUPPORT_TIER 1
| #define STDC_HEADERS 1
| #define HAVE_ALLOCA_H 1
| #define HAVE_ASM_TYPES_H 1
| #define HAVE_DLFCN_H 1
| #define HAVE_ENDIAN_H 1
| #define HAVE_ERRNO_H 1
| #define HAVE_FCNTL_H 1
| #define HAVE_GRP_H 1
| #define HAVE_LANGINFO_H 1
| #define HAVE_LIBINTL_H 1
| #define HAVE_LINUX_AUXVEC_H 1
| #define HAVE_SYS_AUXV_H 1
| #define HAVE_LINUX_FS_H 1
| #define HAVE_LINUX_LIMITS_H 1
| #define HAVE_LINUX_MEMFD_H 1
| #define HAVE_LINUX_RANDOM_H 1
| #define HAVE_LINUX_SOUNDCARD_H 1
| #define HAVE_LINUX_TIPC_H 1
| #define HAVE_LINUX_WAIT_H 1
| #define HAVE_NETDB_H 1
| #define HAVE_NET_ETHERNET_H 1
| #define HAVE_NETINET_IN_H 1
| #define HAVE_NETPACKET_PACKET_H 1
| #define HAVE_POLL_H 1
| #define HAVE_PTHREAD_H 1
| #define HAVE_PTY_H 1
| #define HAVE_SCHED_H 1
| #define HAVE_SETJMP_H 1
| #define HAVE_SHADOW_H 1
| #define HAVE_SIGNAL_H 1
| #define HAVE_SPAWN_H 1
| #define HAVE_SYS_EPOLL_H 1
| #define HAVE_SYS_EVENTFD_H 1
| #define HAVE_SYS_FILE_H 1
| #define HAVE_SYS_IOCTL_H 1
| #define HAVE_SYS_MMAN_H 1
| #define HAVE_SYS_PARAM_H 1
| #define HAVE_SYS_POLL_H 1
| #define HAVE_SYS_RANDOM_H 1
| #define HAVE_SYS_RESOURCE_H 1
| #define HAVE_SYS_SELECT_H 1
| #define HAVE_SYS_SENDFILE_H 1
| #define HAVE_SYS_SOCKET_H 1
| #define HAVE_SYS_SOUNDCARD_H 1
| #define HAVE_SYS_STAT_H 1
| #define HAVE_SYS_STATVFS_H 1
| #define HAVE_SYS_SYSCALL_H 1
| #define HAVE_SYS_SYSMACROS_H 1
| #define HAVE_SYS_TIME_H 1
| #define HAVE_SYS_TIMES_H 1
| #define HAVE_SYS_TIMERFD_H 1
| #define HAVE_SYS_TYPES_H 1
| #define HAVE_SYS_UIO_H 1
| #define HAVE_SYS_UN_H 1
| #define HAVE_SYS_UTSNAME_H 1
| #define HAVE_SYS_WAIT_H 1
| #define HAVE_SYS_XATTR_H 1
| #define HAVE_SYSEXITS_H 1
| #define HAVE_SYSLOG_H 1
| #define HAVE_TERMIOS_H 1
| #define HAVE_UTIME_H 1
| #define HAVE_UTMP_H 1
| #define HAVE_DIRENT_H 1
| #define MAJOR_IN_SYSMACROS 1
| #define HAVE_NET_IF_H 1
| #define HAVE_LINUX_NETLINK_H 1
| #define HAVE_LINUX_QRTR_H 1
| #define HAVE_LINUX_VM_SOCKETS_H 1
| #define HAVE_LINUX_CAN_H 1
| #define HAVE_LINUX_CAN_BCM_H 1
| #define HAVE_LINUX_CAN_J1939_H 1
| #define HAVE_LINUX_CAN_RAW_H 1
| #define HAVE_CLOCK_T 1
| #define HAVE_MAKEDEV 1
| #define HAVE_HTOLE64 1
| #define _LARGEFILE_SOURCE 1
| #define _FILE_OFFSET_BITS 64
| #if defined(SCO_DS)
| #undef _OFF_T
| #endif
| #define RETSIGTYPE void
| #define HAVE_SSIZE_T 1
| #define HAVE___UINT128_T 1
| #define HAVE_GCC_UINT128_T 1
| #define SIZEOF_INT 4
| #define SIZEOF_LONG 8
| #define ALIGNOF_LONG 8
| #define SIZEOF_LONG_LONG 8
| #define SIZEOF_VOID_P 8
| #define SIZEOF_SHORT 2
| #define SIZEOF_FLOAT 4
| #define SIZEOF_DOUBLE 8
| #define SIZEOF_FPOS_T 16
| #define SIZEOF_SIZE_T 8
| #define ALIGNOF_SIZE_T 8
| #define SIZEOF_PID_T 4
| #define SIZEOF_UINTPTR_T 8
| #define ALIGNOF_MAX_ALIGN_T 16
| #define HAVE_LONG_DOUBLE 1
| #define SIZEOF_LONG_DOUBLE 16
| #define SIZEOF__BOOL 1
| #define SIZEOF_OFF_T 8
| #define SIZEOF_TIME_T 8
| #define SIZEOF_PTHREAD_T 8
| #define SIZEOF_PTHREAD_KEY_T 4
| #define PTHREAD_KEY_T_IS_COMPATIBLE_WITH_INT 1
| #define PY_HAVE_PERF_TRAMPOLINE 1
| #define HAVE_LIBDL 1
| #define HAVE_FFI_PREP_CIF_VAR 1
| #define HAVE_FFI_PREP_CLOSURE_LOC 1
| #define HAVE_FFI_CLOSURE_ALLOC 1
| #define WITH_DECIMAL_CONTEXTVAR 1
| #define HAVE_LIBSQLITE3 1
| #define HAVE_LIBSQLITE3 1
| #define HAVE_LIBSQLITE3 1
| #define HAVE_LIBSQLITE3 1
| #define HAVE_LIBSQLITE3 1
| #define HAVE_LIBSQLITE3 1
| #define HAVE_LIBSQLITE3 1
| #define HAVE_LIBSQLITE3 1
| #define HAVE_LIBSQLITE3 1
| #define PY_SQLITE_HAVE_SERIALIZE 1
| #define HAVE_GDBM_H 1
| #define _REENTRANT 1
| #define PTHREAD_SYSTEM_SCHED_SUPPORTED 1
| #define HAVE_PTHREAD_SIGMASK 1
| #define HAVE_PTHREAD_GETCPUCLOCKID 1
| #define ENABLE_IPV6 1
| #define HAVE_LINUX_CAN_RAW_FD_FRAMES 1
| #define HAVE_LINUX_CAN_RAW_JOIN_FILTERS 1
| #define WITH_DOC_STRINGS 1
| #define HAVE_STD_ATOMIC 1
| #define HAVE_BUILTIN_ATOMIC 1
| #define WITH_MIMALLOC 1
| #define WITH_PYMALLOC 1
| #define WITH_FREELISTS 1
| #define PY_COERCE_C_LOCALE 1
| #define HAVE_DLOPEN 1
| #define HAVE_DYNAMIC_LOADING 1
| #define HAVE_ACCEPT4 1
| #define HAVE_ALARM 1
| #define HAVE_BIND_TEXTDOMAIN_CODESET 1
| #define HAVE_CHMOD 1
| #define HAVE_CHOWN 1
| #define HAVE_CLOCK 1
| #define HAVE_CLOSEFROM 1
| #define HAVE_CLOSE_RANGE 1
| #define HAVE_CONFSTR 1
| #define HAVE_COPY_FILE_RANGE 1
| #define HAVE_CTERMID 1
| #define HAVE_DUP 1
| #define HAVE_DUP3 1
| #define HAVE_EXECV 1
| #define HAVE_EXPLICIT_BZERO 1
| #define HAVE_FACCESSAT 1
| #define HAVE_FCHMOD 1
| #define HAVE_FCHMODAT 1
| #define HAVE_FCHOWN 1
| #define HAVE_FCHOWNAT 1
| #define HAVE_FDOPENDIR 1
| #define HAVE_FEXECVE 1
| #define HAVE_FORK 1
| #define HAVE_FPATHCONF 1
| #define HAVE_FSTATAT 1
| #define HAVE_FTIME 1
| #define HAVE_FTRUNCATE 1
| #define HAVE_FUTIMENS 1
| #define HAVE_FUTIMES 1
| #define HAVE_FUTIMESAT 1
| #define HAVE_GAI_STRERROR 1
| #define HAVE_GETEGID 1
| #define HAVE_GETEUID 1
| #define HAVE_GETGID 1
| #define HAVE_GETGRENT 1
| #define HAVE_GETGRGID 1
| #define HAVE_GETGRGID_R 1
| #define HAVE_GETGRNAM_R 1
| #define HAVE_GETGROUPLIST 1
| #define HAVE_GETHOSTNAME 1
| #define HAVE_GETITIMER 1
| #define HAVE_GETLOADAVG 1
| #define HAVE_GETLOGIN 1
| #define HAVE_GETPEERNAME 1
| #define HAVE_GETPGID 1
| #define HAVE_GETPID 1
| #define HAVE_GETPPID 1
| #define HAVE_GETPRIORITY 1
| #define HAVE_GETPWENT 1
| #define HAVE_GETPWNAM_R 1
| #define HAVE_GETPWUID 1
| #define HAVE_GETPWUID_R 1
| #define HAVE_GETRESGID 1
| #define HAVE_GETRESUID 1
| #define HAVE_GETRUSAGE 1
| #define HAVE_GETSID 1
| #define HAVE_GETSPENT 1
| #define HAVE_GETSPNAM 1
| #define HAVE_GETUID 1
| #define HAVE_GETWD 1
| #define HAVE_GRANTPT 1
| #define HAVE_IF_NAMEINDEX 1
| #define HAVE_INITGROUPS 1
| #define HAVE_KILL 1
| #define HAVE_KILLPG 1
| #define HAVE_LCHOWN 1
| #define HAVE_LINKAT 1
| #define HAVE_LOCKF 1
| #define HAVE_LSTAT 1
| #define HAVE_LUTIMES 1
| #define HAVE_MADVISE 1
| #define HAVE_MBRTOWC 1
| #define HAVE_MEMRCHR 1
| #define HAVE_MKDIRAT 1
| #define HAVE_MKFIFO 1
| #define HAVE_MKFIFOAT 1
| #define HAVE_MKNOD 1
| #define HAVE_MKNODAT 1
| #define HAVE_MKTIME 1
| #define HAVE_MMAP 1
| #define HAVE_MREMAP 1
| #define HAVE_NICE 1
| #define HAVE_OPENAT 1
| #define HAVE_OPENDIR 1
| #define HAVE_PATHCONF 1
| #define HAVE_PAUSE 1
| #define HAVE_PIPE 1
| #define HAVE_PIPE2 1
| #define HAVE_POLL 1
| #define HAVE_POSIX_FADVISE 1
| #define HAVE_POSIX_FALLOCATE 1
| #define HAVE_POSIX_OPENPT 1
| #define HAVE_POSIX_SPAWN 1
| #define HAVE_POSIX_SPAWNP 1
| #define HAVE_POSIX_SPAWN_FILE_ACTIONS_ADDCLOSEFROM_NP 1
| #define HAVE_PREAD 1
| #define HAVE_PREADV 1
| #define HAVE_PREADV2 1
| #define HAVE_PROCESS_VM_READV 1
| #define HAVE_PTHREAD_CONDATTR_SETCLOCK 1
| #define HAVE_PTHREAD_KILL 1
| #define HAVE_PTSNAME 1
| #define HAVE_PTSNAME_R 1
| #define HAVE_PWRITE 1
| #define HAVE_PWRITEV 1
| #define HAVE_PWRITEV2 1
| #define HAVE_READLINK 1
| #define HAVE_READLINKAT 1
| #define HAVE_READV 1
| #define HAVE_REALPATH 1
| #define HAVE_RENAMEAT 1
| #define HAVE_SCHED_GET_PRIORITY_MAX 1
| #define HAVE_SCHED_RR_GET_INTERVAL 1
| #define HAVE_SCHED_SETAFFINITY 1
| #define HAVE_SCHED_SETPARAM 1
| #define HAVE_SCHED_SETSCHEDULER 1
| #define HAVE_SEM_CLOCKWAIT 1
| #define HAVE_SEM_GETVALUE 1
| #define HAVE_SEM_OPEN 1
| #define HAVE_SEM_TIMEDWAIT 1
| #define HAVE_SEM_UNLINK 1
| #define HAVE_SENDFILE 1
| #define HAVE_SETEGID 1
| #define HAVE_SETEUID 1
| #define HAVE_SETGID 1
| #define HAVE_SETHOSTNAME 1
| #define HAVE_SETITIMER 1
| #define HAVE_SETLOCALE 1
| #define HAVE_SETPGID 1
| #define HAVE_SETPGRP 1
| #define HAVE_SETPRIORITY 1
| #define HAVE_SETREGID 1
| #define HAVE_SETRESGID 1
| #define HAVE_SETRESUID 1
| #define HAVE_SETREUID 1
| #define HAVE_SETSID 1
| #define HAVE_SETUID 1
| #define HAVE_SETVBUF 1
| #define HAVE_SHUTDOWN 1
| #define HAVE_SIGACTION 1
| #define HAVE_SIGALTSTACK 1
| #define HAVE_SIGFILLSET 1
| #define HAVE_SIGINTERRUPT 1
| #define HAVE_SIGPENDING 1
| #define HAVE_SIGRELSE 1
| #define HAVE_SIGTIMEDWAIT 1
| #define HAVE_SIGWAIT 1
| #define HAVE_SIGWAITINFO 1
| #define HAVE_SNPRINTF 1
| #define HAVE_SPLICE 1
| #define HAVE_STRFTIME 1
| #define HAVE_STRSIGNAL 1
| #define HAVE_SYMLINKAT 1
| #define HAVE_SYNC 1
| #define HAVE_SYSCONF 1
| #define HAVE_TCGETPGRP 1
| #define HAVE_TCSETPGRP 1
| #define HAVE_TEMPNAM 1
| #define HAVE_TIMEGM 1
| #define HAVE_TIMES 1
| #define HAVE_TMPFILE 1
| #define HAVE_TMPNAM 1
| #define HAVE_TMPNAM_R 1
| #define HAVE_TRUNCATE 1
| #define HAVE_TTYNAME_R 1
| #define HAVE_UMASK 1
| #define HAVE_UNAME 1
| #define HAVE_UNLINKAT 1
| #define HAVE_UNLOCKPT 1
| #define HAVE_UTIMENSAT 1
| #define HAVE_UTIMES 1
| #define HAVE_VFORK 1
| #define HAVE_WAIT 1
| #define HAVE_WAIT3 1
| #define HAVE_WAIT4 1
| #define HAVE_WAITID 1
| #define HAVE_WAITPID 1
| #define HAVE_WCSCOLL 1
| #define HAVE_WCSFTIME 1
| #define HAVE_WCSXFRM 1
| #define HAVE_WMEMCMP 1
| #define HAVE_WRITEV 1
| #define HAVE_GETENTROPY 1
| #define HAVE_GETGROUPS 1
| #define HAVE_SYSTEM 1
| #define HAVE_DIRFD 1
| #define HAVE_CHROOT 1
| #define HAVE_LINK 1
| #define HAVE_SYMLINK 1
| #define HAVE_FCHDIR 1
| #define HAVE_FSYNC 1
| #define HAVE_FDATASYNC 1
| #define HAVE_EPOLL 1
| #define HAVE_EPOLL_CREATE1 1
| #define HAVE_PRLIMIT 1
| #define HAVE_MEMFD_CREATE 1
| #define HAVE_EVENTFD 1
| #define HAVE_TIMERFD_CREATE 1
| #define HAVE_FLOCK 1
| #define HAVE_GETPAGESIZE 1
| #define HAVE_ZLIB_COPY 1
| #define HAVE_BZLIB_H 1
| #define HAVE_HSTRERROR 1
| #define HAVE_GETSERVBYNAME 1
| #define HAVE_GETSERVBYPORT 1
| #define HAVE_GETHOSTBYNAME 1
| #define HAVE_GETHOSTBYADDR 1
| #define HAVE_GETPROTOBYNAME 1
| #define HAVE_INET_ATON 1
| #define HAVE_INET_NTOA 1
| #define HAVE_INET_PTON 1
| #define HAVE_GETPEERNAME 1
| #define HAVE_GETSOCKNAME 1
| #define HAVE_ACCEPT 1
| #define HAVE_BIND 1
| #define HAVE_CONNECT 1
| #define HAVE_LISTEN 1
| #define HAVE_RECVFROM 1
| #define HAVE_SENDTO 1
| #define HAVE_SETSOCKOPT 1
| #define HAVE_SOCKET 1
| #define HAVE_SETGROUPS 1
| #define HAVE_OPENPTY 1
| #define HAVE_LOGIN_TTY 1
| #define HAVE_FORKPTY 1
| #define HAVE_FSEEKO 1
| #define HAVE_FSTATVFS 1
| #define HAVE_FTELLO 1
| #define HAVE_STATVFS 1
| #define HAVE_DUP2 1
| #define HAVE_GETPGRP 1
| #define HAVE_SETPGRP 1
| #define HAVE_SETNS 1
| #define HAVE_UNSHARE 1
| #define HAVE_CLOCK_GETTIME 1
| #define HAVE_CLOCK_GETRES 1
| #define HAVE_CLOCK_SETTIME 1
| #define HAVE_CLOCK_NANOSLEEP 1
| #define HAVE_NANOSLEEP 1
| #define HAVE_DEVICE_MACROS 1
| #define SYS_SELECT_WITH_SYS_TIME 1
| #define HAVE_GETADDRINFO 1
| #define HAVE_GETNAMEINFO 1
| #define HAVE_STRUCT_TM_TM_ZONE 1
| #define HAVE_TM_ZONE 1
| #define HAVE_STRUCT_STAT_ST_RDEV 1
| #define HAVE_STRUCT_STAT_ST_BLKSIZE 1
| /* end confdefs.h.  */
| #include <stddef.h>
| #ifdef HAVE_STDIO_H
| # include <stdio.h>
| #endif
| #ifdef HAVE_STDLIB_H
| # include <stdlib.h>
| #endif
| #ifdef HAVE_STRING_H
| # include <string.h>
| #endif
| #ifdef HAVE_INTTYPES_H
| # include <inttypes.h>
| #endif
| #ifdef HAVE_STDINT_H
| # include <stdint.h>
| #endif
| #ifdef HAVE_STRINGS_H
| # include <strings.h>
| #endif
| #ifdef HAVE_SYS_TYPES_H
| # include <sys/types.h>
| #endif
| #ifdef HAVE_SYS_STAT_H
| # include <sys/stat.h>
| #endif
| #ifdef HAVE_UNISTD_H
| # include <unistd.h>
| #endif
| int
| main (void)
| {
| static struct stat ac_aggr;
| if (ac_aggr.st_flags)
| return 0;
|   ;
|   return 0;
| }
configure:22941: gcc -c   conftest.c >&5
conftest.c: In function 'main':
conftest.c:456:19: error: 'struct stat' has no member named 'st_flags'
  456 | if (sizeof ac_aggr.st_flags)
      |                   ^
configure:22941: $? = 1
configure: failed program was:
| /* confdefs.h */
| #define _NETBSD_SOURCE 1
| #define __BSD_VISIBLE 1
| #define _DARWIN_C_SOURCE 1
| #define _PYTHONFRAMEWORK ""
| #define _XOPEN_SOURCE 700
| #define _XOPEN_SOURCE_EXTENDED 1
| #define _POSIX_C_SOURCE 200809L
| #define HAVE_STDIO_H 1
| #define HAVE_STDLIB_H 1
| #define HAVE_STRING_H 1
| #define HAVE_INTTYPES_H 1
| #define HAVE_STDINT_H 1
| #define HAVE_STRINGS_H 1
| #define HAVE_SYS_STAT_H 1
| #define HAVE_SYS_TYPES_H 1
| #define HAVE_UNISTD_H 1
| #define HAVE_WCHAR_H 1
| #define STDC_HEADERS 1
| #define _ALL_SOURCE 1
| #define _DARWIN_C_SOURCE 1
| #define _GNU_SOURCE 1
| #define _HPUX_ALT_XOPEN_SOCKET_API 1
| #define _NETBSD_SOURCE 1
| #define _OPENBSD_SOURCE 1
| #define _POSIX_PTHREAD_SEMANTICS 1
| #define __STDC_WANT_IEC_60559_ATTRIBS_EXT__ 1
| #define __STDC_WANT_IEC_60559_BFP_EXT__ 1
| #define __STDC_WANT_IEC_60559_DFP_EXT__ 1
| #define __STDC_WANT_IEC_60559_FUNCS_EXT__ 1
| #define __STDC_WANT_IEC_60559_TYPES_EXT__ 1
| #define __STDC_WANT_LIB_EXT2__ 1
| #define __STDC_WANT_MATH_SPEC_FUNCS__ 1
| #define _TANDEM_SOURCE 1
| #define __EXTENSIONS__ 1
| #define PY_SUPPORT_TIER 1
| #define STDC_HEADERS 1
| #define HAVE_ALLOCA_H 1
| #define HAVE_ASM_TYPES_H 1
| #define HAVE_DLFCN_H 1
| #define HAVE_ENDIAN_H 1
| #define HAVE_ERRNO_H 1
| #define HAVE_FCNTL_H 1
| #define HAVE_GRP_H 1
| #define HAVE_LANGINFO_H 1
| #define HAVE_LIBINTL_H 1
| #define HAVE_LINUX_AUXVEC_H 1
| #define HAVE_SYS_AUXV_H 1
| #define HAVE_LINUX_FS_H 1
| #define HAVE_LINUX_LIMITS_H 1
| #define HAVE_LINUX_MEMFD_H 1
| #define HAVE_LINUX_RANDOM_H 1
| #define HAVE_LINUX_SOUNDCARD_H 1
| #define HAVE_LINUX_TIPC_H 1
| #define HAVE_LINUX_WAIT_H 1
| #define HAVE_NETDB_H 1
| #define HAVE_NET_ETHERNET_H 1
| #define HAVE_NETINET_IN_H 1
| #define HAVE_NETPACKET_PACKET_H 1
| #define HAVE_POLL_H 1
| #define HAVE_PTHREAD_H 1
| #define HAVE_PTY_H 1
| #define HAVE_SCHED_H 1
| #define HAVE_SETJMP_H 1
| #define HAVE_SHADOW_H 1
| #define HAVE_SIGNAL_H 1
| #define HAVE_SPAWN_H 1
| #define HAVE_SYS_EPOLL_H 1
| #define HAVE_SYS_EVENTFD_H 1
| #define HAVE_SYS_FILE_H 1
| #define HAVE_SYS_IOCTL_H 1
| #define HAVE_SYS_MMAN_H 1
| #define HAVE_SYS_PARAM_H 1
| #define HAVE_SYS_POLL_H 1
| #define HAVE_SYS_RANDOM_H 1
| #define HAVE_SYS_RESOURCE_H 1
| #define HAVE_SYS_SELECT_H 1
| #define HAVE_SYS_SENDFILE_H 1
| #define HAVE_SYS_SOCKET_H 1
| #define HAVE_SYS_SOUNDCARD_H 1
| #define HAVE_SYS_STAT_H 1
| #define HAVE_SYS_STATVFS_H 1
| #define HAVE_SYS_SYSCALL_H 1
| #define HAVE_SYS_SYSMACROS_H 1
| #define HAVE_SYS_TIME_H 1
| #define HAVE_SYS_TIMES_H 1
| #define HAVE_SYS_TIMERFD_H 1
| #define HAVE_SYS_TYPES_H 1
| #define HAVE_SYS_UIO_H 1
| #define HAVE_SYS_UN_H 1
| #define HAVE_SYS_UTSNAME_H 1
| #define HAVE_SYS_WAIT_H 1
| #define HAVE_SYS_XATTR_H 1
| #define HAVE_SYSEXITS_H 1
| #define HAVE_SYSLOG_H 1
| #define HAVE_TERMIOS_H 1
| #define HAVE_UTIME_H 1
| #define HAVE_UTMP_H 1
| #define HAVE_DIRENT_H 1
| #define MAJOR_IN_SYSMACROS 1
| #define HAVE_NET_IF_H 1
| #define HAVE_LINUX_NETLINK_H 1
| #define HAVE_LINUX_QRTR_H 1
| #define HAVE_LINUX_VM_SOCKETS_H 1
| #define HAVE_LINUX_CAN_H 1
| #define HAVE_LINUX_CAN_BCM_H 1
| #define HAVE_LINUX_CAN_J1939_H 1
| #define HAVE_LINUX_CAN_RAW_H 1
| #define HAVE_CLOCK_T 1
| #define HAVE_MAKEDEV 1
| #define HAVE_HTOLE64 1
| #define _LARGEFILE_SOURCE 1
| #define _FILE_OFFSET_BITS 64
| #if defined(SCO_DS)
| #undef _OFF_T
| #endif
| #define RETSIGTYPE void
| #define HAVE_SSIZE_T 1
| #define HAVE___UINT128_T 1
| #define HAVE_GCC_UINT128_T 1
| #define SIZEOF_INT 4
| #define SIZEOF_LONG 8
| #define ALIGNOF_LONG 8
| #define SIZEOF_LONG_LONG 8
| #define SIZEOF_VOID_P 8
| #define SIZEOF_SHORT 2
| #define SIZEOF_FLOAT 4
| #define SIZEOF_DOUBLE 8
| #define SIZEOF_FPOS_T 16
| #define SIZEOF_SIZE_T 8
| #define ALIGNOF_SIZE_T 8
| #define SIZEOF_PID_T 4
| #define SIZEOF_UINTPTR_T 8
| #define ALIGNOF_MAX_ALIGN_T 16
| #define HAVE_LONG_DOUBLE 1
| #define SIZEOF_LONG_DOUBLE 16
| #define SIZEOF__BOOL 1
| #define SIZEOF_OFF_T 8
| #define SIZEOF_TIME_T 8
| #define SIZEOF_PTHREAD_T 8
| #define SIZEOF_PTHREAD_KEY_T 4
| #define PTHREAD_KEY_T_IS_COMPATIBLE_WITH_INT 1
| #define PY_HAVE_PERF_TRAMPOLINE 1
| #define HAVE_LIBDL 1
| #define HAVE_FFI_PREP_CIF_VAR 1
| #define HAVE_FFI_PREP_CLOSURE_LOC 1
| #define HAVE_FFI_CLOSURE_ALLOC 1
| #define WITH_DECIMAL_CONTEXTVAR 1
| #define HAVE_LIBSQLITE3 1
| #define HAVE_LIBSQLITE3 1
| #define HAVE_LIBSQLITE3 1
| #define HAVE_LIBSQLITE3 1
| #define HAVE_LIBSQLITE3 1
| #define HAVE_LIBSQLITE3 1
| #define HAVE_LIBSQLITE3 1
| #define HAVE_LIBSQLITE3 1
| #define HAVE_LIBSQLITE3 1
| #define PY_SQLITE_HAVE_SERIALIZE 1
| #define HAVE_GDBM_H 1
| #define _REENTRANT 1
| #define PTHREAD_SYSTEM_SCHED_SUPPORTED 1
| #define HAVE_PTHREAD_SIGMASK 1
| #define HAVE_PTHREAD_GETCPUCLOCKID 1
| #define ENABLE_IPV6 1
| #define HAVE_LINUX_CAN_RAW_FD_FRAMES 1
| #define HAVE_LINUX_CAN_RAW_JOIN_FILTERS 1
| #define WITH_DOC_STRINGS 1
| #define HAVE_STD_ATOMIC 1
| #define HAVE_BUILTIN_ATOMIC 1
| #define WITH_MIMALLOC 1
| #define WITH_PYMALLOC 1
| #define WITH_FREELISTS 1
| #define PY_COERCE_C_LOCALE 1
| #define HAVE_DLOPEN 1
| #define HAVE_DYNAMIC_LOADING 1
| #define HAVE_ACCEPT4 1
| #define HAVE_ALARM 1
| #define HAVE_BIND_TEXTDOMAIN_CODESET 1
| #define HAVE_CHMOD 1
| #define HAVE_CHOWN 1
| #define HAVE_CLOCK 1
| #define HAVE_CLOSEFROM 1
| #define HAVE_CLOSE_RANGE 1
| #define HAVE_CONFSTR 1
| #define HAVE_COPY_FILE_RANGE 1
| #define HAVE_CTERMID 1
| #define HAVE_DUP 1
| #define HAVE_DUP3 1
| #define HAVE_EXECV 1
| #define HAVE_EXPLICIT_BZERO 1
| #define HAVE_FACCESSAT 1
| #define HAVE_FCHMOD 1
| #define HAVE_FCHMODAT 1
| #define HAVE_FCHOWN 1
| #define HAVE_FCHOWNAT 1
| #define HAVE_FDOPENDIR 1
| #define HAVE_FEXECVE 1
| #define HAVE_FORK 1
| #define HAVE_FPATHCONF 1
| #define HAVE_FSTATAT 1
| #define HAVE_FTIME 1
| #define HAVE_FTRUNCATE 1
| #define HAVE_FUTIMENS 1
| #define HAVE_FUTIMES 1
| #define HAVE_FUTIMESAT 1
| #define HAVE_GAI_STRERROR 1
| #define HAVE_GETEGID 1
| #define HAVE_GETEUID 1
| #define HAVE_GETGID 1
| #define HAVE_GETGRENT 1
| #define HAVE_GETGRGID 1
| #define HAVE_GETGRGID_R 1
| #define HAVE_GETGRNAM_R 1
| #define HAVE_GETGROUPLIST 1
| #define HAVE_GETHOSTNAME 1
| #define HAVE_GETITIMER 1
| #define HAVE_GETLOADAVG 1
| #define HAVE_GETLOGIN 1
| #define HAVE_GETPEERNAME 1
| #define HAVE_GETPGID 1
| #define HAVE_GETPID 1
| #define HAVE_GETPPID 1
| #define HAVE_GETPRIORITY 1
| #define HAVE_GETPWENT 1
| #define HAVE_GETPWNAM_R 1
| #define HAVE_GETPWUID 1
| #define HAVE_GETPWUID_R 1
| #define HAVE_GETRESGID 1
| #define HAVE_GETRESUID 1
| #define HAVE_GETRUSAGE 1
| #define HAVE_GETSID 1
| #define HAVE_GETSPENT 1
| #define HAVE_GETSPNAM 1
| #define HAVE_GETUID 1
| #define HAVE_GETWD 1
| #define HAVE_GRANTPT 1
| #define HAVE_IF_NAMEINDEX 1
| #define HAVE_INITGROUPS 1
| #define HAVE_KILL 1
| #define HAVE_KILLPG 1
| #define HAVE_LCHOWN 1
| #define HAVE_LINKAT 1
| #define HAVE_LOCKF 1
| #define HAVE_LSTAT 1
| #define HAVE_LUTIMES 1
| #define HAVE_MADVISE 1
| #define HAVE_MBRTOWC 1
| #define HAVE_MEMRCHR 1
| #define HAVE_MKDIRAT 1
| #define HAVE_MKFIFO 1
| #define HAVE_MKFIFOAT 1
| #define HAVE_MKNOD 1
| #define HAVE_MKNODAT 1
| #define HAVE_MKTIME 1
| #define HAVE_MMAP 1
| #define HAVE_MREMAP 1
| #define HAVE_NICE 1
| #define HAVE_OPENAT 1
| #define HAVE_OPENDIR 1
| #define HAVE_PATHCONF 1
| #define HAVE_PAUSE 1
| #define HAVE_PIPE 1
| #define HAVE_PIPE2 1
| #define HAVE_POLL 1
| #define HAVE_POSIX_FADVISE 1
| #define HAVE_POSIX_FALLOCATE 1
| #define HAVE_POSIX_OPENPT 1
| #define HAVE_POSIX_SPAWN 1
| #define HAVE_POSIX_SPAWNP 1
| #define HAVE_POSIX_SPAWN_FILE_ACTIONS_ADDCLOSEFROM_NP 1
| #define HAVE_PREAD 1
| #define HAVE_PREADV 1
| #define HAVE_PREADV2 1
| #define HAVE_PROCESS_VM_READV 1
| #define HAVE_PTHREAD_CONDATTR_SETCLOCK 1
| #define HAVE_PTHREAD_KILL 1
| #define HAVE_PTSNAME 1
| #define HAVE_PTSNAME_R 1
| #define HAVE_PWRITE 1
| #define HAVE_PWRITEV 1
| #define HAVE_PWRITEV2 1
| #define HAVE_READLINK 1
| #define HAVE_READLINKAT 1
| #define HAVE_READV 1
| #define HAVE_REALPATH 1
| #define HAVE_RENAMEAT 1
| #define HAVE_SCHED_GET_PRIORITY_MAX 1
| #define HAVE_SCHED_RR_GET_INTERVAL 1
| #define HAVE_SCHED_SETAFFINITY 1
| #define HAVE_SCHED_SETPARAM 1
| #define HAVE_SCHED_SETSCHEDULER 1
| #define HAVE_SEM_CLOCKWAIT 1
| #define HAVE_SEM_GETVALUE 1
| #define HAVE_SEM_OPEN 1
| #define HAVE_SEM_TIMEDWAIT 1
| #define HAVE_SEM_UNLINK 1
| #define HAVE_SENDFILE 1
| #define HAVE_SETEGID 1
| #define HAVE_SETEUID 1
| #define HAVE_SETGID 1
| #define HAVE_SETHOSTNAME 1
| #define HAVE_SETITIMER 1
| #define HAVE_SETLOCALE 1
| #define HAVE_SETPGID 1
| #define HAVE_SETPGRP 1
| #define HAVE_SETPRIORITY 1
| #define HAVE_SETREGID 1
| #define HAVE_SETRESGID 1
| #define HAVE_SETRESUID 1
| #define HAVE_SETREUID 1
| #define HAVE_SETSID 1
| #define HAVE_SETUID 1
| #define HAVE_SETVBUF 1
| #define HAVE_SHUTDOWN 1
| #define HAVE_SIGACTION 1
| #define HAVE_SIGALTSTACK 1
| #define HAVE_SIGFILLSET 1
| #define HAVE_SIGINTERRUPT 1
| #define HAVE_SIGPENDING 1
| #define HAVE_SIGRELSE 1
| #define HAVE_SIGTIMEDWAIT 1
| #define HAVE_SIGWAIT 1
| #define HAVE_SIGWAITINFO 1
| #define HAVE_SNPRINTF 1
| #define HAVE_SPLICE 1
| #define HAVE_STRFTIME 1
| #define HAVE_STRSIGNAL 1
| #define HAVE_SYMLINKAT 1
| #define HAVE_SYNC 1
| #define HAVE_SYSCONF 1
| #define HAVE_TCGETPGRP 1
| #define HAVE_TCSETPGRP 1
| #define HAVE_TEMPNAM 1
| #define HAVE_TIMEGM 1
| #define HAVE_TIMES 1
| #define HAVE_TMPFILE 1
| #define HAVE_TMPNAM 1
| #define HAVE_TMPNAM_R 1
| #define HAVE_TRUNCATE 1
| #define HAVE_TTYNAME_R 1
| #define HAVE_UMASK 1
| #define HAVE_UNAME 1
| #define HAVE_UNLINKAT 1
| #define HAVE_UNLOCKPT 1
| #define HAVE_UTIMENSAT 1
| #define HAVE_UTIMES 1
| #define HAVE_VFORK 1
| #define HAVE_WAIT 1
| #define HAVE_WAIT3 1
| #define HAVE_WAIT4 1
| #define HAVE_WAITID 1
| #define HAVE_WAITPID 1
| #define HAVE_WCSCOLL 1
| #define HAVE_WCSFTIME 1
| #define HAVE_WCSXFRM 1
| #define HAVE_WMEMCMP 1
| #define HAVE_WRITEV 1
| #define HAVE_GETENTROPY 1
| #define HAVE_GETGROUPS 1
| #define HAVE_SYSTEM 1
| #define HAVE_DIRFD 1
| #define HAVE_CHROOT 1
| #define HAVE_LINK 1
| #define HAVE_SYMLINK 1
| #define HAVE_FCHDIR 1
| #define HAVE_FSYNC 1
| #define HAVE_FDATASYNC 1
| #define HAVE_EPOLL 1
| #define HAVE_EPOLL_CREATE1 1
| #define HAVE_PRLIMIT 1
| #define HAVE_MEMFD_CREATE 1
| #define HAVE_EVENTFD 1
| #define HAVE_TIMERFD_CREATE 1
| #define HAVE_FLOCK 1
| #define HAVE_GETPAGESIZE 1
| #define HAVE_ZLIB_COPY 1
| #define HAVE_BZLIB_H 1
| #define HAVE_HSTRERROR 1
| #define HAVE_GETSERVBYNAME 1
| #define HAVE_GETSERVBYPORT 1
| #define HAVE_GETHOSTBYNAME 1
| #define HAVE_GETHOSTBYADDR 1
| #define HAVE_GETPROTOBYNAME 1
| #define HAVE_INET_ATON 1
| #define HAVE_INET_NTOA 1
| #define HAVE_INET_PTON 1
| #define HAVE_GETPEERNAME 1
| #define HAVE_GETSOCKNAME 1
| #define HAVE_ACCEPT 1
| #define HAVE_BIND 1
| #define HAVE_CONNECT 1
| #define HAVE_LISTEN 1
| #define HAVE_RECVFROM 1
| #define HAVE_SENDTO 1
| #define HAVE_SETSOCKOPT 1
| #define HAVE_SOCKET 1
| #define HAVE_SETGROUPS 1
| #define HAVE_OPENPTY 1
| #define HAVE_LOGIN_TTY 1
| #define HAVE_FORKPTY 1
| #define HAVE_FSEEKO 1
| #define HAVE_FSTATVFS 1
| #define HAVE_FTELLO 1
| #define HAVE_STATVFS 1
| #define HAVE_DUP2 1
| #define HAVE_GETPGRP 1
| #define HAVE_SETPGRP 1
| #define HAVE_SETNS 1
| #define HAVE_UNSHARE 1
| #define HAVE_CLOCK_GETTIME 1
| #define HAVE_CLOCK_GETRES 1
| #define HAVE_CLOCK_SETTIME 1
| #define HAVE_CLOCK_NANOSLEEP 1
| #define HAVE_NANOSLEEP 1
| #define HAVE_DEVICE_MACROS 1
| #define SYS_SELECT_WITH_SYS_TIME 1
| #define HAVE_GETADDRINFO 1
| #define HAVE_GETNAMEINFO 1
| #define HAVE_STRUCT_TM_TM_ZONE 1
| #define HAVE_TM_ZONE 1
| #define HAVE_STRUCT_STAT_ST_RDEV 1
| #define HAVE_STRUCT_STAT_ST_BLKSIZE 1
| /* end confdefs.h.  */
| #include <stddef.h>
| #ifdef HAVE_STDIO_H
| # include <stdio.h>
| #endif
| #ifdef HAVE_STDLIB_H
| # include <stdlib.h>
| #endif
| #ifdef HAVE_STRING_H
| # include <string.h>
| #endif
| #ifdef HAVE_INTTYPES_H
| # include <inttypes.h>
| #endif
| #ifdef HAVE_STDINT_H
| # include <stdint.h>
| #endif
| #ifdef HAVE_STRINGS_H
| # include <strings.h>
| #endif
| #ifdef HAVE_SYS_TYPES_H
| # include <sys/types.h>
| #endif
| #ifdef HAVE_SYS_STAT_H
| # include <sys/stat.h>
| #endif
| #ifdef HAVE_UNISTD_H
| # include <unistd.h>
| #endif
| int
| main (void)
| {
| static struct stat ac_aggr;
| if (sizeof ac_aggr.st_flags)
| return 0;
|   ;
|   return 0;
| }
configure:22941: result: no
configure:22950: checking for struct stat.st_gen
configure:22950: gcc -c   conftest.c >&5
conftest.c: In function 'main':
conftest.c:456:13: error: 'struct stat' has no member named 'st_gen'; did you mean 'st_dev'?
  456 | if (ac_aggr.st_gen)
      |             ^~~~~~
      |             st_dev
configure:22950: $? = 1
configure: failed program was:
| /* confdefs.h */
| #define _NETBSD_SOURCE 1
| #define __BSD_VISIBLE 1
| #define _DARWIN_C_SOURCE 1
| #define _PYTHONFRAMEWORK ""
| #define _XOPEN_SOURCE 700
| #define _XOPEN_SOURCE_EXTENDED 1
| #define _POSIX_C_SOURCE 200809L
| #define HAVE_STDIO_H 1
| #define HAVE_STDLIB_H 1
| #define HAVE_STRING_H 1
| #define HAVE_INTTYPES_H 1
| #define HAVE_STDINT_H 1
| #define HAVE_STRINGS_H 1
| #define HAVE_SYS_STAT_H 1
| #define HAVE_SYS_TYPES_H 1
| #define HAVE_UNISTD_H 1
| #define HAVE_WCHAR_H 1
| #define STDC_HEADERS 1
| #define _ALL_SOURCE 1
| #define _DARWIN_C_SOURCE 1
| #define _GNU_SOURCE 1
| #define _HPUX_ALT_XOPEN_SOCKET_API 1
| #define _NETBSD_SOURCE 1
| #define _OPENBSD_SOURCE 1
| #define _POSIX_PTHREAD_SEMANTICS 1
| #define __STDC_WANT_IEC_60559_ATTRIBS_EXT__ 1
| #define __STDC_WANT_IEC_60559_BFP_EXT__ 1
| #define __STDC_WANT_IEC_60559_DFP_EXT__ 1
| #define __STDC_WANT_IEC_60559_FUNCS_EXT__ 1
| #define __STDC_WANT_IEC_60559_TYPES_EXT__ 1
| #define __STDC_WANT_LIB_EXT2__ 1
| #define __STDC_WANT_MATH_SPEC_FUNCS__ 1
| #define _TANDEM_SOURCE 1
| #define __EXTENSIONS__ 1
| #define PY_SUPPORT_TIER 1
| #define STDC_HEADERS 1
| #define HAVE_ALLOCA_H 1
| #define HAVE_ASM_TYPES_H 1
| #define HAVE_DLFCN_H 1
| #define HAVE_ENDIAN_H 1
| #define HAVE_ERRNO_H 1
| #define HAVE_FCNTL_H 1
| #define HAVE_GRP_H 1
| #define HAVE_LANGINFO_H 1
| #define HAVE_LIBINTL_H 1
| #define HAVE_LINUX_AUXVEC_H 1
| #define HAVE_SYS_AUXV_H 1
| #define HAVE_LINUX_FS_H 1
| #define HAVE_LINUX_LIMITS_H 1
| #define HAVE_LINUX_MEMFD_H 1
| #define HAVE_LINUX_RANDOM_H 1
| #define HAVE_LINUX_SOUNDCARD_H 1
| #define HAVE_LINUX_TIPC_H 1
| #define HAVE_LINUX_WAIT_H 1
| #define HAVE_NETDB_H 1
| #define HAVE_NET_ETHERNET_H 1
| #define HAVE_NETINET_IN_H 1
| #define HAVE_NETPACKET_PACKET_H 1
| #define HAVE_POLL_H 1
| #define HAVE_PTHREAD_H 1
| #define HAVE_PTY_H 1
| #define HAVE_SCHED_H 1
| #define HAVE_SETJMP_H 1
| #define HAVE_SHADOW_H 1
| #define HAVE_SIGNAL_H 1
| #define HAVE_SPAWN_H 1
| #define HAVE_SYS_EPOLL_H 1
| #define HAVE_SYS_EVENTFD_H 1
| #define HAVE_SYS_FILE_H 1
| #define HAVE_SYS_IOCTL_H 1
| #define HAVE_SYS_MMAN_H 1
| #define HAVE_SYS_PARAM_H 1
| #define HAVE_SYS_POLL_H 1
| #define HAVE_SYS_RANDOM_H 1
| #define HAVE_SYS_RESOURCE_H 1
| #define HAVE_SYS_SELECT_H 1
| #define HAVE_SYS_SENDFILE_H 1
| #define HAVE_SYS_SOCKET_H 1
| #define HAVE_SYS_SOUNDCARD_H 1
| #define HAVE_SYS_STAT_H 1
| #define HAVE_SYS_STATVFS_H 1
| #define HAVE_SYS_SYSCALL_H 1
| #define HAVE_SYS_SYSMACROS_H 1
| #define HAVE_SYS_TIME_H 1
| #define HAVE_SYS_TIMES_H 1
| #define HAVE_SYS_TIMERFD_H 1
| #define HAVE_SYS_TYPES_H 1
| #define HAVE_SYS_UIO_H 1
| #define HAVE_SYS_UN_H 1
| #define HAVE_SYS_UTSNAME_H 1
| #define HAVE_SYS_WAIT_H 1
| #define HAVE_SYS_XATTR_H 1
| #define HAVE_SYSEXITS_H 1
| #define HAVE_SYSLOG_H 1
| #define HAVE_TERMIOS_H 1
| #define HAVE_UTIME_H 1
| #define HAVE_UTMP_H 1
| #define HAVE_DIRENT_H 1
| #define MAJOR_IN_SYSMACROS 1
| #define HAVE_NET_IF_H 1
| #define HAVE_LINUX_NETLINK_H 1
| #define HAVE_LINUX_QRTR_H 1
| #define HAVE_LINUX_VM_SOCKETS_H 1
| #define HAVE_LINUX_CAN_H 1
| #define HAVE_LINUX_CAN_BCM_H 1
| #define HAVE_LINUX_CAN_J1939_H 1
| #define HAVE_LINUX_CAN_RAW_H 1
| #define HAVE_CLOCK_T 1
| #define HAVE_MAKEDEV 1
| #define HAVE_HTOLE64 1
| #define _LARGEFILE_SOURCE 1
| #define _FILE_OFFSET_BITS 64
| #if defined(SCO_DS)
| #undef _OFF_T
| #endif
| #define RETSIGTYPE void
| #define HAVE_SSIZE_T 1
| #define HAVE___UINT128_T 1
| #define HAVE_GCC_UINT128_T 1
| #define SIZEOF_INT 4
| #define SIZEOF_LONG 8
| #define ALIGNOF_LONG 8
| #define SIZEOF_LONG_LONG 8
| #define SIZEOF_VOID_P 8
| #define SIZEOF_SHORT 2
| #define SIZEOF_FLOAT 4
| #define SIZEOF_DOUBLE 8
| #define SIZEOF_FPOS_T 16
| #define SIZEOF_SIZE_T 8
| #define ALIGNOF_SIZE_T 8
| #define SIZEOF_PID_T 4
| #define SIZEOF_UINTPTR_T 8
| #define ALIGNOF_MAX_ALIGN_T 16
| #define HAVE_LONG_DOUBLE 1
| #define SIZEOF_LONG_DOUBLE 16
| #define SIZEOF__BOOL 1
| #define SIZEOF_OFF_T 8
| #define SIZEOF_TIME_T 8
| #define SIZEOF_PTHREAD_T 8
| #define SIZEOF_PTHREAD_KEY_T 4
| #define PTHREAD_KEY_T_IS_COMPATIBLE_WITH_INT 1
| #define PY_HAVE_PERF_TRAMPOLINE 1
| #define HAVE_LIBDL 1
| #define HAVE_FFI_PREP_CIF_VAR 1
| #define HAVE_FFI_PREP_CLOSURE_LOC 1
| #define HAVE_FFI_CLOSURE_ALLOC 1
| #define WITH_DECIMAL_CONTEXTVAR 1
| #define HAVE_LIBSQLITE3 1
| #define HAVE_LIBSQLITE3 1
| #define HAVE_LIBSQLITE3 1
| #define HAVE_LIBSQLITE3 1
| #define HAVE_LIBSQLITE3 1
| #define HAVE_LIBSQLITE3 1
| #define HAVE_LIBSQLITE3 1
| #define HAVE_LIBSQLITE3 1
| #define HAVE_LIBSQLITE3 1
| #define PY_SQLITE_HAVE_SERIALIZE 1
| #define HAVE_GDBM_H 1
| #define _REENTRANT 1
| #define PTHREAD_SYSTEM_SCHED_SUPPORTED 1
| #define HAVE_PTHREAD_SIGMASK 1
| #define HAVE_PTHREAD_GETCPUCLOCKID 1
| #define ENABLE_IPV6 1
| #define HAVE_LINUX_CAN_RAW_FD_FRAMES 1
| #define HAVE_LINUX_CAN_RAW_JOIN_FILTERS 1
| #define WITH_DOC_STRINGS 1
| #define HAVE_STD_ATOMIC 1
| #define HAVE_BUILTIN_ATOMIC 1
| #define WITH_MIMALLOC 1
| #define WITH_PYMALLOC 1
| #define WITH_FREELISTS 1
| #define PY_COERCE_C_LOCALE 1
| #define HAVE_DLOPEN 1
| #define HAVE_DYNAMIC_LOADING 1
| #define HAVE_ACCEPT4 1
| #define HAVE_ALARM 1
| #define HAVE_BIND_TEXTDOMAIN_CODESET 1
| #define HAVE_CHMOD 1
| #define HAVE_CHOWN 1
| #define HAVE_CLOCK 1
| #define HAVE_CLOSEFROM 1
| #define HAVE_CLOSE_RANGE 1
| #define HAVE_CONFSTR 1
| #define HAVE_COPY_FILE_RANGE 1
| #define HAVE_CTERMID 1
| #define HAVE_DUP 1
| #define HAVE_DUP3 1
| #define HAVE_EXECV 1
| #define HAVE_EXPLICIT_BZERO 1
| #define HAVE_FACCESSAT 1
| #define HAVE_FCHMOD 1
| #define HAVE_FCHMODAT 1
| #define HAVE_FCHOWN 1
| #define HAVE_FCHOWNAT 1
| #define HAVE_FDOPENDIR 1
| #define HAVE_FEXECVE 1
| #define HAVE_FORK 1
| #define HAVE_FPATHCONF 1
| #define HAVE_FSTATAT 1
| #define HAVE_FTIME 1
| #define HAVE_FTRUNCATE 1
| #define HAVE_FUTIMENS 1
| #define HAVE_FUTIMES 1
| #define HAVE_FUTIMESAT 1
| #define HAVE_GAI_STRERROR 1
| #define HAVE_GETEGID 1
| #define HAVE_GETEUID 1
| #define HAVE_GETGID 1
| #define HAVE_GETGRENT 1
| #define HAVE_GETGRGID 1
| #define HAVE_GETGRGID_R 1
| #define HAVE_GETGRNAM_R 1
| #define HAVE_GETGROUPLIST 1
| #define HAVE_GETHOSTNAME 1
| #define HAVE_GETITIMER 1
| #define HAVE_GETLOADAVG 1
| #define HAVE_GETLOGIN 1
| #define HAVE_GETPEERNAME 1
| #define HAVE_GETPGID 1
| #define HAVE_GETPID 1
| #define HAVE_GETPPID 1
| #define HAVE_GETPRIORITY 1
| #define HAVE_GETPWENT 1
| #define HAVE_GETPWNAM_R 1
| #define HAVE_GETPWUID 1
| #define HAVE_GETPWUID_R 1
| #define HAVE_GETRESGID 1
| #define HAVE_GETRESUID 1
| #define HAVE_GETRUSAGE 1
| #define HAVE_GETSID 1
| #define HAVE_GETSPENT 1
| #define HAVE_GETSPNAM 1
| #define HAVE_GETUID 1
| #define HAVE_GETWD 1
| #define HAVE_GRANTPT 1
| #define HAVE_IF_NAMEINDEX 1
| #define HAVE_INITGROUPS 1
| #define HAVE_KILL 1
| #define HAVE_KILLPG 1
| #define HAVE_LCHOWN 1
| #define HAVE_LINKAT 1
| #define HAVE_LOCKF 1
| #define HAVE_LSTAT 1
| #define HAVE_LUTIMES 1
| #define HAVE_MADVISE 1
| #define HAVE_MBRTOWC 1
| #define HAVE_MEMRCHR 1
| #define HAVE_MKDIRAT 1
| #define HAVE_MKFIFO 1
| #define HAVE_MKFIFOAT 1
| #define HAVE_MKNOD 1
| #define HAVE_MKNODAT 1
| #define HAVE_MKTIME 1
| #define HAVE_MMAP 1
| #define HAVE_MREMAP 1
| #define HAVE_NICE 1
| #define HAVE_OPENAT 1
| #define HAVE_OPENDIR 1
| #define HAVE_PATHCONF 1
| #define HAVE_PAUSE 1
| #define HAVE_PIPE 1
| #define HAVE_PIPE2 1
| #define HAVE_POLL 1
| #define HAVE_POSIX_FADVISE 1
| #define HAVE_POSIX_FALLOCATE 1
| #define HAVE_POSIX_OPENPT 1
| #define HAVE_POSIX_SPAWN 1
| #define HAVE_POSIX_SPAWNP 1
| #define HAVE_POSIX_SPAWN_FILE_ACTIONS_ADDCLOSEFROM_NP 1
| #define HAVE_PREAD 1
| #define HAVE_PREADV 1
| #define HAVE_PREADV2 1
| #define HAVE_PROCESS_VM_READV 1
| #define HAVE_PTHREAD_CONDATTR_SETCLOCK 1
| #define HAVE_PTHREAD_KILL 1
| #define HAVE_PTSNAME 1
| #define HAVE_PTSNAME_R 1
| #define HAVE_PWRITE 1
| #define HAVE_PWRITEV 1
| #define HAVE_PWRITEV2 1
| #define HAVE_READLINK 1
| #define HAVE_READLINKAT 1
| #define HAVE_READV 1
| #define HAVE_REALPATH 1
| #define HAVE_RENAMEAT 1
| #define HAVE_SCHED_GET_PRIORITY_MAX 1
| #define HAVE_SCHED_RR_GET_INTERVAL 1
| #define HAVE_SCHED_SETAFFINITY 1
| #define HAVE_SCHED_SETPARAM 1
| #define HAVE_SCHED_SETSCHEDULER 1
| #define HAVE_SEM_CLOCKWAIT 1
| #define HAVE_SEM_GETVALUE 1
| #define HAVE_SEM_OPEN 1
| #define HAVE_SEM_TIMEDWAIT 1
| #define HAVE_SEM_UNLINK 1
| #define HAVE_SENDFILE 1
| #define HAVE_SETEGID 1
| #define HAVE_SETEUID 1
| #define HAVE_SETGID 1
| #define HAVE_SETHOSTNAME 1
| #define HAVE_SETITIMER 1
| #define HAVE_SETLOCALE 1
| #define HAVE_SETPGID 1
| #define HAVE_SETPGRP 1
| #define HAVE_SETPRIORITY 1
| #define HAVE_SETREGID 1
| #define HAVE_SETRESGID 1
| #define HAVE_SETRESUID 1
| #define HAVE_SETREUID 1
| #define HAVE_SETSID 1
| #define HAVE_SETUID 1
| #define HAVE_SETVBUF 1
| #define HAVE_SHUTDOWN 1
| #define HAVE_SIGACTION 1
| #define HAVE_SIGALTSTACK 1
| #define HAVE_SIGFILLSET 1
| #define HAVE_SIGINTERRUPT 1
| #define HAVE_SIGPENDING 1
| #define HAVE_SIGRELSE 1
| #define HAVE_SIGTIMEDWAIT 1
| #define HAVE_SIGWAIT 1
| #define HAVE_SIGWAITINFO 1
| #define HAVE_SNPRINTF 1
| #define HAVE_SPLICE 1
| #define HAVE_STRFTIME 1
| #define HAVE_STRSIGNAL 1
| #define HAVE_SYMLINKAT 1
| #define HAVE_SYNC 1
| #define HAVE_SYSCONF 1
| #define HAVE_TCGETPGRP 1
| #define HAVE_TCSETPGRP 1
| #define HAVE_TEMPNAM 1
| #define HAVE_TIMEGM 1
| #define HAVE_TIMES 1
| #define HAVE_TMPFILE 1
| #define HAVE_TMPNAM 1
| #define HAVE_TMPNAM_R 1
| #define HAVE_TRUNCATE 1
| #define HAVE_TTYNAME_R 1
| #define HAVE_UMASK 1
| #define HAVE_UNAME 1
| #define HAVE_UNLINKAT 1
| #define HAVE_UNLOCKPT 1
| #define HAVE_UTIMENSAT 1
| #define HAVE_UTIMES 1
| #define HAVE_VFORK 1
| #define HAVE_WAIT 1
| #define HAVE_WAIT3 1
| #define HAVE_WAIT4 1
| #define HAVE_WAITID 1
| #define HAVE_WAITPID 1
| #define HAVE_WCSCOLL 1
| #define HAVE_WCSFTIME 1
| #define HAVE_WCSXFRM 1
| #define HAVE_WMEMCMP 1
| #define HAVE_WRITEV 1
| #define HAVE_GETENTROPY 1
| #define HAVE_GETGROUPS 1
| #define HAVE_SYSTEM 1
| #define HAVE_DIRFD 1
| #define HAVE_CHROOT 1
| #define HAVE_LINK 1
| #define HAVE_SYMLINK 1
| #define HAVE_FCHDIR 1
| #define HAVE_FSYNC 1
| #define HAVE_FDATASYNC 1
| #define HAVE_EPOLL 1
| #define HAVE_EPOLL_CREATE1 1
| #define HAVE_PRLIMIT 1
| #define HAVE_MEMFD_CREATE 1
| #define HAVE_EVENTFD 1
| #define HAVE_TIMERFD_CREATE 1
| #define HAVE_FLOCK 1
| #define HAVE_GETPAGESIZE 1
| #define HAVE_ZLIB_COPY 1
| #define HAVE_BZLIB_H 1
| #define HAVE_HSTRERROR 1
| #define HAVE_GETSERVBYNAME 1
| #define HAVE_GETSERVBYPORT 1
| #define HAVE_GETHOSTBYNAME 1
| #define HAVE_GETHOSTBYADDR 1
| #define HAVE_GETPROTOBYNAME 1
| #define HAVE_INET_ATON 1
| #define HAVE_INET_NTOA 1
| #define HAVE_INET_PTON 1
| #define HAVE_GETPEERNAME 1
| #define HAVE_GETSOCKNAME 1
| #define HAVE_ACCEPT 1
| #define HAVE_BIND 1
| #define HAVE_CONNECT 1
| #define HAVE_LISTEN 1
| #define HAVE_RECVFROM 1
| #define HAVE_SENDTO 1
| #define HAVE_SETSOCKOPT 1
| #define HAVE_SOCKET 1
| #define HAVE_SETGROUPS 1
| #define HAVE_OPENPTY 1
| #define HAVE_LOGIN_TTY 1
| #define HAVE_FORKPTY 1
| #define HAVE_FSEEKO 1
| #define HAVE_FSTATVFS 1
| #define HAVE_FTELLO 1
| #define HAVE_STATVFS 1
| #define HAVE_DUP2 1
| #define HAVE_GETPGRP 1
| #define HAVE_SETPGRP 1
| #define HAVE_SETNS 1
| #define HAVE_UNSHARE 1
| #define HAVE_CLOCK_GETTIME 1
| #define HAVE_CLOCK_GETRES 1
| #define HAVE_CLOCK_SETTIME 1
| #define HAVE_CLOCK_NANOSLEEP 1
| #define HAVE_NANOSLEEP 1
| #define HAVE_DEVICE_MACROS 1
| #define SYS_SELECT_WITH_SYS_TIME 1
| #define HAVE_GETADDRINFO 1
| #define HAVE_GETNAMEINFO 1
| #define HAVE_STRUCT_TM_TM_ZONE 1
| #define HAVE_TM_ZONE 1
| #define HAVE_STRUCT_STAT_ST_RDEV 1
| #define HAVE_STRUCT_STAT_ST_BLKSIZE 1
| /* end confdefs.h.  */
| #include <stddef.h>
| #ifdef HAVE_STDIO_H
| # include <stdio.h>
| #endif
| #ifdef HAVE_STDLIB_H
| # include <stdlib.h>
| #endif
| #ifdef HAVE_STRING_H
| # include <string.h>
| #endif
| #ifdef HAVE_INTTYPES_H
| # include <inttypes.h>
| #endif
| #ifdef HAVE_STDINT_H
| # include <stdint.h>
| #endif
| #ifdef HAVE_STRINGS_H
| # include <strings.h>
| #endif
| #ifdef HAVE_SYS_TYPES_H
| # include <sys/types.h>
| #endif
| #ifdef HAVE_SYS_STAT_H
| # include <sys/stat.h>
| #endif
| #ifdef HAVE_UNISTD_H
| # include <unistd.h>
| #endif
| int
| main (void)
| {
| static struct stat ac_aggr;
| if (ac_aggr.st_gen)
| return 0;
|   ;
|   return 0;
| }
configure:22950: gcc -c   conftest.c >&5
conftest.c: In function 'main':
conftest.c:456:20: error: 'struct stat' has no member named 'st_gen'; did you mean 'st_dev'?
  456 | if (sizeof ac_aggr.st_gen)
      |                    ^~~~~~
      |                    st_dev
configure:22950: $? = 1
configure: failed program was:
| /* confdefs.h */
| #define _NETBSD_SOURCE 1
| #define __BSD_VISIBLE 1
| #define _DARWIN_C_SOURCE 1
| #define _PYTHONFRAMEWORK ""
| #define _XOPEN_SOURCE 700
| #define _XOPEN_SOURCE_EXTENDED 1
| #define _POSIX_C_SOURCE 200809L
| #define HAVE_STDIO_H 1
| #define HAVE_STDLIB_H 1
| #define HAVE_STRING_H 1
| #define HAVE_INTTYPES_H 1
| #define HAVE_STDINT_H 1
| #define HAVE_STRINGS_H 1
| #define HAVE_SYS_STAT_H 1
| #define HAVE_SYS_TYPES_H 1
| #define HAVE_UNISTD_H 1
| #define HAVE_WCHAR_H 1
| #define STDC_HEADERS 1
| #define _ALL_SOURCE 1
| #define _DARWIN_C_SOURCE 1
| #define _GNU_SOURCE 1
| #define _HPUX_ALT_XOPEN_SOCKET_API 1
| #define _NETBSD_SOURCE 1
| #define _OPENBSD_SOURCE 1
| #define _POSIX_PTHREAD_SEMANTICS 1
| #define __STDC_WANT_IEC_60559_ATTRIBS_EXT__ 1
| #define __STDC_WANT_IEC_60559_BFP_EXT__ 1
| #define __STDC_WANT_IEC_60559_DFP_EXT__ 1
| #define __STDC_WANT_IEC_60559_FUNCS_EXT__ 1
| #define __STDC_WANT_IEC_60559_TYPES_EXT__ 1
| #define __STDC_WANT_LIB_EXT2__ 1
| #define __STDC_WANT_MATH_SPEC_FUNCS__ 1
| #define _TANDEM_SOURCE 1
| #define __EXTENSIONS__ 1
| #define PY_SUPPORT_TIER 1
| #define STDC_HEADERS 1
| #define HAVE_ALLOCA_H 1
| #define HAVE_ASM_TYPES_H 1
| #define HAVE_DLFCN_H 1
| #define HAVE_ENDIAN_H 1
| #define HAVE_ERRNO_H 1
| #define HAVE_FCNTL_H 1
| #define HAVE_GRP_H 1
| #define HAVE_LANGINFO_H 1
| #define HAVE_LIBINTL_H 1
| #define HAVE_LINUX_AUXVEC_H 1
| #define HAVE_SYS_AUXV_H 1
| #define HAVE_LINUX_FS_H 1
| #define HAVE_LINUX_LIMITS_H 1
| #define HAVE_LINUX_MEMFD_H 1
| #define HAVE_LINUX_RANDOM_H 1
| #define HAVE_LINUX_SOUNDCARD_H 1
| #define HAVE_LINUX_TIPC_H 1
| #define HAVE_LINUX_WAIT_H 1
| #define HAVE_NETDB_H 1
| #define HAVE_NET_ETHERNET_H 1
| #define HAVE_NETINET_IN_H 1
| #define HAVE_NETPACKET_PACKET_H 1
| #define HAVE_POLL_H 1
| #define HAVE_PTHREAD_H 1
| #define HAVE_PTY_H 1
| #define HAVE_SCHED_H 1
| #define HAVE_SETJMP_H 1
| #define HAVE_SHADOW_H 1
| #define HAVE_SIGNAL_H 1
| #define HAVE_SPAWN_H 1
| #define HAVE_SYS_EPOLL_H 1
| #define HAVE_SYS_EVENTFD_H 1
| #define HAVE_SYS_FILE_H 1
| #define HAVE_SYS_IOCTL_H 1
| #define HAVE_SYS_MMAN_H 1
| #define HAVE_SYS_PARAM_H 1
| #define HAVE_SYS_POLL_H 1
| #define HAVE_SYS_RANDOM_H 1
| #define HAVE_SYS_RESOURCE_H 1
| #define HAVE_SYS_SELECT_H 1
| #define HAVE_SYS_SENDFILE_H 1
| #define HAVE_SYS_SOCKET_H 1
| #define HAVE_SYS_SOUNDCARD_H 1
| #define HAVE_SYS_STAT_H 1
| #define HAVE_SYS_STATVFS_H 1
| #define HAVE_SYS_SYSCALL_H 1
| #define HAVE_SYS_SYSMACROS_H 1
| #define HAVE_SYS_TIME_H 1
| #define HAVE_SYS_TIMES_H 1
| #define HAVE_SYS_TIMERFD_H 1
| #define HAVE_SYS_TYPES_H 1
| #define HAVE_SYS_UIO_H 1
| #define HAVE_SYS_UN_H 1
| #define HAVE_SYS_UTSNAME_H 1
| #define HAVE_SYS_WAIT_H 1
| #define HAVE_SYS_XATTR_H 1
| #define HAVE_SYSEXITS_H 1
| #define HAVE_SYSLOG_H 1
| #define HAVE_TERMIOS_H 1
| #define HAVE_UTIME_H 1
| #define HAVE_UTMP_H 1
| #define HAVE_DIRENT_H 1
| #define MAJOR_IN_SYSMACROS 1
| #define HAVE_NET_IF_H 1
| #define HAVE_LINUX_NETLINK_H 1
| #define HAVE_LINUX_QRTR_H 1
| #define HAVE_LINUX_VM_SOCKETS_H 1
| #define HAVE_LINUX_CAN_H 1
| #define HAVE_LINUX_CAN_BCM_H 1
| #define HAVE_LINUX_CAN_J1939_H 1
| #define HAVE_LINUX_CAN_RAW_H 1
| #define HAVE_CLOCK_T 1
| #define HAVE_MAKEDEV 1
| #define HAVE_HTOLE64 1
| #define _LARGEFILE_SOURCE 1
| #define _FILE_OFFSET_BITS 64
| #if defined(SCO_DS)
| #undef _OFF_T
| #endif
| #define RETSIGTYPE void
| #define HAVE_SSIZE_T 1
| #define HAVE___UINT128_T 1
| #define HAVE_GCC_UINT128_T 1
| #define SIZEOF_INT 4
| #define SIZEOF_LONG 8
| #define ALIGNOF_LONG 8
| #define SIZEOF_LONG_LONG 8
| #define SIZEOF_VOID_P 8
| #define SIZEOF_SHORT 2
| #define SIZEOF_FLOAT 4
| #define SIZEOF_DOUBLE 8
| #define SIZEOF_FPOS_T 16
| #define SIZEOF_SIZE_T 8
| #define ALIGNOF_SIZE_T 8
| #define SIZEOF_PID_T 4
| #define SIZEOF_UINTPTR_T 8
| #define ALIGNOF_MAX_ALIGN_T 16
| #define HAVE_LONG_DOUBLE 1
| #define SIZEOF_LONG_DOUBLE 16
| #define SIZEOF__BOOL 1
| #define SIZEOF_OFF_T 8
| #define SIZEOF_TIME_T 8
| #define SIZEOF_PTHREAD_T 8
| #define SIZEOF_PTHREAD_KEY_T 4
| #define PTHREAD_KEY_T_IS_COMPATIBLE_WITH_INT 1
| #define PY_HAVE_PERF_TRAMPOLINE 1
| #define HAVE_LIBDL 1
| #define HAVE_FFI_PREP_CIF_VAR 1
| #define HAVE_FFI_PREP_CLOSURE_LOC 1
| #define HAVE_FFI_CLOSURE_ALLOC 1
| #define WITH_DECIMAL_CONTEXTVAR 1
| #define HAVE_LIBSQLITE3 1
| #define HAVE_LIBSQLITE3 1
| #define HAVE_LIBSQLITE3 1
| #define HAVE_LIBSQLITE3 1
| #define HAVE_LIBSQLITE3 1
| #define HAVE_LIBSQLITE3 1
| #define HAVE_LIBSQLITE3 1
| #define HAVE_LIBSQLITE3 1
| #define HAVE_LIBSQLITE3 1
| #define PY_SQLITE_HAVE_SERIALIZE 1
| #define HAVE_GDBM_H 1
| #define _REENTRANT 1
| #define PTHREAD_SYSTEM_SCHED_SUPPORTED 1
| #define HAVE_PTHREAD_SIGMASK 1
| #define HAVE_PTHREAD_GETCPUCLOCKID 1
| #define ENABLE_IPV6 1
| #define HAVE_LINUX_CAN_RAW_FD_FRAMES 1
| #define HAVE_LINUX_CAN_RAW_JOIN_FILTERS 1
| #define WITH_DOC_STRINGS 1
| #define HAVE_STD_ATOMIC 1
| #define HAVE_BUILTIN_ATOMIC 1
| #define WITH_MIMALLOC 1
| #define WITH_PYMALLOC 1
| #define WITH_FREELISTS 1
| #define PY_COERCE_C_LOCALE 1
| #define HAVE_DLOPEN 1
| #define HAVE_DYNAMIC_LOADING 1
| #define HAVE_ACCEPT4 1
| #define HAVE_ALARM 1
| #define HAVE_BIND_TEXTDOMAIN_CODESET 1
| #define HAVE_CHMOD 1
| #define HAVE_CHOWN 1
| #define HAVE_CLOCK 1
| #define HAVE_CLOSEFROM 1
| #define HAVE_CLOSE_RANGE 1
| #define HAVE_CONFSTR 1
| #define HAVE_COPY_FILE_RANGE 1
| #define HAVE_CTERMID 1
| #define HAVE_DUP 1
| #define HAVE_DUP3 1
| #define HAVE_EXECV 1
| #define HAVE_EXPLICIT_BZERO 1
| #define HAVE_FACCESSAT 1
| #define HAVE_FCHMOD 1
| #define HAVE_FCHMODAT 1
| #define HAVE_FCHOWN 1
| #define HAVE_FCHOWNAT 1
| #define HAVE_FDOPENDIR 1
| #define HAVE_FEXECVE 1
| #define HAVE_FORK 1
| #define HAVE_FPATHCONF 1
| #define HAVE_FSTATAT 1
| #define HAVE_FTIME 1
| #define HAVE_FTRUNCATE 1
| #define HAVE_FUTIMENS 1
| #define HAVE_FUTIMES 1
| #define HAVE_FUTIMESAT 1
| #define HAVE_GAI_STRERROR 1
| #define HAVE_GETEGID 1
| #define HAVE_GETEUID 1
| #define HAVE_GETGID 1
| #define HAVE_GETGRENT 1
| #define HAVE_GETGRGID 1
| #define HAVE_GETGRGID_R 1
| #define HAVE_GETGRNAM_R 1
| #define HAVE_GETGROUPLIST 1
| #define HAVE_GETHOSTNAME 1
| #define HAVE_GETITIMER 1
| #define HAVE_GETLOADAVG 1
| #define HAVE_GETLOGIN 1
| #define HAVE_GETPEERNAME 1
| #define HAVE_GETPGID 1
| #define HAVE_GETPID 1
| #define HAVE_GETPPID 1
| #define HAVE_GETPRIORITY 1
| #define HAVE_GETPWENT 1
| #define HAVE_GETPWNAM_R 1
| #define HAVE_GETPWUID 1
| #define HAVE_GETPWUID_R 1
| #define HAVE_GETRESGID 1
| #define HAVE_GETRESUID 1
| #define HAVE_GETRUSAGE 1
| #define HAVE_GETSID 1
| #define HAVE_GETSPENT 1
| #define HAVE_GETSPNAM 1
| #define HAVE_GETUID 1
| #define HAVE_GETWD 1
| #define HAVE_GRANTPT 1
| #define HAVE_IF_NAMEINDEX 1
| #define HAVE_INITGROUPS 1
| #define HAVE_KILL 1
| #define HAVE_KILLPG 1
| #define HAVE_LCHOWN 1
| #define HAVE_LINKAT 1
| #define HAVE_LOCKF 1
| #define HAVE_LSTAT 1
| #define HAVE_LUTIMES 1
| #define HAVE_MADVISE 1
| #define HAVE_MBRTOWC 1
| #define HAVE_MEMRCHR 1
| #define HAVE_MKDIRAT 1
| #define HAVE_MKFIFO 1
| #define HAVE_MKFIFOAT 1
| #define HAVE_MKNOD 1
| #define HAVE_MKNODAT 1
| #define HAVE_MKTIME 1
| #define HAVE_MMAP 1
| #define HAVE_MREMAP 1
| #define HAVE_NICE 1
| #define HAVE_OPENAT 1
| #define HAVE_OPENDIR 1
| #define HAVE_PATHCONF 1
| #define HAVE_PAUSE 1
| #define HAVE_PIPE 1
| #define HAVE_PIPE2 1
| #define HAVE_POLL 1
| #define HAVE_POSIX_FADVISE 1
| #define HAVE_POSIX_FALLOCATE 1
| #define HAVE_POSIX_OPENPT 1
| #define HAVE_POSIX_SPAWN 1
| #define HAVE_POSIX_SPAWNP 1
| #define HAVE_POSIX_SPAWN_FILE_ACTIONS_ADDCLOSEFROM_NP 1
| #define HAVE_PREAD 1
| #define HAVE_PREADV 1
| #define HAVE_PREADV2 1
| #define HAVE_PROCESS_VM_READV 1
| #define HAVE_PTHREAD_CONDATTR_SETCLOCK 1
| #define HAVE_PTHREAD_KILL 1
| #define HAVE_PTSNAME 1
| #define HAVE_PTSNAME_R 1
| #define HAVE_PWRITE 1
| #define HAVE_PWRITEV 1
| #define HAVE_PWRITEV2 1
| #define HAVE_READLINK 1
| #define HAVE_READLINKAT 1
| #define HAVE_READV 1
| #define HAVE_REALPATH 1
| #define HAVE_RENAMEAT 1
| #define HAVE_SCHED_GET_PRIORITY_MAX 1
| #define HAVE_SCHED_RR_GET_INTERVAL 1
| #define HAVE_SCHED_SETAFFINITY 1
| #define HAVE_SCHED_SETPARAM 1
| #define HAVE_SCHED_SETSCHEDULER 1
| #define HAVE_SEM_CLOCKWAIT 1
| #define HAVE_SEM_GETVALUE 1
| #define HAVE_SEM_OPEN 1
| #define HAVE_SEM_TIMEDWAIT 1
| #define HAVE_SEM_UNLINK 1
| #define HAVE_SENDFILE 1
| #define HAVE_SETEGID 1
| #define HAVE_SETEUID 1
| #define HAVE_SETGID 1
| #define HAVE_SETHOSTNAME 1
| #define HAVE_SETITIMER 1
| #define HAVE_SETLOCALE 1
| #define HAVE_SETPGID 1
| #define HAVE_SETPGRP 1
| #define HAVE_SETPRIORITY 1
| #define HAVE_SETREGID 1
| #define HAVE_SETRESGID 1
| #define HAVE_SETRESUID 1
| #define HAVE_SETREUID 1
| #define HAVE_SETSID 1
| #define HAVE_SETUID 1
| #define HAVE_SETVBUF 1
| #define HAVE_SHUTDOWN 1
| #define HAVE_SIGACTION 1
| #define HAVE_SIGALTSTACK 1
| #define HAVE_SIGFILLSET 1
| #define HAVE_SIGINTERRUPT 1
| #define HAVE_SIGPENDING 1
| #define HAVE_SIGRELSE 1
| #define HAVE_SIGTIMEDWAIT 1
| #define HAVE_SIGWAIT 1
| #define HAVE_SIGWAITINFO 1
| #define HAVE_SNPRINTF 1
| #define HAVE_SPLICE 1
| #define HAVE_STRFTIME 1
| #define HAVE_STRSIGNAL 1
| #define HAVE_SYMLINKAT 1
| #define HAVE_SYNC 1
| #define HAVE_SYSCONF 1
| #define HAVE_TCGETPGRP 1
| #define HAVE_TCSETPGRP 1
| #define HAVE_TEMPNAM 1
| #define HAVE_TIMEGM 1
| #define HAVE_TIMES 1
| #define HAVE_TMPFILE 1
| #define HAVE_TMPNAM 1
| #define HAVE_TMPNAM_R 1
| #define HAVE_TRUNCATE 1
| #define HAVE_TTYNAME_R 1
| #define HAVE_UMASK 1
| #define HAVE_UNAME 1
| #define HAVE_UNLINKAT 1
| #define HAVE_UNLOCKPT 1
| #define HAVE_UTIMENSAT 1
| #define HAVE_UTIMES 1
| #define HAVE_VFORK 1
| #define HAVE_WAIT 1
| #define HAVE_WAIT3 1
| #define HAVE_WAIT4 1
| #define HAVE_WAITID 1
| #define HAVE_WAITPID 1
| #define HAVE_WCSCOLL 1
| #define HAVE_WCSFTIME 1
| #define HAVE_WCSXFRM 1
| #define HAVE_WMEMCMP 1
| #define HAVE_WRITEV 1
| #define HAVE_GETENTROPY 1
| #define HAVE_GETGROUPS 1
| #define HAVE_SYSTEM 1
| #define HAVE_DIRFD 1
| #define HAVE_CHROOT 1
| #define HAVE_LINK 1
| #define HAVE_SYMLINK 1
| #define HAVE_FCHDIR 1
| #define HAVE_FSYNC 1
| #define HAVE_FDATASYNC 1
| #define HAVE_EPOLL 1
| #define HAVE_EPOLL_CREATE1 1
| #define HAVE_PRLIMIT 1
| #define HAVE_MEMFD_CREATE 1
| #define HAVE_EVENTFD 1
| #define HAVE_TIMERFD_CREATE 1
| #define HAVE_FLOCK 1
| #define HAVE_GETPAGESIZE 1
| #define HAVE_ZLIB_COPY 1
| #define HAVE_BZLIB_H 1
| #define HAVE_HSTRERROR 1
| #define HAVE_GETSERVBYNAME 1
| #define HAVE_GETSERVBYPORT 1
| #define HAVE_GETHOSTBYNAME 1
| #define HAVE_GETHOSTBYADDR 1
| #define HAVE_GETPROTOBYNAME 1
| #define HAVE_INET_ATON 1
| #define HAVE_INET_NTOA 1
| #define HAVE_INET_PTON 1
| #define HAVE_GETPEERNAME 1
| #define HAVE_GETSOCKNAME 1
| #define HAVE_ACCEPT 1
| #define HAVE_BIND 1
| #define HAVE_CONNECT 1
| #define HAVE_LISTEN 1
| #define HAVE_RECVFROM 1
| #define HAVE_SENDTO 1
| #define HAVE_SETSOCKOPT 1
| #define HAVE_SOCKET 1
| #define HAVE_SETGROUPS 1
| #define HAVE_OPENPTY 1
| #define HAVE_LOGIN_TTY 1
| #define HAVE_FORKPTY 1
| #define HAVE_FSEEKO 1
| #define HAVE_FSTATVFS 1
| #define HAVE_FTELLO 1
| #define HAVE_STATVFS 1
| #define HAVE_DUP2 1
| #define HAVE_GETPGRP 1
| #define HAVE_SETPGRP 1
| #define HAVE_SETNS 1
| #define HAVE_UNSHARE 1
| #define HAVE_CLOCK_GETTIME 1
| #define HAVE_CLOCK_GETRES 1
| #define HAVE_CLOCK_SETTIME 1
| #define HAVE_CLOCK_NANOSLEEP 1
| #define HAVE_NANOSLEEP 1
| #define HAVE_DEVICE_MACROS 1
| #define SYS_SELECT_WITH_SYS_TIME 1
| #define HAVE_GETADDRINFO 1
| #define HAVE_GETNAMEINFO 1
| #define HAVE_STRUCT_TM_TM_ZONE 1
| #define HAVE_TM_ZONE 1
| #define HAVE_STRUCT_STAT_ST_RDEV 1
| #define HAVE_STRUCT_STAT_ST_BLKSIZE 1
| /* end confdefs.h.  */
| #include <stddef.h>
| #ifdef HAVE_STDIO_H
| # include <stdio.h>
| #endif
| #ifdef HAVE_STDLIB_H
| # include <stdlib.h>
| #endif
| #ifdef HAVE_STRING_H
| # include <string.h>
| #endif
| #ifdef HAVE_INTTYPES_H
| # include <inttypes.h>
| #endif
| #ifdef HAVE_STDINT_H
| # include <stdint.h>
| #endif
| #ifdef HAVE_STRINGS_H
| # include <strings.h>
| #endif
| #ifdef HAVE_SYS_TYPES_H
| # include <sys/types.h>
| #endif
| #ifdef HAVE_SYS_STAT_H
| # include <sys/stat.h>
| #endif
| #ifdef HAVE_UNISTD_H
| # include <unistd.h>
| #endif
| int
| main (void)
| {
| static struct stat ac_aggr;
| if (sizeof ac_aggr.st_gen)
| return 0;
|   ;
|   return 0;
| }
configure:22950: result: no
configure:22959: checking for struct stat.st_birthtime
configure:22959: gcc -c   conftest.c >&5
conftest.c: In function 'main':
conftest.c:456:12: error: 'struct stat' has no member named 'st_birthtime'
  456 | if (ac_aggr.st_birthtime)
      |            ^
configure:22959: $? = 1
configure: failed program was:
| /* confdefs.h */
| #define _NETBSD_SOURCE 1
| #define __BSD_VISIBLE 1
| #define _DARWIN_C_SOURCE 1
| #define _PYTHONFRAMEWORK ""
| #define _XOPEN_SOURCE 700
| #define _XOPEN_SOURCE_EXTENDED 1
| #define _POSIX_C_SOURCE 200809L
| #define HAVE_STDIO_H 1
| #define HAVE_STDLIB_H 1
| #define HAVE_STRING_H 1
| #define HAVE_INTTYPES_H 1
| #define HAVE_STDINT_H 1
| #define HAVE_STRINGS_H 1
| #define HAVE_SYS_STAT_H 1
| #define HAVE_SYS_TYPES_H 1
| #define HAVE_UNISTD_H 1
| #define HAVE_WCHAR_H 1
| #define STDC_HEADERS 1
| #define _ALL_SOURCE 1
| #define _DARWIN_C_SOURCE 1
| #define _GNU_SOURCE 1
| #define _HPUX_ALT_XOPEN_SOCKET_API 1
| #define _NETBSD_SOURCE 1
| #define _OPENBSD_SOURCE 1
| #define _POSIX_PTHREAD_SEMANTICS 1
| #define __STDC_WANT_IEC_60559_ATTRIBS_EXT__ 1
| #define __STDC_WANT_IEC_60559_BFP_EXT__ 1
| #define __STDC_WANT_IEC_60559_DFP_EXT__ 1
| #define __STDC_WANT_IEC_60559_FUNCS_EXT__ 1
| #define __STDC_WANT_IEC_60559_TYPES_EXT__ 1
| #define __STDC_WANT_LIB_EXT2__ 1
| #define __STDC_WANT_MATH_SPEC_FUNCS__ 1
| #define _TANDEM_SOURCE 1
| #define __EXTENSIONS__ 1
| #define PY_SUPPORT_TIER 1
| #define STDC_HEADERS 1
| #define HAVE_ALLOCA_H 1
| #define HAVE_ASM_TYPES_H 1
| #define HAVE_DLFCN_H 1
| #define HAVE_ENDIAN_H 1
| #define HAVE_ERRNO_H 1
| #define HAVE_FCNTL_H 1
| #define HAVE_GRP_H 1
| #define HAVE_LANGINFO_H 1
| #define HAVE_LIBINTL_H 1
| #define HAVE_LINUX_AUXVEC_H 1
| #define HAVE_SYS_AUXV_H 1
| #define HAVE_LINUX_FS_H 1
| #define HAVE_LINUX_LIMITS_H 1
| #define HAVE_LINUX_MEMFD_H 1
| #define HAVE_LINUX_RANDOM_H 1
| #define HAVE_LINUX_SOUNDCARD_H 1
| #define HAVE_LINUX_TIPC_H 1
| #define HAVE_LINUX_WAIT_H 1
| #define HAVE_NETDB_H 1
| #define HAVE_NET_ETHERNET_H 1
| #define HAVE_NETINET_IN_H 1
| #define HAVE_NETPACKET_PACKET_H 1
| #define HAVE_POLL_H 1
| #define HAVE_PTHREAD_H 1
| #define HAVE_PTY_H 1
| #define HAVE_SCHED_H 1
| #define HAVE_SETJMP_H 1
| #define HAVE_SHADOW_H 1
| #define HAVE_SIGNAL_H 1
| #define HAVE_SPAWN_H 1
| #define HAVE_SYS_EPOLL_H 1
| #define HAVE_SYS_EVENTFD_H 1
| #define HAVE_SYS_FILE_H 1
| #define HAVE_SYS_IOCTL_H 1
| #define HAVE_SYS_MMAN_H 1
| #define HAVE_SYS_PARAM_H 1
| #define HAVE_SYS_POLL_H 1
| #define HAVE_SYS_RANDOM_H 1
| #define HAVE_SYS_RESOURCE_H 1
| #define HAVE_SYS_SELECT_H 1
| #define HAVE_SYS_SENDFILE_H 1
| #define HAVE_SYS_SOCKET_H 1
| #define HAVE_SYS_SOUNDCARD_H 1
| #define HAVE_SYS_STAT_H 1
| #define HAVE_SYS_STATVFS_H 1
| #define HAVE_SYS_SYSCALL_H 1
| #define HAVE_SYS_SYSMACROS_H 1
| #define HAVE_SYS_TIME_H 1
| #define HAVE_SYS_TIMES_H 1
| #define HAVE_SYS_TIMERFD_H 1
| #define HAVE_SYS_TYPES_H 1
| #define HAVE_SYS_UIO_H 1
| #define HAVE_SYS_UN_H 1
| #define HAVE_SYS_UTSNAME_H 1
| #define HAVE_SYS_WAIT_H 1
| #define HAVE_SYS_XATTR_H 1
| #define HAVE_SYSEXITS_H 1
| #define HAVE_SYSLOG_H 1
| #define HAVE_TERMIOS_H 1
| #define HAVE_UTIME_H 1
| #define HAVE_UTMP_H 1
| #define HAVE_DIRENT_H 1
| #define MAJOR_IN_SYSMACROS 1
| #define HAVE_NET_IF_H 1
| #define HAVE_LINUX_NETLINK_H 1
| #define HAVE_LINUX_QRTR_H 1
| #define HAVE_LINUX_VM_SOCKETS_H 1
| #define HAVE_LINUX_CAN_H 1
| #define HAVE_LINUX_CAN_BCM_H 1
| #define HAVE_LINUX_CAN_J1939_H 1
| #define HAVE_LINUX_CAN_RAW_H 1
| #define HAVE_CLOCK_T 1
| #define HAVE_MAKEDEV 1
| #define HAVE_HTOLE64 1
| #define _LARGEFILE_SOURCE 1
| #define _FILE_OFFSET_BITS 64
| #if defined(SCO_DS)
| #undef _OFF_T
| #endif
| #define RETSIGTYPE void
| #define HAVE_SSIZE_T 1
| #define HAVE___UINT128_T 1
| #define HAVE_GCC_UINT128_T 1
| #define SIZEOF_INT 4
| #define SIZEOF_LONG 8
| #define ALIGNOF_LONG 8
| #define SIZEOF_LONG_LONG 8
| #define SIZEOF_VOID_P 8
| #define SIZEOF_SHORT 2
| #define SIZEOF_FLOAT 4
| #define SIZEOF_DOUBLE 8
| #define SIZEOF_FPOS_T 16
| #define SIZEOF_SIZE_T 8
| #define ALIGNOF_SIZE_T 8
| #define SIZEOF_PID_T 4
| #define SIZEOF_UINTPTR_T 8
| #define ALIGNOF_MAX_ALIGN_T 16
| #define HAVE_LONG_DOUBLE 1
| #define SIZEOF_LONG_DOUBLE 16
| #define SIZEOF__BOOL 1
| #define SIZEOF_OFF_T 8
| #define SIZEOF_TIME_T 8
| #define SIZEOF_PTHREAD_T 8
| #define SIZEOF_PTHREAD_KEY_T 4
| #define PTHREAD_KEY_T_IS_COMPATIBLE_WITH_INT 1
| #define PY_HAVE_PERF_TRAMPOLINE 1
| #define HAVE_LIBDL 1
| #define HAVE_FFI_PREP_CIF_VAR 1
| #define HAVE_FFI_PREP_CLOSURE_LOC 1
| #define HAVE_FFI_CLOSURE_ALLOC 1
| #define WITH_DECIMAL_CONTEXTVAR 1
| #define HAVE_LIBSQLITE3 1
| #define HAVE_LIBSQLITE3 1
| #define HAVE_LIBSQLITE3 1
| #define HAVE_LIBSQLITE3 1
| #define HAVE_LIBSQLITE3 1
| #define HAVE_LIBSQLITE3 1
| #define HAVE_LIBSQLITE3 1
| #define HAVE_LIBSQLITE3 1
| #define HAVE_LIBSQLITE3 1
| #define PY_SQLITE_HAVE_SERIALIZE 1
| #define HAVE_GDBM_H 1
| #define _REENTRANT 1
| #define PTHREAD_SYSTEM_SCHED_SUPPORTED 1
| #define HAVE_PTHREAD_SIGMASK 1
| #define HAVE_PTHREAD_GETCPUCLOCKID 1
| #define ENABLE_IPV6 1
| #define HAVE_LINUX_CAN_RAW_FD_FRAMES 1
| #define HAVE_LINUX_CAN_RAW_JOIN_FILTERS 1
| #define WITH_DOC_STRINGS 1
| #define HAVE_STD_ATOMIC 1
| #define HAVE_BUILTIN_ATOMIC 1
| #define WITH_MIMALLOC 1
| #define WITH_PYMALLOC 1
| #define WITH_FREELISTS 1
| #define PY_COERCE_C_LOCALE 1
| #define HAVE_DLOPEN 1
| #define HAVE_DYNAMIC_LOADING 1
| #define HAVE_ACCEPT4 1
| #define HAVE_ALARM 1
| #define HAVE_BIND_TEXTDOMAIN_CODESET 1
| #define HAVE_CHMOD 1
| #define HAVE_CHOWN 1
| #define HAVE_CLOCK 1
| #define HAVE_CLOSEFROM 1
| #define HAVE_CLOSE_RANGE 1
| #define HAVE_CONFSTR 1
| #define HAVE_COPY_FILE_RANGE 1
| #define HAVE_CTERMID 1
| #define HAVE_DUP 1
| #define HAVE_DUP3 1
| #define HAVE_EXECV 1
| #define HAVE_EXPLICIT_BZERO 1
| #define HAVE_FACCESSAT 1
| #define HAVE_FCHMOD 1
| #define HAVE_FCHMODAT 1
| #define HAVE_FCHOWN 1
| #define HAVE_FCHOWNAT 1
| #define HAVE_FDOPENDIR 1
| #define HAVE_FEXECVE 1
| #define HAVE_FORK 1
| #define HAVE_FPATHCONF 1
| #define HAVE_FSTATAT 1
| #define HAVE_FTIME 1
| #define HAVE_FTRUNCATE 1
| #define HAVE_FUTIMENS 1
| #define HAVE_FUTIMES 1
| #define HAVE_FUTIMESAT 1
| #define HAVE_GAI_STRERROR 1
| #define HAVE_GETEGID 1
| #define HAVE_GETEUID 1
| #define HAVE_GETGID 1
| #define HAVE_GETGRENT 1
| #define HAVE_GETGRGID 1
| #define HAVE_GETGRGID_R 1
| #define HAVE_GETGRNAM_R 1
| #define HAVE_GETGROUPLIST 1
| #define HAVE_GETHOSTNAME 1
| #define HAVE_GETITIMER 1
| #define HAVE_GETLOADAVG 1
| #define HAVE_GETLOGIN 1
| #define HAVE_GETPEERNAME 1
| #define HAVE_GETPGID 1
| #define HAVE_GETPID 1
| #define HAVE_GETPPID 1
| #define HAVE_GETPRIORITY 1
| #define HAVE_GETPWENT 1
| #define HAVE_GETPWNAM_R 1
| #define HAVE_GETPWUID 1
| #define HAVE_GETPWUID_R 1
| #define HAVE_GETRESGID 1
| #define HAVE_GETRESUID 1
| #define HAVE_GETRUSAGE 1
| #define HAVE_GETSID 1
| #define HAVE_GETSPENT 1
| #define HAVE_GETSPNAM 1
| #define HAVE_GETUID 1
| #define HAVE_GETWD 1
| #define HAVE_GRANTPT 1
| #define HAVE_IF_NAMEINDEX 1
| #define HAVE_INITGROUPS 1
| #define HAVE_KILL 1
| #define HAVE_KILLPG 1
| #define HAVE_LCHOWN 1
| #define HAVE_LINKAT 1
| #define HAVE_LOCKF 1
| #define HAVE_LSTAT 1
| #define HAVE_LUTIMES 1
| #define HAVE_MADVISE 1
| #define HAVE_MBRTOWC 1
| #define HAVE_MEMRCHR 1
| #define HAVE_MKDIRAT 1
| #define HAVE_MKFIFO 1
| #define HAVE_MKFIFOAT 1
| #define HAVE_MKNOD 1
| #define HAVE_MKNODAT 1
| #define HAVE_MKTIME 1
| #define HAVE_MMAP 1
| #define HAVE_MREMAP 1
| #define HAVE_NICE 1
| #define HAVE_OPENAT 1
| #define HAVE_OPENDIR 1
| #define HAVE_PATHCONF 1
| #define HAVE_PAUSE 1
| #define HAVE_PIPE 1
| #define HAVE_PIPE2 1
| #define HAVE_POLL 1
| #define HAVE_POSIX_FADVISE 1
| #define HAVE_POSIX_FALLOCATE 1
| #define HAVE_POSIX_OPENPT 1
| #define HAVE_POSIX_SPAWN 1
| #define HAVE_POSIX_SPAWNP 1
| #define HAVE_POSIX_SPAWN_FILE_ACTIONS_ADDCLOSEFROM_NP 1
| #define HAVE_PREAD 1
| #define HAVE_PREADV 1
| #define HAVE_PREADV2 1
| #define HAVE_PROCESS_VM_READV 1
| #define HAVE_PTHREAD_CONDATTR_SETCLOCK 1
| #define HAVE_PTHREAD_KILL 1
| #define HAVE_PTSNAME 1
| #define HAVE_PTSNAME_R 1
| #define HAVE_PWRITE 1
| #define HAVE_PWRITEV 1
| #define HAVE_PWRITEV2 1
| #define HAVE_READLINK 1
| #define HAVE_READLINKAT 1
| #define HAVE_READV 1
| #define HAVE_REALPATH 1
| #define HAVE_RENAMEAT 1
| #define HAVE_SCHED_GET_PRIORITY_MAX 1
| #define HAVE_SCHED_RR_GET_INTERVAL 1
| #define HAVE_SCHED_SETAFFINITY 1
| #define HAVE_SCHED_SETPARAM 1
| #define HAVE_SCHED_SETSCHEDULER 1
| #define HAVE_SEM_CLOCKWAIT 1
| #define HAVE_SEM_GETVALUE 1
| #define HAVE_SEM_OPEN 1
| #define HAVE_SEM_TIMEDWAIT 1
| #define HAVE_SEM_UNLINK 1
| #define HAVE_SENDFILE 1
| #define HAVE_SETEGID 1
| #define HAVE_SETEUID 1
| #define HAVE_SETGID 1
| #define HAVE_SETHOSTNAME 1
| #define HAVE_SETITIMER 1
| #define HAVE_SETLOCALE 1
| #define HAVE_SETPGID 1
| #define HAVE_SETPGRP 1
| #define HAVE_SETPRIORITY 1
| #define HAVE_SETREGID 1
| #define HAVE_SETRESGID 1
| #define HAVE_SETRESUID 1
| #define HAVE_SETREUID 1
| #define HAVE_SETSID 1
| #define HAVE_SETUID 1
| #define HAVE_SETVBUF 1
| #define HAVE_SHUTDOWN 1
| #define HAVE_SIGACTION 1
| #define HAVE_SIGALTSTACK 1
| #define HAVE_SIGFILLSET 1
| #define HAVE_SIGINTERRUPT 1
| #define HAVE_SIGPENDING 1
| #define HAVE_SIGRELSE 1
| #define HAVE_SIGTIMEDWAIT 1
| #define HAVE_SIGWAIT 1
| #define HAVE_SIGWAITINFO 1
| #define HAVE_SNPRINTF 1
| #define HAVE_SPLICE 1
| #define HAVE_STRFTIME 1
| #define HAVE_STRSIGNAL 1
| #define HAVE_SYMLINKAT 1
| #define HAVE_SYNC 1
| #define HAVE_SYSCONF 1
| #define HAVE_TCGETPGRP 1
| #define HAVE_TCSETPGRP 1
| #define HAVE_TEMPNAM 1
| #define HAVE_TIMEGM 1
| #define HAVE_TIMES 1
| #define HAVE_TMPFILE 1
| #define HAVE_TMPNAM 1
| #define HAVE_TMPNAM_R 1
| #define HAVE_TRUNCATE 1
| #define HAVE_TTYNAME_R 1
| #define HAVE_UMASK 1
| #define HAVE_UNAME 1
| #define HAVE_UNLINKAT 1
| #define HAVE_UNLOCKPT 1
| #define HAVE_UTIMENSAT 1
| #define HAVE_UTIMES 1
| #define HAVE_VFORK 1
| #define HAVE_WAIT 1
| #define HAVE_WAIT3 1
| #define HAVE_WAIT4 1
| #define HAVE_WAITID 1
| #define HAVE_WAITPID 1
| #define HAVE_WCSCOLL 1
| #define HAVE_WCSFTIME 1
| #define HAVE_WCSXFRM 1
| #define HAVE_WMEMCMP 1
| #define HAVE_WRITEV 1
| #define HAVE_GETENTROPY 1
| #define HAVE_GETGROUPS 1
| #define HAVE_SYSTEM 1
| #define HAVE_DIRFD 1
| #define HAVE_CHROOT 1
| #define HAVE_LINK 1
| #define HAVE_SYMLINK 1
| #define HAVE_FCHDIR 1
| #define HAVE_FSYNC 1
| #define HAVE_FDATASYNC 1
| #define HAVE_EPOLL 1
| #define HAVE_EPOLL_CREATE1 1
| #define HAVE_PRLIMIT 1
| #define HAVE_MEMFD_CREATE 1
| #define HAVE_EVENTFD 1
| #define HAVE_TIMERFD_CREATE 1
| #define HAVE_FLOCK 1
| #define HAVE_GETPAGESIZE 1
| #define HAVE_ZLIB_COPY 1
| #define HAVE_BZLIB_H 1
| #define HAVE_HSTRERROR 1
| #define HAVE_GETSERVBYNAME 1
| #define HAVE_GETSERVBYPORT 1
| #define HAVE_GETHOSTBYNAME 1
| #define HAVE_GETHOSTBYADDR 1
| #define HAVE_GETPROTOBYNAME 1
| #define HAVE_INET_ATON 1
| #define HAVE_INET_NTOA 1
| #define HAVE_INET_PTON 1
| #define HAVE_GETPEERNAME 1
| #define HAVE_GETSOCKNAME 1
| #define HAVE_ACCEPT 1
| #define HAVE_BIND 1
| #define HAVE_CONNECT 1
| #define HAVE_LISTEN 1
| #define HAVE_RECVFROM 1
| #define HAVE_SENDTO 1
| #define HAVE_SETSOCKOPT 1
| #define HAVE_SOCKET 1
| #define HAVE_SETGROUPS 1
| #define HAVE_OPENPTY 1
| #define HAVE_LOGIN_TTY 1
| #define HAVE_FORKPTY 1
| #define HAVE_FSEEKO 1
| #define HAVE_FSTATVFS 1
| #define HAVE_FTELLO 1
| #define HAVE_STATVFS 1
| #define HAVE_DUP2 1
| #define HAVE_GETPGRP 1
| #define HAVE_SETPGRP 1
| #define HAVE_SETNS 1
| #define HAVE_UNSHARE 1
| #define HAVE_CLOCK_GETTIME 1
| #define HAVE_CLOCK_GETRES 1
| #define HAVE_CLOCK_SETTIME 1
| #define HAVE_CLOCK_NANOSLEEP 1
| #define HAVE_NANOSLEEP 1
| #define HAVE_DEVICE_MACROS 1
| #define SYS_SELECT_WITH_SYS_TIME 1
| #define HAVE_GETADDRINFO 1
| #define HAVE_GETNAMEINFO 1
| #define HAVE_STRUCT_TM_TM_ZONE 1
| #define HAVE_TM_ZONE 1
| #define HAVE_STRUCT_STAT_ST_RDEV 1
| #define HAVE_STRUCT_STAT_ST_BLKSIZE 1
| /* end confdefs.h.  */
| #include <stddef.h>
| #ifdef HAVE_STDIO_H
| # include <stdio.h>
| #endif
| #ifdef HAVE_STDLIB_H
| # include <stdlib.h>
| #endif
| #ifdef HAVE_STRING_H
| # include <string.h>
| #endif
| #ifdef HAVE_INTTYPES_H
| # include <inttypes.h>
| #endif
| #ifdef HAVE_STDINT_H
| # include <stdint.h>
| #endif
| #ifdef HAVE_STRINGS_H
| # include <strings.h>
| #endif
| #ifdef HAVE_SYS_TYPES_H
| # include <sys/types.h>
| #endif
| #ifdef HAVE_SYS_STAT_H
| # include <sys/stat.h>
| #endif
| #ifdef HAVE_UNISTD_H
| # include <unistd.h>
| #endif
| int
| main (void)
| {
| static struct stat ac_aggr;
| if (ac_aggr.st_birthtime)
| return 0;
|   ;
|   return 0;
| }
configure:22959: gcc -c   conftest.c >&5
conftest.c: In function 'main':
conftest.c:456:19: error: 'struct stat' has no member named 'st_birthtime'
  456 | if (sizeof ac_aggr.st_birthtime)
      |                   ^
configure:22959: $? = 1
configure: failed program was:
| /* confdefs.h */
| #define _NETBSD_SOURCE 1
| #define __BSD_VISIBLE 1
| #define _DARWIN_C_SOURCE 1
| #define _PYTHONFRAMEWORK ""
| #define _XOPEN_SOURCE 700
| #define _XOPEN_SOURCE_EXTENDED 1
| #define _POSIX_C_SOURCE 200809L
| #define HAVE_STDIO_H 1
| #define HAVE_STDLIB_H 1
| #define HAVE_STRING_H 1
| #define HAVE_INTTYPES_H 1
| #define HAVE_STDINT_H 1
| #define HAVE_STRINGS_H 1
| #define HAVE_SYS_STAT_H 1
| #define HAVE_SYS_TYPES_H 1
| #define HAVE_UNISTD_H 1
| #define HAVE_WCHAR_H 1
| #define STDC_HEADERS 1
| #define _ALL_SOURCE 1
| #define _DARWIN_C_SOURCE 1
| #define _GNU_SOURCE 1
| #define _HPUX_ALT_XOPEN_SOCKET_API 1
| #define _NETBSD_SOURCE 1
| #define _OPENBSD_SOURCE 1
| #define _POSIX_PTHREAD_SEMANTICS 1
| #define __STDC_WANT_IEC_60559_ATTRIBS_EXT__ 1
| #define __STDC_WANT_IEC_60559_BFP_EXT__ 1
| #define __STDC_WANT_IEC_60559_DFP_EXT__ 1
| #define __STDC_WANT_IEC_60559_FUNCS_EXT__ 1
| #define __STDC_WANT_IEC_60559_TYPES_EXT__ 1
| #define __STDC_WANT_LIB_EXT2__ 1
| #define __STDC_WANT_MATH_SPEC_FUNCS__ 1
| #define _TANDEM_SOURCE 1
| #define __EXTENSIONS__ 1
| #define PY_SUPPORT_TIER 1
| #define STDC_HEADERS 1
| #define HAVE_ALLOCA_H 1
| #define HAVE_ASM_TYPES_H 1
| #define HAVE_DLFCN_H 1
| #define HAVE_ENDIAN_H 1
| #define HAVE_ERRNO_H 1
| #define HAVE_FCNTL_H 1
| #define HAVE_GRP_H 1
| #define HAVE_LANGINFO_H 1
| #define HAVE_LIBINTL_H 1
| #define HAVE_LINUX_AUXVEC_H 1
| #define HAVE_SYS_AUXV_H 1
| #define HAVE_LINUX_FS_H 1
| #define HAVE_LINUX_LIMITS_H 1
| #define HAVE_LINUX_MEMFD_H 1
| #define HAVE_LINUX_RANDOM_H 1
| #define HAVE_LINUX_SOUNDCARD_H 1
| #define HAVE_LINUX_TIPC_H 1
| #define HAVE_LINUX_WAIT_H 1
| #define HAVE_NETDB_H 1
| #define HAVE_NET_ETHERNET_H 1
| #define HAVE_NETINET_IN_H 1
| #define HAVE_NETPACKET_PACKET_H 1
| #define HAVE_POLL_H 1
| #define HAVE_PTHREAD_H 1
| #define HAVE_PTY_H 1
| #define HAVE_SCHED_H 1
| #define HAVE_SETJMP_H 1
| #define HAVE_SHADOW_H 1
| #define HAVE_SIGNAL_H 1
| #define HAVE_SPAWN_H 1
| #define HAVE_SYS_EPOLL_H 1
| #define HAVE_SYS_EVENTFD_H 1
| #define HAVE_SYS_FILE_H 1
| #define HAVE_SYS_IOCTL_H 1
| #define HAVE_SYS_MMAN_H 1
| #define HAVE_SYS_PARAM_H 1
| #define HAVE_SYS_POLL_H 1
| #define HAVE_SYS_RANDOM_H 1
| #define HAVE_SYS_RESOURCE_H 1
| #define HAVE_SYS_SELECT_H 1
| #define HAVE_SYS_SENDFILE_H 1
| #define HAVE_SYS_SOCKET_H 1
| #define HAVE_SYS_SOUNDCARD_H 1
| #define HAVE_SYS_STAT_H 1
| #define HAVE_SYS_STATVFS_H 1
| #define HAVE_SYS_SYSCALL_H 1
| #define HAVE_SYS_SYSMACROS_H 1
| #define HAVE_SYS_TIME_H 1
| #define HAVE_SYS_TIMES_H 1
| #define HAVE_SYS_TIMERFD_H 1
| #define HAVE_SYS_TYPES_H 1
| #define HAVE_SYS_UIO_H 1
| #define HAVE_SYS_UN_H 1
| #define HAVE_SYS_UTSNAME_H 1
| #define HAVE_SYS_WAIT_H 1
| #define HAVE_SYS_XATTR_H 1
| #define HAVE_SYSEXITS_H 1
| #define HAVE_SYSLOG_H 1
| #define HAVE_TERMIOS_H 1
| #define HAVE_UTIME_H 1
| #define HAVE_UTMP_H 1
| #define HAVE_DIRENT_H 1
| #define MAJOR_IN_SYSMACROS 1
| #define HAVE_NET_IF_H 1
| #define HAVE_LINUX_NETLINK_H 1
| #define HAVE_LINUX_QRTR_H 1
| #define HAVE_LINUX_VM_SOCKETS_H 1
| #define HAVE_LINUX_CAN_H 1
| #define HAVE_LINUX_CAN_BCM_H 1
| #define HAVE_LINUX_CAN_J1939_H 1
| #define HAVE_LINUX_CAN_RAW_H 1
| #define HAVE_CLOCK_T 1
| #define HAVE_MAKEDEV 1
| #define HAVE_HTOLE64 1
| #define _LARGEFILE_SOURCE 1
| #define _FILE_OFFSET_BITS 64
| #if defined(SCO_DS)
| #undef _OFF_T
| #endif
| #define RETSIGTYPE void
| #define HAVE_SSIZE_T 1
| #define HAVE___UINT128_T 1
| #define HAVE_GCC_UINT128_T 1
| #define SIZEOF_INT 4
| #define SIZEOF_LONG 8
| #define ALIGNOF_LONG 8
| #define SIZEOF_LONG_LONG 8
| #define SIZEOF_VOID_P 8
| #define SIZEOF_SHORT 2
| #define SIZEOF_FLOAT 4
| #define SIZEOF_DOUBLE 8
| #define SIZEOF_FPOS_T 16
| #define SIZEOF_SIZE_T 8
| #define ALIGNOF_SIZE_T 8
| #define SIZEOF_PID_T 4
| #define SIZEOF_UINTPTR_T 8
| #define ALIGNOF_MAX_ALIGN_T 16
| #define HAVE_LONG_DOUBLE 1
| #define SIZEOF_LONG_DOUBLE 16
| #define SIZEOF__BOOL 1
| #define SIZEOF_OFF_T 8
| #define SIZEOF_TIME_T 8
| #define SIZEOF_PTHREAD_T 8
| #define SIZEOF_PTHREAD_KEY_T 4
| #define PTHREAD_KEY_T_IS_COMPATIBLE_WITH_INT 1
| #define PY_HAVE_PERF_TRAMPOLINE 1
| #define HAVE_LIBDL 1
| #define HAVE_FFI_PREP_CIF_VAR 1
| #define HAVE_FFI_PREP_CLOSURE_LOC 1
| #define HAVE_FFI_CLOSURE_ALLOC 1
| #define WITH_DECIMAL_CONTEXTVAR 1
| #define HAVE_LIBSQLITE3 1
| #define HAVE_LIBSQLITE3 1
| #define HAVE_LIBSQLITE3 1
| #define HAVE_LIBSQLITE3 1
| #define HAVE_LIBSQLITE3 1
| #define HAVE_LIBSQLITE3 1
| #define HAVE_LIBSQLITE3 1
| #define HAVE_LIBSQLITE3 1
| #define HAVE_LIBSQLITE3 1
| #define PY_SQLITE_HAVE_SERIALIZE 1
| #define HAVE_GDBM_H 1
| #define _REENTRANT 1
| #define PTHREAD_SYSTEM_SCHED_SUPPORTED 1
| #define HAVE_PTHREAD_SIGMASK 1
| #define HAVE_PTHREAD_GETCPUCLOCKID 1
| #define ENABLE_IPV6 1
| #define HAVE_LINUX_CAN_RAW_FD_FRAMES 1
| #define HAVE_LINUX_CAN_RAW_JOIN_FILTERS 1
| #define WITH_DOC_STRINGS 1
| #define HAVE_STD_ATOMIC 1
| #define HAVE_BUILTIN_ATOMIC 1
| #define WITH_MIMALLOC 1
| #define WITH_PYMALLOC 1
| #define WITH_FREELISTS 1
| #define PY_COERCE_C_LOCALE 1
| #define HAVE_DLOPEN 1
| #define HAVE_DYNAMIC_LOADING 1
| #define HAVE_ACCEPT4 1
| #define HAVE_ALARM 1
| #define HAVE_BIND_TEXTDOMAIN_CODESET 1
| #define HAVE_CHMOD 1
| #define HAVE_CHOWN 1
| #define HAVE_CLOCK 1
| #define HAVE_CLOSEFROM 1
| #define HAVE_CLOSE_RANGE 1
| #define HAVE_CONFSTR 1
| #define HAVE_COPY_FILE_RANGE 1
| #define HAVE_CTERMID 1
| #define HAVE_DUP 1
| #define HAVE_DUP3 1
| #define HAVE_EXECV 1
| #define HAVE_EXPLICIT_BZERO 1
| #define HAVE_FACCESSAT 1
| #define HAVE_FCHMOD 1
| #define HAVE_FCHMODAT 1
| #define HAVE_FCHOWN 1
| #define HAVE_FCHOWNAT 1
| #define HAVE_FDOPENDIR 1
| #define HAVE_FEXECVE 1
| #define HAVE_FORK 1
| #define HAVE_FPATHCONF 1
| #define HAVE_FSTATAT 1
| #define HAVE_FTIME 1
| #define HAVE_FTRUNCATE 1
| #define HAVE_FUTIMENS 1
| #define HAVE_FUTIMES 1
| #define HAVE_FUTIMESAT 1
| #define HAVE_GAI_STRERROR 1
| #define HAVE_GETEGID 1
| #define HAVE_GETEUID 1
| #define HAVE_GETGID 1
| #define HAVE_GETGRENT 1
| #define HAVE_GETGRGID 1
| #define HAVE_GETGRGID_R 1
| #define HAVE_GETGRNAM_R 1
| #define HAVE_GETGROUPLIST 1
| #define HAVE_GETHOSTNAME 1
| #define HAVE_GETITIMER 1
| #define HAVE_GETLOADAVG 1
| #define HAVE_GETLOGIN 1
| #define HAVE_GETPEERNAME 1
| #define HAVE_GETPGID 1
| #define HAVE_GETPID 1
| #define HAVE_GETPPID 1
| #define HAVE_GETPRIORITY 1
| #define HAVE_GETPWENT 1
| #define HAVE_GETPWNAM_R 1
| #define HAVE_GETPWUID 1
| #define HAVE_GETPWUID_R 1
| #define HAVE_GETRESGID 1
| #define HAVE_GETRESUID 1
| #define HAVE_GETRUSAGE 1
| #define HAVE_GETSID 1
| #define HAVE_GETSPENT 1
| #define HAVE_GETSPNAM 1
| #define HAVE_GETUID 1
| #define HAVE_GETWD 1
| #define HAVE_GRANTPT 1
| #define HAVE_IF_NAMEINDEX 1
| #define HAVE_INITGROUPS 1
| #define HAVE_KILL 1
| #define HAVE_KILLPG 1
| #define HAVE_LCHOWN 1
| #define HAVE_LINKAT 1
| #define HAVE_LOCKF 1
| #define HAVE_LSTAT 1
| #define HAVE_LUTIMES 1
| #define HAVE_MADVISE 1
| #define HAVE_MBRTOWC 1
| #define HAVE_MEMRCHR 1
| #define HAVE_MKDIRAT 1
| #define HAVE_MKFIFO 1
| #define HAVE_MKFIFOAT 1
| #define HAVE_MKNOD 1
| #define HAVE_MKNODAT 1
| #define HAVE_MKTIME 1
| #define HAVE_MMAP 1
| #define HAVE_MREMAP 1
| #define HAVE_NICE 1
| #define HAVE_OPENAT 1
| #define HAVE_OPENDIR 1
| #define HAVE_PATHCONF 1
| #define HAVE_PAUSE 1
| #define HAVE_PIPE 1
| #define HAVE_PIPE2 1
| #define HAVE_POLL 1
| #define HAVE_POSIX_FADVISE 1
| #define HAVE_POSIX_FALLOCATE 1
| #define HAVE_POSIX_OPENPT 1
| #define HAVE_POSIX_SPAWN 1
| #define HAVE_POSIX_SPAWNP 1
| #define HAVE_POSIX_SPAWN_FILE_ACTIONS_ADDCLOSEFROM_NP 1
| #define HAVE_PREAD 1
| #define HAVE_PREADV 1
| #define HAVE_PREADV2 1
| #define HAVE_PROCESS_VM_READV 1
| #define HAVE_PTHREAD_CONDATTR_SETCLOCK 1
| #define HAVE_PTHREAD_KILL 1
| #define HAVE_PTSNAME 1
| #define HAVE_PTSNAME_R 1
| #define HAVE_PWRITE 1
| #define HAVE_PWRITEV 1
| #define HAVE_PWRITEV2 1
| #define HAVE_READLINK 1
| #define HAVE_READLINKAT 1
| #define HAVE_READV 1
| #define HAVE_REALPATH 1
| #define HAVE_RENAMEAT 1
| #define HAVE_SCHED_GET_PRIORITY_MAX 1
| #define HAVE_SCHED_RR_GET_INTERVAL 1
| #define HAVE_SCHED_SETAFFINITY 1
| #define HAVE_SCHED_SETPARAM 1
| #define HAVE_SCHED_SETSCHEDULER 1
| #define HAVE_SEM_CLOCKWAIT 1
| #define HAVE_SEM_GETVALUE 1
| #define HAVE_SEM_OPEN 1
| #define HAVE_SEM_TIMEDWAIT 1
| #define HAVE_SEM_UNLINK 1
| #define HAVE_SENDFILE 1
| #define HAVE_SETEGID 1
| #define HAVE_SETEUID 1
| #define HAVE_SETGID 1
| #define HAVE_SETHOSTNAME 1
| #define HAVE_SETITIMER 1
| #define HAVE_SETLOCALE 1
| #define HAVE_SETPGID 1
| #define HAVE_SETPGRP 1
| #define HAVE_SETPRIORITY 1
| #define HAVE_SETREGID 1
| #define HAVE_SETRESGID 1
| #define HAVE_SETRESUID 1
| #define HAVE_SETREUID 1
| #define HAVE_SETSID 1
| #define HAVE_SETUID 1
| #define HAVE_SETVBUF 1
| #define HAVE_SHUTDOWN 1
| #define HAVE_SIGACTION 1
| #define HAVE_SIGALTSTACK 1
| #define HAVE_SIGFILLSET 1
| #define HAVE_SIGINTERRUPT 1
| #define HAVE_SIGPENDING 1
| #define HAVE_SIGRELSE 1
| #define HAVE_SIGTIMEDWAIT 1
| #define HAVE_SIGWAIT 1
| #define HAVE_SIGWAITINFO 1
| #define HAVE_SNPRINTF 1
| #define HAVE_SPLICE 1
| #define HAVE_STRFTIME 1
| #define HAVE_STRSIGNAL 1
| #define HAVE_SYMLINKAT 1
| #define HAVE_SYNC 1
| #define HAVE_SYSCONF 1
| #define HAVE_TCGETPGRP 1
| #define HAVE_TCSETPGRP 1
| #define HAVE_TEMPNAM 1
| #define HAVE_TIMEGM 1
| #define HAVE_TIMES 1
| #define HAVE_TMPFILE 1
| #define HAVE_TMPNAM 1
| #define HAVE_TMPNAM_R 1
| #define HAVE_TRUNCATE 1
| #define HAVE_TTYNAME_R 1
| #define HAVE_UMASK 1
| #define HAVE_UNAME 1
| #define HAVE_UNLINKAT 1
| #define HAVE_UNLOCKPT 1
| #define HAVE_UTIMENSAT 1
| #define HAVE_UTIMES 1
| #define HAVE_VFORK 1
| #define HAVE_WAIT 1
| #define HAVE_WAIT3 1
| #define HAVE_WAIT4 1
| #define HAVE_WAITID 1
| #define HAVE_WAITPID 1
| #define HAVE_WCSCOLL 1
| #define HAVE_WCSFTIME 1
| #define HAVE_WCSXFRM 1
| #define HAVE_WMEMCMP 1
| #define HAVE_WRITEV 1
| #define HAVE_GETENTROPY 1
| #define HAVE_GETGROUPS 1
| #define HAVE_SYSTEM 1
| #define HAVE_DIRFD 1
| #define HAVE_CHROOT 1
| #define HAVE_LINK 1
| #define HAVE_SYMLINK 1
| #define HAVE_FCHDIR 1
| #define HAVE_FSYNC 1
| #define HAVE_FDATASYNC 1
| #define HAVE_EPOLL 1
| #define HAVE_EPOLL_CREATE1 1
| #define HAVE_PRLIMIT 1
| #define HAVE_MEMFD_CREATE 1
| #define HAVE_EVENTFD 1
| #define HAVE_TIMERFD_CREATE 1
| #define HAVE_FLOCK 1
| #define HAVE_GETPAGESIZE 1
| #define HAVE_ZLIB_COPY 1
| #define HAVE_BZLIB_H 1
| #define HAVE_HSTRERROR 1
| #define HAVE_GETSERVBYNAME 1
| #define HAVE_GETSERVBYPORT 1
| #define HAVE_GETHOSTBYNAME 1
| #define HAVE_GETHOSTBYADDR 1
| #define HAVE_GETPROTOBYNAME 1
| #define HAVE_INET_ATON 1
| #define HAVE_INET_NTOA 1
| #define HAVE_INET_PTON 1
| #define HAVE_GETPEERNAME 1
| #define HAVE_GETSOCKNAME 1
| #define HAVE_ACCEPT 1
| #define HAVE_BIND 1
| #define HAVE_CONNECT 1
| #define HAVE_LISTEN 1
| #define HAVE_RECVFROM 1
| #define HAVE_SENDTO 1
| #define HAVE_SETSOCKOPT 1
| #define HAVE_SOCKET 1
| #define HAVE_SETGROUPS 1
| #define HAVE_OPENPTY 1
| #define HAVE_LOGIN_TTY 1
| #define HAVE_FORKPTY 1
| #define HAVE_FSEEKO 1
| #define HAVE_FSTATVFS 1
| #define HAVE_FTELLO 1
| #define HAVE_STATVFS 1
| #define HAVE_DUP2 1
| #define HAVE_GETPGRP 1
| #define HAVE_SETPGRP 1
| #define HAVE_SETNS 1
| #define HAVE_UNSHARE 1
| #define HAVE_CLOCK_GETTIME 1
| #define HAVE_CLOCK_GETRES 1
| #define HAVE_CLOCK_SETTIME 1
| #define HAVE_CLOCK_NANOSLEEP 1
| #define HAVE_NANOSLEEP 1
| #define HAVE_DEVICE_MACROS 1
| #define SYS_SELECT_WITH_SYS_TIME 1
| #define HAVE_GETADDRINFO 1
| #define HAVE_GETNAMEINFO 1
| #define HAVE_STRUCT_TM_TM_ZONE 1
| #define HAVE_TM_ZONE 1
| #define HAVE_STRUCT_STAT_ST_RDEV 1
| #define HAVE_STRUCT_STAT_ST_BLKSIZE 1
| /* end confdefs.h.  */
| #include <stddef.h>
| #ifdef HAVE_STDIO_H
| # include <stdio.h>
| #endif
| #ifdef HAVE_STDLIB_H
| # include <stdlib.h>
| #endif
| #ifdef HAVE_STRING_H
| # include <string.h>
| #endif
| #ifdef HAVE_INTTYPES_H
| # include <inttypes.h>
| #endif
| #ifdef HAVE_STDINT_H
| # include <stdint.h>
| #endif
| #ifdef HAVE_STRINGS_H
| # include <strings.h>
| #endif
| #ifdef HAVE_SYS_TYPES_H
| # include <sys/types.h>
| #endif
| #ifdef HAVE_SYS_STAT_H
| # include <sys/stat.h>
| #endif
| #ifdef HAVE_UNISTD_H
| # include <unistd.h>
| #endif
| int
| main (void)
| {
| static struct stat ac_aggr;
| if (sizeof ac_aggr.st_birthtime)
| return 0;
|   ;
|   return 0;
| }
configure:22959: result: no
configure:22968: checking for struct stat.st_blocks
configure:22968: gcc -c   conftest.c >&5
configure:22968: $? = 0
configure:22968: result: yes
configure:22977: checking for struct passwd.pw_gecos
configure:22977: gcc -c   conftest.c >&5
configure:22977: $? = 0
configure:22977: result: yes
configure:22989: checking for struct passwd.pw_passwd
configure:22989: gcc -c   conftest.c >&5
configure:22989: $? = 0
configure:22989: result: yes
configure:23003: checking for siginfo_t.si_band
configure:23003: gcc -c   conftest.c >&5
configure:23003: $? = 0
configure:23003: result: yes
configure:23014: checking for time.h that defines altzone
configure:23032: gcc -c   conftest.c >&5
conftest.c: In function 'main':
conftest.c:432:8: error: 'altzone' undeclared (first use in this function)
  432 | return altzone;
      |        ^~~~~~~
conftest.c:432:8: note: each undeclared identifier is reported only once for each function it appears in
configure:23032: $? = 1
configure: failed program was:
| /* confdefs.h */
| #define _NETBSD_SOURCE 1
| #define __BSD_VISIBLE 1
| #define _DARWIN_C_SOURCE 1
| #define _PYTHONFRAMEWORK ""
| #define _XOPEN_SOURCE 700
| #define _XOPEN_SOURCE_EXTENDED 1
| #define _POSIX_C_SOURCE 200809L
| #define HAVE_STDIO_H 1
| #define HAVE_STDLIB_H 1
| #define HAVE_STRING_H 1
| #define HAVE_INTTYPES_H 1
| #define HAVE_STDINT_H 1
| #define HAVE_STRINGS_H 1
| #define HAVE_SYS_STAT_H 1
| #define HAVE_SYS_TYPES_H 1
| #define HAVE_UNISTD_H 1
| #define HAVE_WCHAR_H 1
| #define STDC_HEADERS 1
| #define _ALL_SOURCE 1
| #define _DARWIN_C_SOURCE 1
| #define _GNU_SOURCE 1
| #define _HPUX_ALT_XOPEN_SOCKET_API 1
| #define _NETBSD_SOURCE 1
| #define _OPENBSD_SOURCE 1
| #define _POSIX_PTHREAD_SEMANTICS 1
| #define __STDC_WANT_IEC_60559_ATTRIBS_EXT__ 1
| #define __STDC_WANT_IEC_60559_BFP_EXT__ 1
| #define __STDC_WANT_IEC_60559_DFP_EXT__ 1
| #define __STDC_WANT_IEC_60559_FUNCS_EXT__ 1
| #define __STDC_WANT_IEC_60559_TYPES_EXT__ 1
| #define __STDC_WANT_LIB_EXT2__ 1
| #define __STDC_WANT_MATH_SPEC_FUNCS__ 1
| #define _TANDEM_SOURCE 1
| #define __EXTENSIONS__ 1
| #define PY_SUPPORT_TIER 1
| #define STDC_HEADERS 1
| #define HAVE_ALLOCA_H 1
| #define HAVE_ASM_TYPES_H 1
| #define HAVE_DLFCN_H 1
| #define HAVE_ENDIAN_H 1
| #define HAVE_ERRNO_H 1
| #define HAVE_FCNTL_H 1
| #define HAVE_GRP_H 1
| #define HAVE_LANGINFO_H 1
| #define HAVE_LIBINTL_H 1
| #define HAVE_LINUX_AUXVEC_H 1
| #define HAVE_SYS_AUXV_H 1
| #define HAVE_LINUX_FS_H 1
| #define HAVE_LINUX_LIMITS_H 1
| #define HAVE_LINUX_MEMFD_H 1
| #define HAVE_LINUX_RANDOM_H 1
| #define HAVE_LINUX_SOUNDCARD_H 1
| #define HAVE_LINUX_TIPC_H 1
| #define HAVE_LINUX_WAIT_H 1
| #define HAVE_NETDB_H 1
| #define HAVE_NET_ETHERNET_H 1
| #define HAVE_NETINET_IN_H 1
| #define HAVE_NETPACKET_PACKET_H 1
| #define HAVE_POLL_H 1
| #define HAVE_PTHREAD_H 1
| #define HAVE_PTY_H 1
| #define HAVE_SCHED_H 1
| #define HAVE_SETJMP_H 1
| #define HAVE_SHADOW_H 1
| #define HAVE_SIGNAL_H 1
| #define HAVE_SPAWN_H 1
| #define HAVE_SYS_EPOLL_H 1
| #define HAVE_SYS_EVENTFD_H 1
| #define HAVE_SYS_FILE_H 1
| #define HAVE_SYS_IOCTL_H 1
| #define HAVE_SYS_MMAN_H 1
| #define HAVE_SYS_PARAM_H 1
| #define HAVE_SYS_POLL_H 1
| #define HAVE_SYS_RANDOM_H 1
| #define HAVE_SYS_RESOURCE_H 1
| #define HAVE_SYS_SELECT_H 1
| #define HAVE_SYS_SENDFILE_H 1
| #define HAVE_SYS_SOCKET_H 1
| #define HAVE_SYS_SOUNDCARD_H 1
| #define HAVE_SYS_STAT_H 1
| #define HAVE_SYS_STATVFS_H 1
| #define HAVE_SYS_SYSCALL_H 1
| #define HAVE_SYS_SYSMACROS_H 1
| #define HAVE_SYS_TIME_H 1
| #define HAVE_SYS_TIMES_H 1
| #define HAVE_SYS_TIMERFD_H 1
| #define HAVE_SYS_TYPES_H 1
| #define HAVE_SYS_UIO_H 1
| #define HAVE_SYS_UN_H 1
| #define HAVE_SYS_UTSNAME_H 1
| #define HAVE_SYS_WAIT_H 1
| #define HAVE_SYS_XATTR_H 1
| #define HAVE_SYSEXITS_H 1
| #define HAVE_SYSLOG_H 1
| #define HAVE_TERMIOS_H 1
| #define HAVE_UTIME_H 1
| #define HAVE_UTMP_H 1
| #define HAVE_DIRENT_H 1
| #define MAJOR_IN_SYSMACROS 1
| #define HAVE_NET_IF_H 1
| #define HAVE_LINUX_NETLINK_H 1
| #define HAVE_LINUX_QRTR_H 1
| #define HAVE_LINUX_VM_SOCKETS_H 1
| #define HAVE_LINUX_CAN_H 1
| #define HAVE_LINUX_CAN_BCM_H 1
| #define HAVE_LINUX_CAN_J1939_H 1
| #define HAVE_LINUX_CAN_RAW_H 1
| #define HAVE_CLOCK_T 1
| #define HAVE_MAKEDEV 1
| #define HAVE_HTOLE64 1
| #define _LARGEFILE_SOURCE 1
| #define _FILE_OFFSET_BITS 64
| #if defined(SCO_DS)
| #undef _OFF_T
| #endif
| #define RETSIGTYPE void
| #define HAVE_SSIZE_T 1
| #define HAVE___UINT128_T 1
| #define HAVE_GCC_UINT128_T 1
| #define SIZEOF_INT 4
| #define SIZEOF_LONG 8
| #define ALIGNOF_LONG 8
| #define SIZEOF_LONG_LONG 8
| #define SIZEOF_VOID_P 8
| #define SIZEOF_SHORT 2
| #define SIZEOF_FLOAT 4
| #define SIZEOF_DOUBLE 8
| #define SIZEOF_FPOS_T 16
| #define SIZEOF_SIZE_T 8
| #define ALIGNOF_SIZE_T 8
| #define SIZEOF_PID_T 4
| #define SIZEOF_UINTPTR_T 8
| #define ALIGNOF_MAX_ALIGN_T 16
| #define HAVE_LONG_DOUBLE 1
| #define SIZEOF_LONG_DOUBLE 16
| #define SIZEOF__BOOL 1
| #define SIZEOF_OFF_T 8
| #define SIZEOF_TIME_T 8
| #define SIZEOF_PTHREAD_T 8
| #define SIZEOF_PTHREAD_KEY_T 4
| #define PTHREAD_KEY_T_IS_COMPATIBLE_WITH_INT 1
| #define PY_HAVE_PERF_TRAMPOLINE 1
| #define HAVE_LIBDL 1
| #define HAVE_FFI_PREP_CIF_VAR 1
| #define HAVE_FFI_PREP_CLOSURE_LOC 1
| #define HAVE_FFI_CLOSURE_ALLOC 1
| #define WITH_DECIMAL_CONTEXTVAR 1
| #define HAVE_LIBSQLITE3 1
| #define HAVE_LIBSQLITE3 1
| #define HAVE_LIBSQLITE3 1
| #define HAVE_LIBSQLITE3 1
| #define HAVE_LIBSQLITE3 1
| #define HAVE_LIBSQLITE3 1
| #define HAVE_LIBSQLITE3 1
| #define HAVE_LIBSQLITE3 1
| #define HAVE_LIBSQLITE3 1
| #define PY_SQLITE_HAVE_SERIALIZE 1
| #define HAVE_GDBM_H 1
| #define _REENTRANT 1
| #define PTHREAD_SYSTEM_SCHED_SUPPORTED 1
| #define HAVE_PTHREAD_SIGMASK 1
| #define HAVE_PTHREAD_GETCPUCLOCKID 1
| #define ENABLE_IPV6 1
| #define HAVE_LINUX_CAN_RAW_FD_FRAMES 1
| #define HAVE_LINUX_CAN_RAW_JOIN_FILTERS 1
| #define WITH_DOC_STRINGS 1
| #define HAVE_STD_ATOMIC 1
| #define HAVE_BUILTIN_ATOMIC 1
| #define WITH_MIMALLOC 1
| #define WITH_PYMALLOC 1
| #define WITH_FREELISTS 1
| #define PY_COERCE_C_LOCALE 1
| #define HAVE_DLOPEN 1
| #define HAVE_DYNAMIC_LOADING 1
| #define HAVE_ACCEPT4 1
| #define HAVE_ALARM 1
| #define HAVE_BIND_TEXTDOMAIN_CODESET 1
| #define HAVE_CHMOD 1
| #define HAVE_CHOWN 1
| #define HAVE_CLOCK 1
| #define HAVE_CLOSEFROM 1
| #define HAVE_CLOSE_RANGE 1
| #define HAVE_CONFSTR 1
| #define HAVE_COPY_FILE_RANGE 1
| #define HAVE_CTERMID 1
| #define HAVE_DUP 1
| #define HAVE_DUP3 1
| #define HAVE_EXECV 1
| #define HAVE_EXPLICIT_BZERO 1
| #define HAVE_FACCESSAT 1
| #define HAVE_FCHMOD 1
| #define HAVE_FCHMODAT 1
| #define HAVE_FCHOWN 1
| #define HAVE_FCHOWNAT 1
| #define HAVE_FDOPENDIR 1
| #define HAVE_FEXECVE 1
| #define HAVE_FORK 1
| #define HAVE_FPATHCONF 1
| #define HAVE_FSTATAT 1
| #define HAVE_FTIME 1
| #define HAVE_FTRUNCATE 1
| #define HAVE_FUTIMENS 1
| #define HAVE_FUTIMES 1
| #define HAVE_FUTIMESAT 1
| #define HAVE_GAI_STRERROR 1
| #define HAVE_GETEGID 1
| #define HAVE_GETEUID 1
| #define HAVE_GETGID 1
| #define HAVE_GETGRENT 1
| #define HAVE_GETGRGID 1
| #define HAVE_GETGRGID_R 1
| #define HAVE_GETGRNAM_R 1
| #define HAVE_GETGROUPLIST 1
| #define HAVE_GETHOSTNAME 1
| #define HAVE_GETITIMER 1
| #define HAVE_GETLOADAVG 1
| #define HAVE_GETLOGIN 1
| #define HAVE_GETPEERNAME 1
| #define HAVE_GETPGID 1
| #define HAVE_GETPID 1
| #define HAVE_GETPPID 1
| #define HAVE_GETPRIORITY 1
| #define HAVE_GETPWENT 1
| #define HAVE_GETPWNAM_R 1
| #define HAVE_GETPWUID 1
| #define HAVE_GETPWUID_R 1
| #define HAVE_GETRESGID 1
| #define HAVE_GETRESUID 1
| #define HAVE_GETRUSAGE 1
| #define HAVE_GETSID 1
| #define HAVE_GETSPENT 1
| #define HAVE_GETSPNAM 1
| #define HAVE_GETUID 1
| #define HAVE_GETWD 1
| #define HAVE_GRANTPT 1
| #define HAVE_IF_NAMEINDEX 1
| #define HAVE_INITGROUPS 1
| #define HAVE_KILL 1
| #define HAVE_KILLPG 1
| #define HAVE_LCHOWN 1
| #define HAVE_LINKAT 1
| #define HAVE_LOCKF 1
| #define HAVE_LSTAT 1
| #define HAVE_LUTIMES 1
| #define HAVE_MADVISE 1
| #define HAVE_MBRTOWC 1
| #define HAVE_MEMRCHR 1
| #define HAVE_MKDIRAT 1
| #define HAVE_MKFIFO 1
| #define HAVE_MKFIFOAT 1
| #define HAVE_MKNOD 1
| #define HAVE_MKNODAT 1
| #define HAVE_MKTIME 1
| #define HAVE_MMAP 1
| #define HAVE_MREMAP 1
| #define HAVE_NICE 1
| #define HAVE_OPENAT 1
| #define HAVE_OPENDIR 1
| #define HAVE_PATHCONF 1
| #define HAVE_PAUSE 1
| #define HAVE_PIPE 1
| #define HAVE_PIPE2 1
| #define HAVE_POLL 1
| #define HAVE_POSIX_FADVISE 1
| #define HAVE_POSIX_FALLOCATE 1
| #define HAVE_POSIX_OPENPT 1
| #define HAVE_POSIX_SPAWN 1
| #define HAVE_POSIX_SPAWNP 1
| #define HAVE_POSIX_SPAWN_FILE_ACTIONS_ADDCLOSEFROM_NP 1
| #define HAVE_PREAD 1
| #define HAVE_PREADV 1
| #define HAVE_PREADV2 1
| #define HAVE_PROCESS_VM_READV 1
| #define HAVE_PTHREAD_CONDATTR_SETCLOCK 1
| #define HAVE_PTHREAD_KILL 1
| #define HAVE_PTSNAME 1
| #define HAVE_PTSNAME_R 1
| #define HAVE_PWRITE 1
| #define HAVE_PWRITEV 1
| #define HAVE_PWRITEV2 1
| #define HAVE_READLINK 1
| #define HAVE_READLINKAT 1
| #define HAVE_READV 1
| #define HAVE_REALPATH 1
| #define HAVE_RENAMEAT 1
| #define HAVE_SCHED_GET_PRIORITY_MAX 1
| #define HAVE_SCHED_RR_GET_INTERVAL 1
| #define HAVE_SCHED_SETAFFINITY 1
| #define HAVE_SCHED_SETPARAM 1
| #define HAVE_SCHED_SETSCHEDULER 1
| #define HAVE_SEM_CLOCKWAIT 1
| #define HAVE_SEM_GETVALUE 1
| #define HAVE_SEM_OPEN 1
| #define HAVE_SEM_TIMEDWAIT 1
| #define HAVE_SEM_UNLINK 1
| #define HAVE_SENDFILE 1
| #define HAVE_SETEGID 1
| #define HAVE_SETEUID 1
| #define HAVE_SETGID 1
| #define HAVE_SETHOSTNAME 1
| #define HAVE_SETITIMER 1
| #define HAVE_SETLOCALE 1
| #define HAVE_SETPGID 1
| #define HAVE_SETPGRP 1
| #define HAVE_SETPRIORITY 1
| #define HAVE_SETREGID 1
| #define HAVE_SETRESGID 1
| #define HAVE_SETRESUID 1
| #define HAVE_SETREUID 1
| #define HAVE_SETSID 1
| #define HAVE_SETUID 1
| #define HAVE_SETVBUF 1
| #define HAVE_SHUTDOWN 1
| #define HAVE_SIGACTION 1
| #define HAVE_SIGALTSTACK 1
| #define HAVE_SIGFILLSET 1
| #define HAVE_SIGINTERRUPT 1
| #define HAVE_SIGPENDING 1
| #define HAVE_SIGRELSE 1
| #define HAVE_SIGTIMEDWAIT 1
| #define HAVE_SIGWAIT 1
| #define HAVE_SIGWAITINFO 1
| #define HAVE_SNPRINTF 1
| #define HAVE_SPLICE 1
| #define HAVE_STRFTIME 1
| #define HAVE_STRSIGNAL 1
| #define HAVE_SYMLINKAT 1
| #define HAVE_SYNC 1
| #define HAVE_SYSCONF 1
| #define HAVE_TCGETPGRP 1
| #define HAVE_TCSETPGRP 1
| #define HAVE_TEMPNAM 1
| #define HAVE_TIMEGM 1
| #define HAVE_TIMES 1
| #define HAVE_TMPFILE 1
| #define HAVE_TMPNAM 1
| #define HAVE_TMPNAM_R 1
| #define HAVE_TRUNCATE 1
| #define HAVE_TTYNAME_R 1
| #define HAVE_UMASK 1
| #define HAVE_UNAME 1
| #define HAVE_UNLINKAT 1
| #define HAVE_UNLOCKPT 1
| #define HAVE_UTIMENSAT 1
| #define HAVE_UTIMES 1
| #define HAVE_VFORK 1
| #define HAVE_WAIT 1
| #define HAVE_WAIT3 1
| #define HAVE_WAIT4 1
| #define HAVE_WAITID 1
| #define HAVE_WAITPID 1
| #define HAVE_WCSCOLL 1
| #define HAVE_WCSFTIME 1
| #define HAVE_WCSXFRM 1
| #define HAVE_WMEMCMP 1
| #define HAVE_WRITEV 1
| #define HAVE_GETENTROPY 1
| #define HAVE_GETGROUPS 1
| #define HAVE_SYSTEM 1
| #define HAVE_DIRFD 1
| #define HAVE_CHROOT 1
| #define HAVE_LINK 1
| #define HAVE_SYMLINK 1
| #define HAVE_FCHDIR 1
| #define HAVE_FSYNC 1
| #define HAVE_FDATASYNC 1
| #define HAVE_EPOLL 1
| #define HAVE_EPOLL_CREATE1 1
| #define HAVE_PRLIMIT 1
| #define HAVE_MEMFD_CREATE 1
| #define HAVE_EVENTFD 1
| #define HAVE_TIMERFD_CREATE 1
| #define HAVE_FLOCK 1
| #define HAVE_GETPAGESIZE 1
| #define HAVE_ZLIB_COPY 1
| #define HAVE_BZLIB_H 1
| #define HAVE_HSTRERROR 1
| #define HAVE_GETSERVBYNAME 1
| #define HAVE_GETSERVBYPORT 1
| #define HAVE_GETHOSTBYNAME 1
| #define HAVE_GETHOSTBYADDR 1
| #define HAVE_GETPROTOBYNAME 1
| #define HAVE_INET_ATON 1
| #define HAVE_INET_NTOA 1
| #define HAVE_INET_PTON 1
| #define HAVE_GETPEERNAME 1
| #define HAVE_GETSOCKNAME 1
| #define HAVE_ACCEPT 1
| #define HAVE_BIND 1
| #define HAVE_CONNECT 1
| #define HAVE_LISTEN 1
| #define HAVE_RECVFROM 1
| #define HAVE_SENDTO 1
| #define HAVE_SETSOCKOPT 1
| #define HAVE_SOCKET 1
| #define HAVE_SETGROUPS 1
| #define HAVE_OPENPTY 1
| #define HAVE_LOGIN_TTY 1
| #define HAVE_FORKPTY 1
| #define HAVE_FSEEKO 1
| #define HAVE_FSTATVFS 1
| #define HAVE_FTELLO 1
| #define HAVE_STATVFS 1
| #define HAVE_DUP2 1
| #define HAVE_GETPGRP 1
| #define HAVE_SETPGRP 1
| #define HAVE_SETNS 1
| #define HAVE_UNSHARE 1
| #define HAVE_CLOCK_GETTIME 1
| #define HAVE_CLOCK_GETRES 1
| #define HAVE_CLOCK_SETTIME 1
| #define HAVE_CLOCK_NANOSLEEP 1
| #define HAVE_NANOSLEEP 1
| #define HAVE_DEVICE_MACROS 1
| #define SYS_SELECT_WITH_SYS_TIME 1
| #define HAVE_GETADDRINFO 1
| #define HAVE_GETNAMEINFO 1
| #define HAVE_STRUCT_TM_TM_ZONE 1
| #define HAVE_TM_ZONE 1
| #define HAVE_STRUCT_STAT_ST_RDEV 1
| #define HAVE_STRUCT_STAT_ST_BLKSIZE 1
| #define HAVE_STRUCT_STAT_ST_BLOCKS 1
| #define HAVE_STRUCT_PASSWD_PW_GECOS 1
| #define HAVE_STRUCT_PASSWD_PW_PASSWD 1
| #define HAVE_SIGINFO_T_SI_BAND 1
| /* end confdefs.h.  */
| #include <time.h>
| int
| main (void)
| {
| return altzone;
|   ;
|   return 0;
| }
configure:23041: result: no
configure:23049: checking for addrinfo
configure:23066: gcc -c   conftest.c >&5
configure:23066: $? = 0
configure:23074: result: yes
configure:23082: checking for sockaddr_storage
configure:23101: gcc -c   conftest.c >&5
configure:23101: $? = 0
configure:23109: result: yes
configure:23117: checking for sockaddr_alg
configure:23137: gcc -c   conftest.c >&5
configure:23137: $? = 0
configure:23145: result: yes
configure:23155: checking for an ANSI C-conforming const
configure:23222: gcc -c   conftest.c >&5
configure:23222: $? = 0
configure:23230: result: yes
configure:23239: checking for working signed char
configure:23257: gcc -c   conftest.c >&5
configure:23257: $? = 0
configure:23266: result: yes
configure:23277: checking for prototypes
configure:23295: gcc -c   conftest.c >&5
configure:23295: $? = 0
configure:23304: result: yes
configure:23319: checking for socketpair
configure:23339: gcc -c   conftest.c >&5
configure:23339: $? = 0
configure:23348: result: yes
configure:23361: checking if sockaddr has sa_len member
configure:23381: gcc -c   conftest.c >&5
conftest.c: In function 'main':
conftest.c:439:2: error: 'struct sockaddr' has no member named 'sa_len'
  439 | x.sa_len = 0;
      |  ^
configure:23381: $? = 1
configure: failed program was:
| /* confdefs.h */
| #define _NETBSD_SOURCE 1
| #define __BSD_VISIBLE 1
| #define _DARWIN_C_SOURCE 1
| #define _PYTHONFRAMEWORK ""
| #define _XOPEN_SOURCE 700
| #define _XOPEN_SOURCE_EXTENDED 1
| #define _POSIX_C_SOURCE 200809L
| #define HAVE_STDIO_H 1
| #define HAVE_STDLIB_H 1
| #define HAVE_STRING_H 1
| #define HAVE_INTTYPES_H 1
| #define HAVE_STDINT_H 1
| #define HAVE_STRINGS_H 1
| #define HAVE_SYS_STAT_H 1
| #define HAVE_SYS_TYPES_H 1
| #define HAVE_UNISTD_H 1
| #define HAVE_WCHAR_H 1
| #define STDC_HEADERS 1
| #define _ALL_SOURCE 1
| #define _DARWIN_C_SOURCE 1
| #define _GNU_SOURCE 1
| #define _HPUX_ALT_XOPEN_SOCKET_API 1
| #define _NETBSD_SOURCE 1
| #define _OPENBSD_SOURCE 1
| #define _POSIX_PTHREAD_SEMANTICS 1
| #define __STDC_WANT_IEC_60559_ATTRIBS_EXT__ 1
| #define __STDC_WANT_IEC_60559_BFP_EXT__ 1
| #define __STDC_WANT_IEC_60559_DFP_EXT__ 1
| #define __STDC_WANT_IEC_60559_FUNCS_EXT__ 1
| #define __STDC_WANT_IEC_60559_TYPES_EXT__ 1
| #define __STDC_WANT_LIB_EXT2__ 1
| #define __STDC_WANT_MATH_SPEC_FUNCS__ 1
| #define _TANDEM_SOURCE 1
| #define __EXTENSIONS__ 1
| #define PY_SUPPORT_TIER 1
| #define STDC_HEADERS 1
| #define HAVE_ALLOCA_H 1
| #define HAVE_ASM_TYPES_H 1
| #define HAVE_DLFCN_H 1
| #define HAVE_ENDIAN_H 1
| #define HAVE_ERRNO_H 1
| #define HAVE_FCNTL_H 1
| #define HAVE_GRP_H 1
| #define HAVE_LANGINFO_H 1
| #define HAVE_LIBINTL_H 1
| #define HAVE_LINUX_AUXVEC_H 1
| #define HAVE_SYS_AUXV_H 1
| #define HAVE_LINUX_FS_H 1
| #define HAVE_LINUX_LIMITS_H 1
| #define HAVE_LINUX_MEMFD_H 1
| #define HAVE_LINUX_RANDOM_H 1
| #define HAVE_LINUX_SOUNDCARD_H 1
| #define HAVE_LINUX_TIPC_H 1
| #define HAVE_LINUX_WAIT_H 1
| #define HAVE_NETDB_H 1
| #define HAVE_NET_ETHERNET_H 1
| #define HAVE_NETINET_IN_H 1
| #define HAVE_NETPACKET_PACKET_H 1
| #define HAVE_POLL_H 1
| #define HAVE_PTHREAD_H 1
| #define HAVE_PTY_H 1
| #define HAVE_SCHED_H 1
| #define HAVE_SETJMP_H 1
| #define HAVE_SHADOW_H 1
| #define HAVE_SIGNAL_H 1
| #define HAVE_SPAWN_H 1
| #define HAVE_SYS_EPOLL_H 1
| #define HAVE_SYS_EVENTFD_H 1
| #define HAVE_SYS_FILE_H 1
| #define HAVE_SYS_IOCTL_H 1
| #define HAVE_SYS_MMAN_H 1
| #define HAVE_SYS_PARAM_H 1
| #define HAVE_SYS_POLL_H 1
| #define HAVE_SYS_RANDOM_H 1
| #define HAVE_SYS_RESOURCE_H 1
| #define HAVE_SYS_SELECT_H 1
| #define HAVE_SYS_SENDFILE_H 1
| #define HAVE_SYS_SOCKET_H 1
| #define HAVE_SYS_SOUNDCARD_H 1
| #define HAVE_SYS_STAT_H 1
| #define HAVE_SYS_STATVFS_H 1
| #define HAVE_SYS_SYSCALL_H 1
| #define HAVE_SYS_SYSMACROS_H 1
| #define HAVE_SYS_TIME_H 1
| #define HAVE_SYS_TIMES_H 1
| #define HAVE_SYS_TIMERFD_H 1
| #define HAVE_SYS_TYPES_H 1
| #define HAVE_SYS_UIO_H 1
| #define HAVE_SYS_UN_H 1
| #define HAVE_SYS_UTSNAME_H 1
| #define HAVE_SYS_WAIT_H 1
| #define HAVE_SYS_XATTR_H 1
| #define HAVE_SYSEXITS_H 1
| #define HAVE_SYSLOG_H 1
| #define HAVE_TERMIOS_H 1
| #define HAVE_UTIME_H 1
| #define HAVE_UTMP_H 1
| #define HAVE_DIRENT_H 1
| #define MAJOR_IN_SYSMACROS 1
| #define HAVE_NET_IF_H 1
| #define HAVE_LINUX_NETLINK_H 1
| #define HAVE_LINUX_QRTR_H 1
| #define HAVE_LINUX_VM_SOCKETS_H 1
| #define HAVE_LINUX_CAN_H 1
| #define HAVE_LINUX_CAN_BCM_H 1
| #define HAVE_LINUX_CAN_J1939_H 1
| #define HAVE_LINUX_CAN_RAW_H 1
| #define HAVE_CLOCK_T 1
| #define HAVE_MAKEDEV 1
| #define HAVE_HTOLE64 1
| #define _LARGEFILE_SOURCE 1
| #define _FILE_OFFSET_BITS 64
| #if defined(SCO_DS)
| #undef _OFF_T
| #endif
| #define RETSIGTYPE void
| #define HAVE_SSIZE_T 1
| #define HAVE___UINT128_T 1
| #define HAVE_GCC_UINT128_T 1
| #define SIZEOF_INT 4
| #define SIZEOF_LONG 8
| #define ALIGNOF_LONG 8
| #define SIZEOF_LONG_LONG 8
| #define SIZEOF_VOID_P 8
| #define SIZEOF_SHORT 2
| #define SIZEOF_FLOAT 4
| #define SIZEOF_DOUBLE 8
| #define SIZEOF_FPOS_T 16
| #define SIZEOF_SIZE_T 8
| #define ALIGNOF_SIZE_T 8
| #define SIZEOF_PID_T 4
| #define SIZEOF_UINTPTR_T 8
| #define ALIGNOF_MAX_ALIGN_T 16
| #define HAVE_LONG_DOUBLE 1
| #define SIZEOF_LONG_DOUBLE 16
| #define SIZEOF__BOOL 1
| #define SIZEOF_OFF_T 8
| #define SIZEOF_TIME_T 8
| #define SIZEOF_PTHREAD_T 8
| #define SIZEOF_PTHREAD_KEY_T 4
| #define PTHREAD_KEY_T_IS_COMPATIBLE_WITH_INT 1
| #define PY_HAVE_PERF_TRAMPOLINE 1
| #define HAVE_LIBDL 1
| #define HAVE_FFI_PREP_CIF_VAR 1
| #define HAVE_FFI_PREP_CLOSURE_LOC 1
| #define HAVE_FFI_CLOSURE_ALLOC 1
| #define WITH_DECIMAL_CONTEXTVAR 1
| #define HAVE_LIBSQLITE3 1
| #define HAVE_LIBSQLITE3 1
| #define HAVE_LIBSQLITE3 1
| #define HAVE_LIBSQLITE3 1
| #define HAVE_LIBSQLITE3 1
| #define HAVE_LIBSQLITE3 1
| #define HAVE_LIBSQLITE3 1
| #define HAVE_LIBSQLITE3 1
| #define HAVE_LIBSQLITE3 1
| #define PY_SQLITE_HAVE_SERIALIZE 1
| #define HAVE_GDBM_H 1
| #define _REENTRANT 1
| #define PTHREAD_SYSTEM_SCHED_SUPPORTED 1
| #define HAVE_PTHREAD_SIGMASK 1
| #define HAVE_PTHREAD_GETCPUCLOCKID 1
| #define ENABLE_IPV6 1
| #define HAVE_LINUX_CAN_RAW_FD_FRAMES 1
| #define HAVE_LINUX_CAN_RAW_JOIN_FILTERS 1
| #define WITH_DOC_STRINGS 1
| #define HAVE_STD_ATOMIC 1
| #define HAVE_BUILTIN_ATOMIC 1
| #define WITH_MIMALLOC 1
| #define WITH_PYMALLOC 1
| #define WITH_FREELISTS 1
| #define PY_COERCE_C_LOCALE 1
| #define HAVE_DLOPEN 1
| #define HAVE_DYNAMIC_LOADING 1
| #define HAVE_ACCEPT4 1
| #define HAVE_ALARM 1
| #define HAVE_BIND_TEXTDOMAIN_CODESET 1
| #define HAVE_CHMOD 1
| #define HAVE_CHOWN 1
| #define HAVE_CLOCK 1
| #define HAVE_CLOSEFROM 1
| #define HAVE_CLOSE_RANGE 1
| #define HAVE_CONFSTR 1
| #define HAVE_COPY_FILE_RANGE 1
| #define HAVE_CTERMID 1
| #define HAVE_DUP 1
| #define HAVE_DUP3 1
| #define HAVE_EXECV 1
| #define HAVE_EXPLICIT_BZERO 1
| #define HAVE_FACCESSAT 1
| #define HAVE_FCHMOD 1
| #define HAVE_FCHMODAT 1
| #define HAVE_FCHOWN 1
| #define HAVE_FCHOWNAT 1
| #define HAVE_FDOPENDIR 1
| #define HAVE_FEXECVE 1
| #define HAVE_FORK 1
| #define HAVE_FPATHCONF 1
| #define HAVE_FSTATAT 1
| #define HAVE_FTIME 1
| #define HAVE_FTRUNCATE 1
| #define HAVE_FUTIMENS 1
| #define HAVE_FUTIMES 1
| #define HAVE_FUTIMESAT 1
| #define HAVE_GAI_STRERROR 1
| #define HAVE_GETEGID 1
| #define HAVE_GETEUID 1
| #define HAVE_GETGID 1
| #define HAVE_GETGRENT 1
| #define HAVE_GETGRGID 1
| #define HAVE_GETGRGID_R 1
| #define HAVE_GETGRNAM_R 1
| #define HAVE_GETGROUPLIST 1
| #define HAVE_GETHOSTNAME 1
| #define HAVE_GETITIMER 1
| #define HAVE_GETLOADAVG 1
| #define HAVE_GETLOGIN 1
| #define HAVE_GETPEERNAME 1
| #define HAVE_GETPGID 1
| #define HAVE_GETPID 1
| #define HAVE_GETPPID 1
| #define HAVE_GETPRIORITY 1
| #define HAVE_GETPWENT 1
| #define HAVE_GETPWNAM_R 1
| #define HAVE_GETPWUID 1
| #define HAVE_GETPWUID_R 1
| #define HAVE_GETRESGID 1
| #define HAVE_GETRESUID 1
| #define HAVE_GETRUSAGE 1
| #define HAVE_GETSID 1
| #define HAVE_GETSPENT 1
| #define HAVE_GETSPNAM 1
| #define HAVE_GETUID 1
| #define HAVE_GETWD 1
| #define HAVE_GRANTPT 1
| #define HAVE_IF_NAMEINDEX 1
| #define HAVE_INITGROUPS 1
| #define HAVE_KILL 1
| #define HAVE_KILLPG 1
| #define HAVE_LCHOWN 1
| #define HAVE_LINKAT 1
| #define HAVE_LOCKF 1
| #define HAVE_LSTAT 1
| #define HAVE_LUTIMES 1
| #define HAVE_MADVISE 1
| #define HAVE_MBRTOWC 1
| #define HAVE_MEMRCHR 1
| #define HAVE_MKDIRAT 1
| #define HAVE_MKFIFO 1
| #define HAVE_MKFIFOAT 1
| #define HAVE_MKNOD 1
| #define HAVE_MKNODAT 1
| #define HAVE_MKTIME 1
| #define HAVE_MMAP 1
| #define HAVE_MREMAP 1
| #define HAVE_NICE 1
| #define HAVE_OPENAT 1
| #define HAVE_OPENDIR 1
| #define HAVE_PATHCONF 1
| #define HAVE_PAUSE 1
| #define HAVE_PIPE 1
| #define HAVE_PIPE2 1
| #define HAVE_POLL 1
| #define HAVE_POSIX_FADVISE 1
| #define HAVE_POSIX_FALLOCATE 1
| #define HAVE_POSIX_OPENPT 1
| #define HAVE_POSIX_SPAWN 1
| #define HAVE_POSIX_SPAWNP 1
| #define HAVE_POSIX_SPAWN_FILE_ACTIONS_ADDCLOSEFROM_NP 1
| #define HAVE_PREAD 1
| #define HAVE_PREADV 1
| #define HAVE_PREADV2 1
| #define HAVE_PROCESS_VM_READV 1
| #define HAVE_PTHREAD_CONDATTR_SETCLOCK 1
| #define HAVE_PTHREAD_KILL 1
| #define HAVE_PTSNAME 1
| #define HAVE_PTSNAME_R 1
| #define HAVE_PWRITE 1
| #define HAVE_PWRITEV 1
| #define HAVE_PWRITEV2 1
| #define HAVE_READLINK 1
| #define HAVE_READLINKAT 1
| #define HAVE_READV 1
| #define HAVE_REALPATH 1
| #define HAVE_RENAMEAT 1
| #define HAVE_SCHED_GET_PRIORITY_MAX 1
| #define HAVE_SCHED_RR_GET_INTERVAL 1
| #define HAVE_SCHED_SETAFFINITY 1
| #define HAVE_SCHED_SETPARAM 1
| #define HAVE_SCHED_SETSCHEDULER 1
| #define HAVE_SEM_CLOCKWAIT 1
| #define HAVE_SEM_GETVALUE 1
| #define HAVE_SEM_OPEN 1
| #define HAVE_SEM_TIMEDWAIT 1
| #define HAVE_SEM_UNLINK 1
| #define HAVE_SENDFILE 1
| #define HAVE_SETEGID 1
| #define HAVE_SETEUID 1
| #define HAVE_SETGID 1
| #define HAVE_SETHOSTNAME 1
| #define HAVE_SETITIMER 1
| #define HAVE_SETLOCALE 1
| #define HAVE_SETPGID 1
| #define HAVE_SETPGRP 1
| #define HAVE_SETPRIORITY 1
| #define HAVE_SETREGID 1
| #define HAVE_SETRESGID 1
| #define HAVE_SETRESUID 1
| #define HAVE_SETREUID 1
| #define HAVE_SETSID 1
| #define HAVE_SETUID 1
| #define HAVE_SETVBUF 1
| #define HAVE_SHUTDOWN 1
| #define HAVE_SIGACTION 1
| #define HAVE_SIGALTSTACK 1
| #define HAVE_SIGFILLSET 1
| #define HAVE_SIGINTERRUPT 1
| #define HAVE_SIGPENDING 1
| #define HAVE_SIGRELSE 1
| #define HAVE_SIGTIMEDWAIT 1
| #define HAVE_SIGWAIT 1
| #define HAVE_SIGWAITINFO 1
| #define HAVE_SNPRINTF 1
| #define HAVE_SPLICE 1
| #define HAVE_STRFTIME 1
| #define HAVE_STRSIGNAL 1
| #define HAVE_SYMLINKAT 1
| #define HAVE_SYNC 1
| #define HAVE_SYSCONF 1
| #define HAVE_TCGETPGRP 1
| #define HAVE_TCSETPGRP 1
| #define HAVE_TEMPNAM 1
| #define HAVE_TIMEGM 1
| #define HAVE_TIMES 1
| #define HAVE_TMPFILE 1
| #define HAVE_TMPNAM 1
| #define HAVE_TMPNAM_R 1
| #define HAVE_TRUNCATE 1
| #define HAVE_TTYNAME_R 1
| #define HAVE_UMASK 1
| #define HAVE_UNAME 1
| #define HAVE_UNLINKAT 1
| #define HAVE_UNLOCKPT 1
| #define HAVE_UTIMENSAT 1
| #define HAVE_UTIMES 1
| #define HAVE_VFORK 1
| #define HAVE_WAIT 1
| #define HAVE_WAIT3 1
| #define HAVE_WAIT4 1
| #define HAVE_WAITID 1
| #define HAVE_WAITPID 1
| #define HAVE_WCSCOLL 1
| #define HAVE_WCSFTIME 1
| #define HAVE_WCSXFRM 1
| #define HAVE_WMEMCMP 1
| #define HAVE_WRITEV 1
| #define HAVE_GETENTROPY 1
| #define HAVE_GETGROUPS 1
| #define HAVE_SYSTEM 1
| #define HAVE_DIRFD 1
| #define HAVE_CHROOT 1
| #define HAVE_LINK 1
| #define HAVE_SYMLINK 1
| #define HAVE_FCHDIR 1
| #define HAVE_FSYNC 1
| #define HAVE_FDATASYNC 1
| #define HAVE_EPOLL 1
| #define HAVE_EPOLL_CREATE1 1
| #define HAVE_PRLIMIT 1
| #define HAVE_MEMFD_CREATE 1
| #define HAVE_EVENTFD 1
| #define HAVE_TIMERFD_CREATE 1
| #define HAVE_FLOCK 1
| #define HAVE_GETPAGESIZE 1
| #define HAVE_ZLIB_COPY 1
| #define HAVE_BZLIB_H 1
| #define HAVE_HSTRERROR 1
| #define HAVE_GETSERVBYNAME 1
| #define HAVE_GETSERVBYPORT 1
| #define HAVE_GETHOSTBYNAME 1
| #define HAVE_GETHOSTBYADDR 1
| #define HAVE_GETPROTOBYNAME 1
| #define HAVE_INET_ATON 1
| #define HAVE_INET_NTOA 1
| #define HAVE_INET_PTON 1
| #define HAVE_GETPEERNAME 1
| #define HAVE_GETSOCKNAME 1
| #define HAVE_ACCEPT 1
| #define HAVE_BIND 1
| #define HAVE_CONNECT 1
| #define HAVE_LISTEN 1
| #define HAVE_RECVFROM 1
| #define HAVE_SENDTO 1
| #define HAVE_SETSOCKOPT 1
| #define HAVE_SOCKET 1
| #define HAVE_SETGROUPS 1
| #define HAVE_OPENPTY 1
| #define HAVE_LOGIN_TTY 1
| #define HAVE_FORKPTY 1
| #define HAVE_FSEEKO 1
| #define HAVE_FSTATVFS 1
| #define HAVE_FTELLO 1
| #define HAVE_STATVFS 1
| #define HAVE_DUP2 1
| #define HAVE_GETPGRP 1
| #define HAVE_SETPGRP 1
| #define HAVE_SETNS 1
| #define HAVE_UNSHARE 1
| #define HAVE_CLOCK_GETTIME 1
| #define HAVE_CLOCK_GETRES 1
| #define HAVE_CLOCK_SETTIME 1
| #define HAVE_CLOCK_NANOSLEEP 1
| #define HAVE_NANOSLEEP 1
| #define HAVE_DEVICE_MACROS 1
| #define SYS_SELECT_WITH_SYS_TIME 1
| #define HAVE_GETADDRINFO 1
| #define HAVE_GETNAMEINFO 1
| #define HAVE_STRUCT_TM_TM_ZONE 1
| #define HAVE_TM_ZONE 1
| #define HAVE_STRUCT_STAT_ST_RDEV 1
| #define HAVE_STRUCT_STAT_ST_BLKSIZE 1
| #define HAVE_STRUCT_STAT_ST_BLOCKS 1
| #define HAVE_STRUCT_PASSWD_PW_GECOS 1
| #define HAVE_STRUCT_PASSWD_PW_PASSWD 1
| #define HAVE_SIGINFO_T_SI_BAND 1
| #define HAVE_ADDRINFO 1
| #define HAVE_SOCKADDR_STORAGE 1
| #define HAVE_SOCKADDR_ALG 1
| #define HAVE_PROTOTYPES 1
| #define HAVE_SOCKETPAIR 1
| /* end confdefs.h.  */
| #include <sys/types.h>
| #include <sys/socket.h>
| int
| main (void)
| {
| struct sockaddr x;
| x.sa_len = 0;
|   ;
|   return 0;
| }
configure:23390: result: no
configure:23404: checking for gethostbyname_r
configure:23404: gcc -o conftest    conftest.c -ldl  >&5
configure:23404: $? = 0
configure:23404: result: yes
configure:23409: checking gethostbyname_r with 6 args
configure:23434: gcc -c      conftest.c >&5
configure:23434: $? = 0
configure:23442: result: yes
configure:23556: checking for __fpu_control
configure:23556: gcc -o conftest    conftest.c -ldl  >&5
configure:23556: $? = 0
configure:23556: result: yes
configure:23614: checking for --with-libm=STRING
configure:23632: result: default LIBM="-lm"
configure:23639: checking for --with-libc=STRING
configure:23657: result: default LIBC=""
configure:23667: checking for x64 gcc inline assembler
configure:23687: gcc -o conftest    conftest.c -ldl  >&5
configure:23687: $? = 0
configure:23697: result: yes
configure:23713: checking whether float word ordering is bigendian
configure:23738: gcc -o conftest    conftest.c -ldl  >&5
configure:23738: $? = 0
configure:23758: result: no
configure:23803: checking whether we can use gcc inline assembler to get and set x87 control word
configure:23825: gcc -o conftest    conftest.c -ldl  >&5
configure:23825: $? = 0
configure:23835: result: yes
configure:23846: checking whether we can use gcc inline assembler to get and set mc68881 fpcr
configure:23868: gcc -o conftest    conftest.c -ldl  >&5
conftest.c: Assembler messages:
conftest.c:445: Error: no such instruction: `fmove.l %fpcr,%eax'
conftest.c:446: Error: no such instruction: `fmove.l -4(%rbp),%fpcr'
configure:23868: $? = 1
configure: failed program was:
| /* confdefs.h */
| #define _NETBSD_SOURCE 1
| #define __BSD_VISIBLE 1
| #define _DARWIN_C_SOURCE 1
| #define _PYTHONFRAMEWORK ""
| #define _XOPEN_SOURCE 700
| #define _XOPEN_SOURCE_EXTENDED 1
| #define _POSIX_C_SOURCE 200809L
| #define HAVE_STDIO_H 1
| #define HAVE_STDLIB_H 1
| #define HAVE_STRING_H 1
| #define HAVE_INTTYPES_H 1
| #define HAVE_STDINT_H 1
| #define HAVE_STRINGS_H 1
| #define HAVE_SYS_STAT_H 1
| #define HAVE_SYS_TYPES_H 1
| #define HAVE_UNISTD_H 1
| #define HAVE_WCHAR_H 1
| #define STDC_HEADERS 1
| #define _ALL_SOURCE 1
| #define _DARWIN_C_SOURCE 1
| #define _GNU_SOURCE 1
| #define _HPUX_ALT_XOPEN_SOCKET_API 1
| #define _NETBSD_SOURCE 1
| #define _OPENBSD_SOURCE 1
| #define _POSIX_PTHREAD_SEMANTICS 1
| #define __STDC_WANT_IEC_60559_ATTRIBS_EXT__ 1
| #define __STDC_WANT_IEC_60559_BFP_EXT__ 1
| #define __STDC_WANT_IEC_60559_DFP_EXT__ 1
| #define __STDC_WANT_IEC_60559_FUNCS_EXT__ 1
| #define __STDC_WANT_IEC_60559_TYPES_EXT__ 1
| #define __STDC_WANT_LIB_EXT2__ 1
| #define __STDC_WANT_MATH_SPEC_FUNCS__ 1
| #define _TANDEM_SOURCE 1
| #define __EXTENSIONS__ 1
| #define PY_SUPPORT_TIER 1
| #define STDC_HEADERS 1
| #define HAVE_ALLOCA_H 1
| #define HAVE_ASM_TYPES_H 1
| #define HAVE_DLFCN_H 1
| #define HAVE_ENDIAN_H 1
| #define HAVE_ERRNO_H 1
| #define HAVE_FCNTL_H 1
| #define HAVE_GRP_H 1
| #define HAVE_LANGINFO_H 1
| #define HAVE_LIBINTL_H 1
| #define HAVE_LINUX_AUXVEC_H 1
| #define HAVE_SYS_AUXV_H 1
| #define HAVE_LINUX_FS_H 1
| #define HAVE_LINUX_LIMITS_H 1
| #define HAVE_LINUX_MEMFD_H 1
| #define HAVE_LINUX_RANDOM_H 1
| #define HAVE_LINUX_SOUNDCARD_H 1
| #define HAVE_LINUX_TIPC_H 1
| #define HAVE_LINUX_WAIT_H 1
| #define HAVE_NETDB_H 1
| #define HAVE_NET_ETHERNET_H 1
| #define HAVE_NETINET_IN_H 1
| #define HAVE_NETPACKET_PACKET_H 1
| #define HAVE_POLL_H 1
| #define HAVE_PTHREAD_H 1
| #define HAVE_PTY_H 1
| #define HAVE_SCHED_H 1
| #define HAVE_SETJMP_H 1
| #define HAVE_SHADOW_H 1
| #define HAVE_SIGNAL_H 1
| #define HAVE_SPAWN_H 1
| #define HAVE_SYS_EPOLL_H 1
| #define HAVE_SYS_EVENTFD_H 1
| #define HAVE_SYS_FILE_H 1
| #define HAVE_SYS_IOCTL_H 1
| #define HAVE_SYS_MMAN_H 1
| #define HAVE_SYS_PARAM_H 1
| #define HAVE_SYS_POLL_H 1
| #define HAVE_SYS_RANDOM_H 1
| #define HAVE_SYS_RESOURCE_H 1
| #define HAVE_SYS_SELECT_H 1
| #define HAVE_SYS_SENDFILE_H 1
| #define HAVE_SYS_SOCKET_H 1
| #define HAVE_SYS_SOUNDCARD_H 1
| #define HAVE_SYS_STAT_H 1
| #define HAVE_SYS_STATVFS_H 1
| #define HAVE_SYS_SYSCALL_H 1
| #define HAVE_SYS_SYSMACROS_H 1
| #define HAVE_SYS_TIME_H 1
| #define HAVE_SYS_TIMES_H 1
| #define HAVE_SYS_TIMERFD_H 1
| #define HAVE_SYS_TYPES_H 1
| #define HAVE_SYS_UIO_H 1
| #define HAVE_SYS_UN_H 1
| #define HAVE_SYS_UTSNAME_H 1
| #define HAVE_SYS_WAIT_H 1
| #define HAVE_SYS_XATTR_H 1
| #define HAVE_SYSEXITS_H 1
| #define HAVE_SYSLOG_H 1
| #define HAVE_TERMIOS_H 1
| #define HAVE_UTIME_H 1
| #define HAVE_UTMP_H 1
| #define HAVE_DIRENT_H 1
| #define MAJOR_IN_SYSMACROS 1
| #define HAVE_NET_IF_H 1
| #define HAVE_LINUX_NETLINK_H 1
| #define HAVE_LINUX_QRTR_H 1
| #define HAVE_LINUX_VM_SOCKETS_H 1
| #define HAVE_LINUX_CAN_H 1
| #define HAVE_LINUX_CAN_BCM_H 1
| #define HAVE_LINUX_CAN_J1939_H 1
| #define HAVE_LINUX_CAN_RAW_H 1
| #define HAVE_CLOCK_T 1
| #define HAVE_MAKEDEV 1
| #define HAVE_HTOLE64 1
| #define _LARGEFILE_SOURCE 1
| #define _FILE_OFFSET_BITS 64
| #if defined(SCO_DS)
| #undef _OFF_T
| #endif
| #define RETSIGTYPE void
| #define HAVE_SSIZE_T 1
| #define HAVE___UINT128_T 1
| #define HAVE_GCC_UINT128_T 1
| #define SIZEOF_INT 4
| #define SIZEOF_LONG 8
| #define ALIGNOF_LONG 8
| #define SIZEOF_LONG_LONG 8
| #define SIZEOF_VOID_P 8
| #define SIZEOF_SHORT 2
| #define SIZEOF_FLOAT 4
| #define SIZEOF_DOUBLE 8
| #define SIZEOF_FPOS_T 16
| #define SIZEOF_SIZE_T 8
| #define ALIGNOF_SIZE_T 8
| #define SIZEOF_PID_T 4
| #define SIZEOF_UINTPTR_T 8
| #define ALIGNOF_MAX_ALIGN_T 16
| #define HAVE_LONG_DOUBLE 1
| #define SIZEOF_LONG_DOUBLE 16
| #define SIZEOF__BOOL 1
| #define SIZEOF_OFF_T 8
| #define SIZEOF_TIME_T 8
| #define SIZEOF_PTHREAD_T 8
| #define SIZEOF_PTHREAD_KEY_T 4
| #define PTHREAD_KEY_T_IS_COMPATIBLE_WITH_INT 1
| #define PY_HAVE_PERF_TRAMPOLINE 1
| #define HAVE_LIBDL 1
| #define HAVE_FFI_PREP_CIF_VAR 1
| #define HAVE_FFI_PREP_CLOSURE_LOC 1
| #define HAVE_FFI_CLOSURE_ALLOC 1
| #define WITH_DECIMAL_CONTEXTVAR 1
| #define HAVE_LIBSQLITE3 1
| #define HAVE_LIBSQLITE3 1
| #define HAVE_LIBSQLITE3 1
| #define HAVE_LIBSQLITE3 1
| #define HAVE_LIBSQLITE3 1
| #define HAVE_LIBSQLITE3 1
| #define HAVE_LIBSQLITE3 1
| #define HAVE_LIBSQLITE3 1
| #define HAVE_LIBSQLITE3 1
| #define PY_SQLITE_HAVE_SERIALIZE 1
| #define HAVE_GDBM_H 1
| #define _REENTRANT 1
| #define PTHREAD_SYSTEM_SCHED_SUPPORTED 1
| #define HAVE_PTHREAD_SIGMASK 1
| #define HAVE_PTHREAD_GETCPUCLOCKID 1
| #define ENABLE_IPV6 1
| #define HAVE_LINUX_CAN_RAW_FD_FRAMES 1
| #define HAVE_LINUX_CAN_RAW_JOIN_FILTERS 1
| #define WITH_DOC_STRINGS 1
| #define HAVE_STD_ATOMIC 1
| #define HAVE_BUILTIN_ATOMIC 1
| #define WITH_MIMALLOC 1
| #define WITH_PYMALLOC 1
| #define WITH_FREELISTS 1
| #define PY_COERCE_C_LOCALE 1
| #define HAVE_DLOPEN 1
| #define HAVE_DYNAMIC_LOADING 1
| #define HAVE_ACCEPT4 1
| #define HAVE_ALARM 1
| #define HAVE_BIND_TEXTDOMAIN_CODESET 1
| #define HAVE_CHMOD 1
| #define HAVE_CHOWN 1
| #define HAVE_CLOCK 1
| #define HAVE_CLOSEFROM 1
| #define HAVE_CLOSE_RANGE 1
| #define HAVE_CONFSTR 1
| #define HAVE_COPY_FILE_RANGE 1
| #define HAVE_CTERMID 1
| #define HAVE_DUP 1
| #define HAVE_DUP3 1
| #define HAVE_EXECV 1
| #define HAVE_EXPLICIT_BZERO 1
| #define HAVE_FACCESSAT 1
| #define HAVE_FCHMOD 1
| #define HAVE_FCHMODAT 1
| #define HAVE_FCHOWN 1
| #define HAVE_FCHOWNAT 1
| #define HAVE_FDOPENDIR 1
| #define HAVE_FEXECVE 1
| #define HAVE_FORK 1
| #define HAVE_FPATHCONF 1
| #define HAVE_FSTATAT 1
| #define HAVE_FTIME 1
| #define HAVE_FTRUNCATE 1
| #define HAVE_FUTIMENS 1
| #define HAVE_FUTIMES 1
| #define HAVE_FUTIMESAT 1
| #define HAVE_GAI_STRERROR 1
| #define HAVE_GETEGID 1
| #define HAVE_GETEUID 1
| #define HAVE_GETGID 1
| #define HAVE_GETGRENT 1
| #define HAVE_GETGRGID 1
| #define HAVE_GETGRGID_R 1
| #define HAVE_GETGRNAM_R 1
| #define HAVE_GETGROUPLIST 1
| #define HAVE_GETHOSTNAME 1
| #define HAVE_GETITIMER 1
| #define HAVE_GETLOADAVG 1
| #define HAVE_GETLOGIN 1
| #define HAVE_GETPEERNAME 1
| #define HAVE_GETPGID 1
| #define HAVE_GETPID 1
| #define HAVE_GETPPID 1
| #define HAVE_GETPRIORITY 1
| #define HAVE_GETPWENT 1
| #define HAVE_GETPWNAM_R 1
| #define HAVE_GETPWUID 1
| #define HAVE_GETPWUID_R 1
| #define HAVE_GETRESGID 1
| #define HAVE_GETRESUID 1
| #define HAVE_GETRUSAGE 1
| #define HAVE_GETSID 1
| #define HAVE_GETSPENT 1
| #define HAVE_GETSPNAM 1
| #define HAVE_GETUID 1
| #define HAVE_GETWD 1
| #define HAVE_GRANTPT 1
| #define HAVE_IF_NAMEINDEX 1
| #define HAVE_INITGROUPS 1
| #define HAVE_KILL 1
| #define HAVE_KILLPG 1
| #define HAVE_LCHOWN 1
| #define HAVE_LINKAT 1
| #define HAVE_LOCKF 1
| #define HAVE_LSTAT 1
| #define HAVE_LUTIMES 1
| #define HAVE_MADVISE 1
| #define HAVE_MBRTOWC 1
| #define HAVE_MEMRCHR 1
| #define HAVE_MKDIRAT 1
| #define HAVE_MKFIFO 1
| #define HAVE_MKFIFOAT 1
| #define HAVE_MKNOD 1
| #define HAVE_MKNODAT 1
| #define HAVE_MKTIME 1
| #define HAVE_MMAP 1
| #define HAVE_MREMAP 1
| #define HAVE_NICE 1
| #define HAVE_OPENAT 1
| #define HAVE_OPENDIR 1
| #define HAVE_PATHCONF 1
| #define HAVE_PAUSE 1
| #define HAVE_PIPE 1
| #define HAVE_PIPE2 1
| #define HAVE_POLL 1
| #define HAVE_POSIX_FADVISE 1
| #define HAVE_POSIX_FALLOCATE 1
| #define HAVE_POSIX_OPENPT 1
| #define HAVE_POSIX_SPAWN 1
| #define HAVE_POSIX_SPAWNP 1
| #define HAVE_POSIX_SPAWN_FILE_ACTIONS_ADDCLOSEFROM_NP 1
| #define HAVE_PREAD 1
| #define HAVE_PREADV 1
| #define HAVE_PREADV2 1
| #define HAVE_PROCESS_VM_READV 1
| #define HAVE_PTHREAD_CONDATTR_SETCLOCK 1
| #define HAVE_PTHREAD_KILL 1
| #define HAVE_PTSNAME 1
| #define HAVE_PTSNAME_R 1
| #define HAVE_PWRITE 1
| #define HAVE_PWRITEV 1
| #define HAVE_PWRITEV2 1
| #define HAVE_READLINK 1
| #define HAVE_READLINKAT 1
| #define HAVE_READV 1
| #define HAVE_REALPATH 1
| #define HAVE_RENAMEAT 1
| #define HAVE_SCHED_GET_PRIORITY_MAX 1
| #define HAVE_SCHED_RR_GET_INTERVAL 1
| #define HAVE_SCHED_SETAFFINITY 1
| #define HAVE_SCHED_SETPARAM 1
| #define HAVE_SCHED_SETSCHEDULER 1
| #define HAVE_SEM_CLOCKWAIT 1
| #define HAVE_SEM_GETVALUE 1
| #define HAVE_SEM_OPEN 1
| #define HAVE_SEM_TIMEDWAIT 1
| #define HAVE_SEM_UNLINK 1
| #define HAVE_SENDFILE 1
| #define HAVE_SETEGID 1
| #define HAVE_SETEUID 1
| #define HAVE_SETGID 1
| #define HAVE_SETHOSTNAME 1
| #define HAVE_SETITIMER 1
| #define HAVE_SETLOCALE 1
| #define HAVE_SETPGID 1
| #define HAVE_SETPGRP 1
| #define HAVE_SETPRIORITY 1
| #define HAVE_SETREGID 1
| #define HAVE_SETRESGID 1
| #define HAVE_SETRESUID 1
| #define HAVE_SETREUID 1
| #define HAVE_SETSID 1
| #define HAVE_SETUID 1
| #define HAVE_SETVBUF 1
| #define HAVE_SHUTDOWN 1
| #define HAVE_SIGACTION 1
| #define HAVE_SIGALTSTACK 1
| #define HAVE_SIGFILLSET 1
| #define HAVE_SIGINTERRUPT 1
| #define HAVE_SIGPENDING 1
| #define HAVE_SIGRELSE 1
| #define HAVE_SIGTIMEDWAIT 1
| #define HAVE_SIGWAIT 1
| #define HAVE_SIGWAITINFO 1
| #define HAVE_SNPRINTF 1
| #define HAVE_SPLICE 1
| #define HAVE_STRFTIME 1
| #define HAVE_STRSIGNAL 1
| #define HAVE_SYMLINKAT 1
| #define HAVE_SYNC 1
| #define HAVE_SYSCONF 1
| #define HAVE_TCGETPGRP 1
| #define HAVE_TCSETPGRP 1
| #define HAVE_TEMPNAM 1
| #define HAVE_TIMEGM 1
| #define HAVE_TIMES 1
| #define HAVE_TMPFILE 1
| #define HAVE_TMPNAM 1
| #define HAVE_TMPNAM_R 1
| #define HAVE_TRUNCATE 1
| #define HAVE_TTYNAME_R 1
| #define HAVE_UMASK 1
| #define HAVE_UNAME 1
| #define HAVE_UNLINKAT 1
| #define HAVE_UNLOCKPT 1
| #define HAVE_UTIMENSAT 1
| #define HAVE_UTIMES 1
| #define HAVE_VFORK 1
| #define HAVE_WAIT 1
| #define HAVE_WAIT3 1
| #define HAVE_WAIT4 1
| #define HAVE_WAITID 1
| #define HAVE_WAITPID 1
| #define HAVE_WCSCOLL 1
| #define HAVE_WCSFTIME 1
| #define HAVE_WCSXFRM 1
| #define HAVE_WMEMCMP 1
| #define HAVE_WRITEV 1
| #define HAVE_GETENTROPY 1
| #define HAVE_GETGROUPS 1
| #define HAVE_SYSTEM 1
| #define HAVE_DIRFD 1
| #define HAVE_CHROOT 1
| #define HAVE_LINK 1
| #define HAVE_SYMLINK 1
| #define HAVE_FCHDIR 1
| #define HAVE_FSYNC 1
| #define HAVE_FDATASYNC 1
| #define HAVE_EPOLL 1
| #define HAVE_EPOLL_CREATE1 1
| #define HAVE_PRLIMIT 1
| #define HAVE_MEMFD_CREATE 1
| #define HAVE_EVENTFD 1
| #define HAVE_TIMERFD_CREATE 1
| #define HAVE_FLOCK 1
| #define HAVE_GETPAGESIZE 1
| #define HAVE_ZLIB_COPY 1
| #define HAVE_BZLIB_H 1
| #define HAVE_HSTRERROR 1
| #define HAVE_GETSERVBYNAME 1
| #define HAVE_GETSERVBYPORT 1
| #define HAVE_GETHOSTBYNAME 1
| #define HAVE_GETHOSTBYADDR 1
| #define HAVE_GETPROTOBYNAME 1
| #define HAVE_INET_ATON 1
| #define HAVE_INET_NTOA 1
| #define HAVE_INET_PTON 1
| #define HAVE_GETPEERNAME 1
| #define HAVE_GETSOCKNAME 1
| #define HAVE_ACCEPT 1
| #define HAVE_BIND 1
| #define HAVE_CONNECT 1
| #define HAVE_LISTEN 1
| #define HAVE_RECVFROM 1
| #define HAVE_SENDTO 1
| #define HAVE_SETSOCKOPT 1
| #define HAVE_SOCKET 1
| #define HAVE_SETGROUPS 1
| #define HAVE_OPENPTY 1
| #define HAVE_LOGIN_TTY 1
| #define HAVE_FORKPTY 1
| #define HAVE_FSEEKO 1
| #define HAVE_FSTATVFS 1
| #define HAVE_FTELLO 1
| #define HAVE_STATVFS 1
| #define HAVE_DUP2 1
| #define HAVE_GETPGRP 1
| #define HAVE_SETPGRP 1
| #define HAVE_SETNS 1
| #define HAVE_UNSHARE 1
| #define HAVE_CLOCK_GETTIME 1
| #define HAVE_CLOCK_GETRES 1
| #define HAVE_CLOCK_SETTIME 1
| #define HAVE_CLOCK_NANOSLEEP 1
| #define HAVE_NANOSLEEP 1
| #define HAVE_DEVICE_MACROS 1
| #define SYS_SELECT_WITH_SYS_TIME 1
| #define HAVE_GETADDRINFO 1
| #define HAVE_GETNAMEINFO 1
| #define HAVE_STRUCT_TM_TM_ZONE 1
| #define HAVE_TM_ZONE 1
| #define HAVE_STRUCT_STAT_ST_RDEV 1
| #define HAVE_STRUCT_STAT_ST_BLKSIZE 1
| #define HAVE_STRUCT_STAT_ST_BLOCKS 1
| #define HAVE_STRUCT_PASSWD_PW_GECOS 1
| #define HAVE_STRUCT_PASSWD_PW_PASSWD 1
| #define HAVE_SIGINFO_T_SI_BAND 1
| #define HAVE_ADDRINFO 1
| #define HAVE_SOCKADDR_STORAGE 1
| #define HAVE_SOCKADDR_ALG 1
| #define HAVE_PROTOTYPES 1
| #define HAVE_SOCKETPAIR 1
| #define HAVE_GETHOSTBYNAME_R 1
| #define HAVE_GETHOSTBYNAME_R 1
| #define HAVE_GETHOSTBYNAME_R_6_ARG 1
| #define HAVE_GCC_ASM_FOR_X64 1
| #define DOUBLE_IS_LITTLE_ENDIAN_IEEE754 1
| #define HAVE_GCC_ASM_FOR_X87 1
| /* end confdefs.h.  */
| 
| int
| main (void)
| {
| 
|   unsigned int fpcr;
|   __asm__ __volatile__ ("fmove.l %%fpcr,%0" : "=g" (fpcr));
|   __asm__ __volatile__ ("fmove.l %0,%%fpcr" : : "g" (fpcr));
| 
|   ;
|   return 0;
| }
configure:23878: result: no
configure:23894: checking for x87-style double rounding
configure:23931: gcc  -fno-strict-overflow -Wsign-compare -o conftest    conftest.c -ldl  >&5
configure:23931: $? = 0
configure:23931: ./conftest
configure:23931: $? = 0
configure:23944: result: no
configure:23967: checking for acosh
configure:23967: gcc -o conftest    conftest.c -ldl  -lm >&5
conftest.c:455:6: warning: conflicting types for built-in function 'acosh'; expected 'double(double)' [-Wbuiltin-declaration-mismatch]
  455 | char acosh ();
      |      ^~~~~
conftest.c:447:1: note: 'acosh' is declared in header '<math.h>'
  446 | #include <limits.h>
  447 | #undef acosh
configure:23967: $? = 0
configure:23967: result: yes
configure:23967: checking for asinh
configure:23967: gcc -o conftest    conftest.c -ldl  -lm >&5
conftest.c:456:6: warning: conflicting types for built-in function 'asinh'; expected 'double(double)' [-Wbuiltin-declaration-mismatch]
  456 | char asinh ();
      |      ^~~~~
conftest.c:448:1: note: 'asinh' is declared in header '<math.h>'
  447 | #include <limits.h>
  448 | #undef asinh
configure:23967: $? = 0
configure:23967: result: yes
configure:23967: checking for atanh
configure:23967: gcc -o conftest    conftest.c -ldl  -lm >&5
conftest.c:457:6: warning: conflicting types for built-in function 'atanh'; expected 'double(double)' [-Wbuiltin-declaration-mismatch]
  457 | char atanh ();
      |      ^~~~~
conftest.c:449:1: note: 'atanh' is declared in header '<math.h>'
  448 | #include <limits.h>
  449 | #undef atanh
configure:23967: $? = 0
configure:23967: result: yes
configure:23967: checking for erf
configure:23967: gcc -o conftest    conftest.c -ldl  -lm >&5
conftest.c:458:6: warning: conflicting types for built-in function 'erf'; expected 'double(double)' [-Wbuiltin-declaration-mismatch]
  458 | char erf ();
      |      ^~~
conftest.c:450:1: note: 'erf' is declared in header '<math.h>'
  449 | #include <limits.h>
  450 | #undef erf
configure:23967: $? = 0
configure:23967: result: yes
configure:23967: checking for erfc
configure:23967: gcc -o conftest    conftest.c -ldl  -lm >&5
conftest.c:459:6: warning: conflicting types for built-in function 'erfc'; expected 'double(double)' [-Wbuiltin-declaration-mismatch]
  459 | char erfc ();
      |      ^~~~
conftest.c:451:1: note: 'erfc' is declared in header '<math.h>'
  450 | #include <limits.h>
  451 | #undef erfc
configure:23967: $? = 0
configure:23967: result: yes
configure:23967: checking for expm1
configure:23967: gcc -o conftest    conftest.c -ldl  -lm >&5
conftest.c:460:6: warning: conflicting types for built-in function 'expm1'; expected 'double(double)' [-Wbuiltin-declaration-mismatch]
  460 | char expm1 ();
      |      ^~~~~
conftest.c:452:1: note: 'expm1' is declared in header '<math.h>'
  451 | #include <limits.h>
  452 | #undef expm1
configure:23967: $? = 0
configure:23967: result: yes
configure:23967: checking for log1p
configure:23967: gcc -o conftest    conftest.c -ldl  -lm >&5
conftest.c:461:6: warning: conflicting types for built-in function 'log1p'; expected 'double(double)' [-Wbuiltin-declaration-mismatch]
  461 | char log1p ();
      |      ^~~~~
conftest.c:453:1: note: 'log1p' is declared in header '<math.h>'
  452 | #include <limits.h>
  453 | #undef log1p
configure:23967: $? = 0
configure:23967: result: yes
configure:23967: checking for log2
configure:23967: gcc -o conftest    conftest.c -ldl  -lm >&5
conftest.c:462:6: warning: conflicting types for built-in function 'log2'; expected 'double(double)' [-Wbuiltin-declaration-mismatch]
  462 | char log2 ();
      |      ^~~~
conftest.c:454:1: note: 'log2' is declared in header '<math.h>'
  453 | #include <limits.h>
  454 | #undef log2
configure:23967: $? = 0
configure:23967: result: yes
configure:23982: checking whether POSIX semaphores are enabled
configure:24015: gcc -o conftest    conftest.c -ldl  >&5
configure:24015: $? = 0
configure:24015: ./conftest
configure:24015: $? = 0
configure:24027: result: yes
configure:24038: checking for broken sem_getvalue
configure:24075: gcc -o conftest    conftest.c -ldl  >&5
configure:24075: $? = 0
configure:24075: ./conftest
configure:24075: $? = 0
configure:24087: result: no
configure:24098: checking whether RTLD_LAZY is declared
configure:24098: gcc -c    conftest.c >&5
configure:24098: $? = 0
configure:24098: result: yes
configure:24107: checking whether RTLD_NOW is declared
configure:24107: gcc -c    conftest.c >&5
configure:24107: $? = 0
configure:24107: result: yes
configure:24116: checking whether RTLD_GLOBAL is declared
configure:24116: gcc -c    conftest.c >&5
configure:24116: $? = 0
configure:24116: result: yes
configure:24125: checking whether RTLD_LOCAL is declared
configure:24125: gcc -c    conftest.c >&5
configure:24125: $? = 0
configure:24125: result: yes
configure:24134: checking whether RTLD_NODELETE is declared
configure:24134: gcc -c    conftest.c >&5
configure:24134: $? = 0
configure:24134: result: yes
configure:24143: checking whether RTLD_NOLOAD is declared
configure:24143: gcc -c    conftest.c >&5
configure:24143: $? = 0
configure:24143: result: yes
configure:24152: checking whether RTLD_DEEPBIND is declared
configure:24152: gcc -c    conftest.c >&5
configure:24152: $? = 0
configure:24152: result: yes
configure:24161: checking whether RTLD_MEMBER is declared
configure:24161: gcc -c    conftest.c >&5
conftest.c: In function 'main':
conftest.c:463:10: error: 'RTLD_MEMBER' undeclared (first use in this function)
  463 |   (void) RTLD_MEMBER;
      |          ^~~~~~~~~~~
conftest.c:463:10: note: each undeclared identifier is reported only once for each function it appears in
configure:24161: $? = 1
configure: failed program was:
| /* confdefs.h */
| #define _NETBSD_SOURCE 1
| #define __BSD_VISIBLE 1
| #define _DARWIN_C_SOURCE 1
| #define _PYTHONFRAMEWORK ""
| #define _XOPEN_SOURCE 700
| #define _XOPEN_SOURCE_EXTENDED 1
| #define _POSIX_C_SOURCE 200809L
| #define HAVE_STDIO_H 1
| #define HAVE_STDLIB_H 1
| #define HAVE_STRING_H 1
| #define HAVE_INTTYPES_H 1
| #define HAVE_STDINT_H 1
| #define HAVE_STRINGS_H 1
| #define HAVE_SYS_STAT_H 1
| #define HAVE_SYS_TYPES_H 1
| #define HAVE_UNISTD_H 1
| #define HAVE_WCHAR_H 1
| #define STDC_HEADERS 1
| #define _ALL_SOURCE 1
| #define _DARWIN_C_SOURCE 1
| #define _GNU_SOURCE 1
| #define _HPUX_ALT_XOPEN_SOCKET_API 1
| #define _NETBSD_SOURCE 1
| #define _OPENBSD_SOURCE 1
| #define _POSIX_PTHREAD_SEMANTICS 1
| #define __STDC_WANT_IEC_60559_ATTRIBS_EXT__ 1
| #define __STDC_WANT_IEC_60559_BFP_EXT__ 1
| #define __STDC_WANT_IEC_60559_DFP_EXT__ 1
| #define __STDC_WANT_IEC_60559_FUNCS_EXT__ 1
| #define __STDC_WANT_IEC_60559_TYPES_EXT__ 1
| #define __STDC_WANT_LIB_EXT2__ 1
| #define __STDC_WANT_MATH_SPEC_FUNCS__ 1
| #define _TANDEM_SOURCE 1
| #define __EXTENSIONS__ 1
| #define PY_SUPPORT_TIER 1
| #define STDC_HEADERS 1
| #define HAVE_ALLOCA_H 1
| #define HAVE_ASM_TYPES_H 1
| #define HAVE_DLFCN_H 1
| #define HAVE_ENDIAN_H 1
| #define HAVE_ERRNO_H 1
| #define HAVE_FCNTL_H 1
| #define HAVE_GRP_H 1
| #define HAVE_LANGINFO_H 1
| #define HAVE_LIBINTL_H 1
| #define HAVE_LINUX_AUXVEC_H 1
| #define HAVE_SYS_AUXV_H 1
| #define HAVE_LINUX_FS_H 1
| #define HAVE_LINUX_LIMITS_H 1
| #define HAVE_LINUX_MEMFD_H 1
| #define HAVE_LINUX_RANDOM_H 1
| #define HAVE_LINUX_SOUNDCARD_H 1
| #define HAVE_LINUX_TIPC_H 1
| #define HAVE_LINUX_WAIT_H 1
| #define HAVE_NETDB_H 1
| #define HAVE_NET_ETHERNET_H 1
| #define HAVE_NETINET_IN_H 1
| #define HAVE_NETPACKET_PACKET_H 1
| #define HAVE_POLL_H 1
| #define HAVE_PTHREAD_H 1
| #define HAVE_PTY_H 1
| #define HAVE_SCHED_H 1
| #define HAVE_SETJMP_H 1
| #define HAVE_SHADOW_H 1
| #define HAVE_SIGNAL_H 1
| #define HAVE_SPAWN_H 1
| #define HAVE_SYS_EPOLL_H 1
| #define HAVE_SYS_EVENTFD_H 1
| #define HAVE_SYS_FILE_H 1
| #define HAVE_SYS_IOCTL_H 1
| #define HAVE_SYS_MMAN_H 1
| #define HAVE_SYS_PARAM_H 1
| #define HAVE_SYS_POLL_H 1
| #define HAVE_SYS_RANDOM_H 1
| #define HAVE_SYS_RESOURCE_H 1
| #define HAVE_SYS_SELECT_H 1
| #define HAVE_SYS_SENDFILE_H 1
| #define HAVE_SYS_SOCKET_H 1
| #define HAVE_SYS_SOUNDCARD_H 1
| #define HAVE_SYS_STAT_H 1
| #define HAVE_SYS_STATVFS_H 1
| #define HAVE_SYS_SYSCALL_H 1
| #define HAVE_SYS_SYSMACROS_H 1
| #define HAVE_SYS_TIME_H 1
| #define HAVE_SYS_TIMES_H 1
| #define HAVE_SYS_TIMERFD_H 1
| #define HAVE_SYS_TYPES_H 1
| #define HAVE_SYS_UIO_H 1
| #define HAVE_SYS_UN_H 1
| #define HAVE_SYS_UTSNAME_H 1
| #define HAVE_SYS_WAIT_H 1
| #define HAVE_SYS_XATTR_H 1
| #define HAVE_SYSEXITS_H 1
| #define HAVE_SYSLOG_H 1
| #define HAVE_TERMIOS_H 1
| #define HAVE_UTIME_H 1
| #define HAVE_UTMP_H 1
| #define HAVE_DIRENT_H 1
| #define MAJOR_IN_SYSMACROS 1
| #define HAVE_NET_IF_H 1
| #define HAVE_LINUX_NETLINK_H 1
| #define HAVE_LINUX_QRTR_H 1
| #define HAVE_LINUX_VM_SOCKETS_H 1
| #define HAVE_LINUX_CAN_H 1
| #define HAVE_LINUX_CAN_BCM_H 1
| #define HAVE_LINUX_CAN_J1939_H 1
| #define HAVE_LINUX_CAN_RAW_H 1
| #define HAVE_CLOCK_T 1
| #define HAVE_MAKEDEV 1
| #define HAVE_HTOLE64 1
| #define _LARGEFILE_SOURCE 1
| #define _FILE_OFFSET_BITS 64
| #if defined(SCO_DS)
| #undef _OFF_T
| #endif
| #define RETSIGTYPE void
| #define HAVE_SSIZE_T 1
| #define HAVE___UINT128_T 1
| #define HAVE_GCC_UINT128_T 1
| #define SIZEOF_INT 4
| #define SIZEOF_LONG 8
| #define ALIGNOF_LONG 8
| #define SIZEOF_LONG_LONG 8
| #define SIZEOF_VOID_P 8
| #define SIZEOF_SHORT 2
| #define SIZEOF_FLOAT 4
| #define SIZEOF_DOUBLE 8
| #define SIZEOF_FPOS_T 16
| #define SIZEOF_SIZE_T 8
| #define ALIGNOF_SIZE_T 8
| #define SIZEOF_PID_T 4
| #define SIZEOF_UINTPTR_T 8
| #define ALIGNOF_MAX_ALIGN_T 16
| #define HAVE_LONG_DOUBLE 1
| #define SIZEOF_LONG_DOUBLE 16
| #define SIZEOF__BOOL 1
| #define SIZEOF_OFF_T 8
| #define SIZEOF_TIME_T 8
| #define SIZEOF_PTHREAD_T 8
| #define SIZEOF_PTHREAD_KEY_T 4
| #define PTHREAD_KEY_T_IS_COMPATIBLE_WITH_INT 1
| #define PY_HAVE_PERF_TRAMPOLINE 1
| #define HAVE_LIBDL 1
| #define HAVE_FFI_PREP_CIF_VAR 1
| #define HAVE_FFI_PREP_CLOSURE_LOC 1
| #define HAVE_FFI_CLOSURE_ALLOC 1
| #define WITH_DECIMAL_CONTEXTVAR 1
| #define HAVE_LIBSQLITE3 1
| #define HAVE_LIBSQLITE3 1
| #define HAVE_LIBSQLITE3 1
| #define HAVE_LIBSQLITE3 1
| #define HAVE_LIBSQLITE3 1
| #define HAVE_LIBSQLITE3 1
| #define HAVE_LIBSQLITE3 1
| #define HAVE_LIBSQLITE3 1
| #define HAVE_LIBSQLITE3 1
| #define PY_SQLITE_HAVE_SERIALIZE 1
| #define HAVE_GDBM_H 1
| #define _REENTRANT 1
| #define PTHREAD_SYSTEM_SCHED_SUPPORTED 1
| #define HAVE_PTHREAD_SIGMASK 1
| #define HAVE_PTHREAD_GETCPUCLOCKID 1
| #define ENABLE_IPV6 1
| #define HAVE_LINUX_CAN_RAW_FD_FRAMES 1
| #define HAVE_LINUX_CAN_RAW_JOIN_FILTERS 1
| #define WITH_DOC_STRINGS 1
| #define HAVE_STD_ATOMIC 1
| #define HAVE_BUILTIN_ATOMIC 1
| #define WITH_MIMALLOC 1
| #define WITH_PYMALLOC 1
| #define WITH_FREELISTS 1
| #define PY_COERCE_C_LOCALE 1
| #define HAVE_DLOPEN 1
| #define HAVE_DYNAMIC_LOADING 1
| #define HAVE_ACCEPT4 1
| #define HAVE_ALARM 1
| #define HAVE_BIND_TEXTDOMAIN_CODESET 1
| #define HAVE_CHMOD 1
| #define HAVE_CHOWN 1
| #define HAVE_CLOCK 1
| #define HAVE_CLOSEFROM 1
| #define HAVE_CLOSE_RANGE 1
| #define HAVE_CONFSTR 1
| #define HAVE_COPY_FILE_RANGE 1
| #define HAVE_CTERMID 1
| #define HAVE_DUP 1
| #define HAVE_DUP3 1
| #define HAVE_EXECV 1
| #define HAVE_EXPLICIT_BZERO 1
| #define HAVE_FACCESSAT 1
| #define HAVE_FCHMOD 1
| #define HAVE_FCHMODAT 1
| #define HAVE_FCHOWN 1
| #define HAVE_FCHOWNAT 1
| #define HAVE_FDOPENDIR 1
| #define HAVE_FEXECVE 1
| #define HAVE_FORK 1
| #define HAVE_FPATHCONF 1
| #define HAVE_FSTATAT 1
| #define HAVE_FTIME 1
| #define HAVE_FTRUNCATE 1
| #define HAVE_FUTIMENS 1
| #define HAVE_FUTIMES 1
| #define HAVE_FUTIMESAT 1
| #define HAVE_GAI_STRERROR 1
| #define HAVE_GETEGID 1
| #define HAVE_GETEUID 1
| #define HAVE_GETGID 1
| #define HAVE_GETGRENT 1
| #define HAVE_GETGRGID 1
| #define HAVE_GETGRGID_R 1
| #define HAVE_GETGRNAM_R 1
| #define HAVE_GETGROUPLIST 1
| #define HAVE_GETHOSTNAME 1
| #define HAVE_GETITIMER 1
| #define HAVE_GETLOADAVG 1
| #define HAVE_GETLOGIN 1
| #define HAVE_GETPEERNAME 1
| #define HAVE_GETPGID 1
| #define HAVE_GETPID 1
| #define HAVE_GETPPID 1
| #define HAVE_GETPRIORITY 1
| #define HAVE_GETPWENT 1
| #define HAVE_GETPWNAM_R 1
| #define HAVE_GETPWUID 1
| #define HAVE_GETPWUID_R 1
| #define HAVE_GETRESGID 1
| #define HAVE_GETRESUID 1
| #define HAVE_GETRUSAGE 1
| #define HAVE_GETSID 1
| #define HAVE_GETSPENT 1
| #define HAVE_GETSPNAM 1
| #define HAVE_GETUID 1
| #define HAVE_GETWD 1
| #define HAVE_GRANTPT 1
| #define HAVE_IF_NAMEINDEX 1
| #define HAVE_INITGROUPS 1
| #define HAVE_KILL 1
| #define HAVE_KILLPG 1
| #define HAVE_LCHOWN 1
| #define HAVE_LINKAT 1
| #define HAVE_LOCKF 1
| #define HAVE_LSTAT 1
| #define HAVE_LUTIMES 1
| #define HAVE_MADVISE 1
| #define HAVE_MBRTOWC 1
| #define HAVE_MEMRCHR 1
| #define HAVE_MKDIRAT 1
| #define HAVE_MKFIFO 1
| #define HAVE_MKFIFOAT 1
| #define HAVE_MKNOD 1
| #define HAVE_MKNODAT 1
| #define HAVE_MKTIME 1
| #define HAVE_MMAP 1
| #define HAVE_MREMAP 1
| #define HAVE_NICE 1
| #define HAVE_OPENAT 1
| #define HAVE_OPENDIR 1
| #define HAVE_PATHCONF 1
| #define HAVE_PAUSE 1
| #define HAVE_PIPE 1
| #define HAVE_PIPE2 1
| #define HAVE_POLL 1
| #define HAVE_POSIX_FADVISE 1
| #define HAVE_POSIX_FALLOCATE 1
| #define HAVE_POSIX_OPENPT 1
| #define HAVE_POSIX_SPAWN 1
| #define HAVE_POSIX_SPAWNP 1
| #define HAVE_POSIX_SPAWN_FILE_ACTIONS_ADDCLOSEFROM_NP 1
| #define HAVE_PREAD 1
| #define HAVE_PREADV 1
| #define HAVE_PREADV2 1
| #define HAVE_PROCESS_VM_READV 1
| #define HAVE_PTHREAD_CONDATTR_SETCLOCK 1
| #define HAVE_PTHREAD_KILL 1
| #define HAVE_PTSNAME 1
| #define HAVE_PTSNAME_R 1
| #define HAVE_PWRITE 1
| #define HAVE_PWRITEV 1
| #define HAVE_PWRITEV2 1
| #define HAVE_READLINK 1
| #define HAVE_READLINKAT 1
| #define HAVE_READV 1
| #define HAVE_REALPATH 1
| #define HAVE_RENAMEAT 1
| #define HAVE_SCHED_GET_PRIORITY_MAX 1
| #define HAVE_SCHED_RR_GET_INTERVAL 1
| #define HAVE_SCHED_SETAFFINITY 1
| #define HAVE_SCHED_SETPARAM 1
| #define HAVE_SCHED_SETSCHEDULER 1
| #define HAVE_SEM_CLOCKWAIT 1
| #define HAVE_SEM_GETVALUE 1
| #define HAVE_SEM_OPEN 1
| #define HAVE_SEM_TIMEDWAIT 1
| #define HAVE_SEM_UNLINK 1
| #define HAVE_SENDFILE 1
| #define HAVE_SETEGID 1
| #define HAVE_SETEUID 1
| #define HAVE_SETGID 1
| #define HAVE_SETHOSTNAME 1
| #define HAVE_SETITIMER 1
| #define HAVE_SETLOCALE 1
| #define HAVE_SETPGID 1
| #define HAVE_SETPGRP 1
| #define HAVE_SETPRIORITY 1
| #define HAVE_SETREGID 1
| #define HAVE_SETRESGID 1
| #define HAVE_SETRESUID 1
| #define HAVE_SETREUID 1
| #define HAVE_SETSID 1
| #define HAVE_SETUID 1
| #define HAVE_SETVBUF 1
| #define HAVE_SHUTDOWN 1
| #define HAVE_SIGACTION 1
| #define HAVE_SIGALTSTACK 1
| #define HAVE_SIGFILLSET 1
| #define HAVE_SIGINTERRUPT 1
| #define HAVE_SIGPENDING 1
| #define HAVE_SIGRELSE 1
| #define HAVE_SIGTIMEDWAIT 1
| #define HAVE_SIGWAIT 1
| #define HAVE_SIGWAITINFO 1
| #define HAVE_SNPRINTF 1
| #define HAVE_SPLICE 1
| #define HAVE_STRFTIME 1
| #define HAVE_STRSIGNAL 1
| #define HAVE_SYMLINKAT 1
| #define HAVE_SYNC 1
| #define HAVE_SYSCONF 1
| #define HAVE_TCGETPGRP 1
| #define HAVE_TCSETPGRP 1
| #define HAVE_TEMPNAM 1
| #define HAVE_TIMEGM 1
| #define HAVE_TIMES 1
| #define HAVE_TMPFILE 1
| #define HAVE_TMPNAM 1
| #define HAVE_TMPNAM_R 1
| #define HAVE_TRUNCATE 1
| #define HAVE_TTYNAME_R 1
| #define HAVE_UMASK 1
| #define HAVE_UNAME 1
| #define HAVE_UNLINKAT 1
| #define HAVE_UNLOCKPT 1
| #define HAVE_UTIMENSAT 1
| #define HAVE_UTIMES 1
| #define HAVE_VFORK 1
| #define HAVE_WAIT 1
| #define HAVE_WAIT3 1
| #define HAVE_WAIT4 1
| #define HAVE_WAITID 1
| #define HAVE_WAITPID 1
| #define HAVE_WCSCOLL 1
| #define HAVE_WCSFTIME 1
| #define HAVE_WCSXFRM 1
| #define HAVE_WMEMCMP 1
| #define HAVE_WRITEV 1
| #define HAVE_GETENTROPY 1
| #define HAVE_GETGROUPS 1
| #define HAVE_SYSTEM 1
| #define HAVE_DIRFD 1
| #define HAVE_CHROOT 1
| #define HAVE_LINK 1
| #define HAVE_SYMLINK 1
| #define HAVE_FCHDIR 1
| #define HAVE_FSYNC 1
| #define HAVE_FDATASYNC 1
| #define HAVE_EPOLL 1
| #define HAVE_EPOLL_CREATE1 1
| #define HAVE_PRLIMIT 1
| #define HAVE_MEMFD_CREATE 1
| #define HAVE_EVENTFD 1
| #define HAVE_TIMERFD_CREATE 1
| #define HAVE_FLOCK 1
| #define HAVE_GETPAGESIZE 1
| #define HAVE_ZLIB_COPY 1
| #define HAVE_BZLIB_H 1
| #define HAVE_HSTRERROR 1
| #define HAVE_GETSERVBYNAME 1
| #define HAVE_GETSERVBYPORT 1
| #define HAVE_GETHOSTBYNAME 1
| #define HAVE_GETHOSTBYADDR 1
| #define HAVE_GETPROTOBYNAME 1
| #define HAVE_INET_ATON 1
| #define HAVE_INET_NTOA 1
| #define HAVE_INET_PTON 1
| #define HAVE_GETPEERNAME 1
| #define HAVE_GETSOCKNAME 1
| #define HAVE_ACCEPT 1
| #define HAVE_BIND 1
| #define HAVE_CONNECT 1
| #define HAVE_LISTEN 1
| #define HAVE_RECVFROM 1
| #define HAVE_SENDTO 1
| #define HAVE_SETSOCKOPT 1
| #define HAVE_SOCKET 1
| #define HAVE_SETGROUPS 1
| #define HAVE_OPENPTY 1
| #define HAVE_LOGIN_TTY 1
| #define HAVE_FORKPTY 1
| #define HAVE_FSEEKO 1
| #define HAVE_FSTATVFS 1
| #define HAVE_FTELLO 1
| #define HAVE_STATVFS 1
| #define HAVE_DUP2 1
| #define HAVE_GETPGRP 1
| #define HAVE_SETPGRP 1
| #define HAVE_SETNS 1
| #define HAVE_UNSHARE 1
| #define HAVE_CLOCK_GETTIME 1
| #define HAVE_CLOCK_GETRES 1
| #define HAVE_CLOCK_SETTIME 1
| #define HAVE_CLOCK_NANOSLEEP 1
| #define HAVE_NANOSLEEP 1
| #define HAVE_DEVICE_MACROS 1
| #define SYS_SELECT_WITH_SYS_TIME 1
| #define HAVE_GETADDRINFO 1
| #define HAVE_GETNAMEINFO 1
| #define HAVE_STRUCT_TM_TM_ZONE 1
| #define HAVE_TM_ZONE 1
| #define HAVE_STRUCT_STAT_ST_RDEV 1
| #define HAVE_STRUCT_STAT_ST_BLKSIZE 1
| #define HAVE_STRUCT_STAT_ST_BLOCKS 1
| #define HAVE_STRUCT_PASSWD_PW_GECOS 1
| #define HAVE_STRUCT_PASSWD_PW_PASSWD 1
| #define HAVE_SIGINFO_T_SI_BAND 1
| #define HAVE_ADDRINFO 1
| #define HAVE_SOCKADDR_STORAGE 1
| #define HAVE_SOCKADDR_ALG 1
| #define HAVE_PROTOTYPES 1
| #define HAVE_SOCKETPAIR 1
| #define HAVE_GETHOSTBYNAME_R 1
| #define HAVE_GETHOSTBYNAME_R 1
| #define HAVE_GETHOSTBYNAME_R_6_ARG 1
| #define HAVE_GCC_ASM_FOR_X64 1
| #define DOUBLE_IS_LITTLE_ENDIAN_IEEE754 1
| #define HAVE_GCC_ASM_FOR_X87 1
| #define HAVE_ACOSH 1
| #define HAVE_ASINH 1
| #define HAVE_ATANH 1
| #define HAVE_ERF 1
| #define HAVE_ERFC 1
| #define HAVE_EXPM1 1
| #define HAVE_LOG1P 1
| #define HAVE_LOG2 1
| #define HAVE_DECL_RTLD_LAZY 1
| #define HAVE_DECL_RTLD_NOW 1
| #define HAVE_DECL_RTLD_GLOBAL 1
| #define HAVE_DECL_RTLD_LOCAL 1
| #define HAVE_DECL_RTLD_NODELETE 1
| #define HAVE_DECL_RTLD_NOLOAD 1
| #define HAVE_DECL_RTLD_DEEPBIND 1
| /* end confdefs.h.  */
| #include <dlfcn.h>
| 
| int
| main (void)
| {
| #ifndef RTLD_MEMBER
| #ifdef __cplusplus
|   (void) RTLD_MEMBER;
| #else
|   (void) RTLD_MEMBER;
| #endif
| #endif
| 
|   ;
|   return 0;
| }
configure:24161: result: no
configure:24173: checking digit size for Python's longs
configure:24195: result: no value specified
configure:24201: checking for wchar.h
configure:24201: result: yes
configure:24223: checking size of wchar_t
configure:24229: gcc -o conftest    conftest.c -ldl  >&5
configure:24229: $? = 0
configure:24229: ./conftest
configure:24229: $? = 0
configure:24245: result: 4
configure:24259: checking whether wchar_t is signed
configure:24281: gcc -o conftest    conftest.c -ldl  >&5
configure:24281: $? = 0
configure:24281: ./conftest
configure:24281: $? = 0
configure:24292: result: yes
configure:24296: checking whether wchar_t is usable
configure:24308: result: no
configure:24329: checking whether byte ordering is bigendian
configure:24345: gcc -c   conftest.c >&5
conftest.c:458:16: error: unknown type name 'not'
  458 |                not a universal capable compiler
      |                ^~~
conftest.c:458:22: error: expected '=', ',', ';', 'asm' or '__attribute__' before 'universal'
  458 |                not a universal capable compiler
      |                      ^~~~~~~~~
conftest.c:458:22: error: unknown type name 'universal'
configure:24345: $? = 1
configure: failed program was:
| /* confdefs.h */
| #define _NETBSD_SOURCE 1
| #define __BSD_VISIBLE 1
| #define _DARWIN_C_SOURCE 1
| #define _PYTHONFRAMEWORK ""
| #define _XOPEN_SOURCE 700
| #define _XOPEN_SOURCE_EXTENDED 1
| #define _POSIX_C_SOURCE 200809L
| #define HAVE_STDIO_H 1
| #define HAVE_STDLIB_H 1
| #define HAVE_STRING_H 1
| #define HAVE_INTTYPES_H 1
| #define HAVE_STDINT_H 1
| #define HAVE_STRINGS_H 1
| #define HAVE_SYS_STAT_H 1
| #define HAVE_SYS_TYPES_H 1
| #define HAVE_UNISTD_H 1
| #define HAVE_WCHAR_H 1
| #define STDC_HEADERS 1
| #define _ALL_SOURCE 1
| #define _DARWIN_C_SOURCE 1
| #define _GNU_SOURCE 1
| #define _HPUX_ALT_XOPEN_SOCKET_API 1
| #define _NETBSD_SOURCE 1
| #define _OPENBSD_SOURCE 1
| #define _POSIX_PTHREAD_SEMANTICS 1
| #define __STDC_WANT_IEC_60559_ATTRIBS_EXT__ 1
| #define __STDC_WANT_IEC_60559_BFP_EXT__ 1
| #define __STDC_WANT_IEC_60559_DFP_EXT__ 1
| #define __STDC_WANT_IEC_60559_FUNCS_EXT__ 1
| #define __STDC_WANT_IEC_60559_TYPES_EXT__ 1
| #define __STDC_WANT_LIB_EXT2__ 1
| #define __STDC_WANT_MATH_SPEC_FUNCS__ 1
| #define _TANDEM_SOURCE 1
| #define __EXTENSIONS__ 1
| #define PY_SUPPORT_TIER 1
| #define STDC_HEADERS 1
| #define HAVE_ALLOCA_H 1
| #define HAVE_ASM_TYPES_H 1
| #define HAVE_DLFCN_H 1
| #define HAVE_ENDIAN_H 1
| #define HAVE_ERRNO_H 1
| #define HAVE_FCNTL_H 1
| #define HAVE_GRP_H 1
| #define HAVE_LANGINFO_H 1
| #define HAVE_LIBINTL_H 1
| #define HAVE_LINUX_AUXVEC_H 1
| #define HAVE_SYS_AUXV_H 1
| #define HAVE_LINUX_FS_H 1
| #define HAVE_LINUX_LIMITS_H 1
| #define HAVE_LINUX_MEMFD_H 1
| #define HAVE_LINUX_RANDOM_H 1
| #define HAVE_LINUX_SOUNDCARD_H 1
| #define HAVE_LINUX_TIPC_H 1
| #define HAVE_LINUX_WAIT_H 1
| #define HAVE_NETDB_H 1
| #define HAVE_NET_ETHERNET_H 1
| #define HAVE_NETINET_IN_H 1
| #define HAVE_NETPACKET_PACKET_H 1
| #define HAVE_POLL_H 1
| #define HAVE_PTHREAD_H 1
| #define HAVE_PTY_H 1
| #define HAVE_SCHED_H 1
| #define HAVE_SETJMP_H 1
| #define HAVE_SHADOW_H 1
| #define HAVE_SIGNAL_H 1
| #define HAVE_SPAWN_H 1
| #define HAVE_SYS_EPOLL_H 1
| #define HAVE_SYS_EVENTFD_H 1
| #define HAVE_SYS_FILE_H 1
| #define HAVE_SYS_IOCTL_H 1
| #define HAVE_SYS_MMAN_H 1
| #define HAVE_SYS_PARAM_H 1
| #define HAVE_SYS_POLL_H 1
| #define HAVE_SYS_RANDOM_H 1
| #define HAVE_SYS_RESOURCE_H 1
| #define HAVE_SYS_SELECT_H 1
| #define HAVE_SYS_SENDFILE_H 1
| #define HAVE_SYS_SOCKET_H 1
| #define HAVE_SYS_SOUNDCARD_H 1
| #define HAVE_SYS_STAT_H 1
| #define HAVE_SYS_STATVFS_H 1
| #define HAVE_SYS_SYSCALL_H 1
| #define HAVE_SYS_SYSMACROS_H 1
| #define HAVE_SYS_TIME_H 1
| #define HAVE_SYS_TIMES_H 1
| #define HAVE_SYS_TIMERFD_H 1
| #define HAVE_SYS_TYPES_H 1
| #define HAVE_SYS_UIO_H 1
| #define HAVE_SYS_UN_H 1
| #define HAVE_SYS_UTSNAME_H 1
| #define HAVE_SYS_WAIT_H 1
| #define HAVE_SYS_XATTR_H 1
| #define HAVE_SYSEXITS_H 1
| #define HAVE_SYSLOG_H 1
| #define HAVE_TERMIOS_H 1
| #define HAVE_UTIME_H 1
| #define HAVE_UTMP_H 1
| #define HAVE_DIRENT_H 1
| #define MAJOR_IN_SYSMACROS 1
| #define HAVE_NET_IF_H 1
| #define HAVE_LINUX_NETLINK_H 1
| #define HAVE_LINUX_QRTR_H 1
| #define HAVE_LINUX_VM_SOCKETS_H 1
| #define HAVE_LINUX_CAN_H 1
| #define HAVE_LINUX_CAN_BCM_H 1
| #define HAVE_LINUX_CAN_J1939_H 1
| #define HAVE_LINUX_CAN_RAW_H 1
| #define HAVE_CLOCK_T 1
| #define HAVE_MAKEDEV 1
| #define HAVE_HTOLE64 1
| #define _LARGEFILE_SOURCE 1
| #define _FILE_OFFSET_BITS 64
| #if defined(SCO_DS)
| #undef _OFF_T
| #endif
| #define RETSIGTYPE void
| #define HAVE_SSIZE_T 1
| #define HAVE___UINT128_T 1
| #define HAVE_GCC_UINT128_T 1
| #define SIZEOF_INT 4
| #define SIZEOF_LONG 8
| #define ALIGNOF_LONG 8
| #define SIZEOF_LONG_LONG 8
| #define SIZEOF_VOID_P 8
| #define SIZEOF_SHORT 2
| #define SIZEOF_FLOAT 4
| #define SIZEOF_DOUBLE 8
| #define SIZEOF_FPOS_T 16
| #define SIZEOF_SIZE_T 8
| #define ALIGNOF_SIZE_T 8
| #define SIZEOF_PID_T 4
| #define SIZEOF_UINTPTR_T 8
| #define ALIGNOF_MAX_ALIGN_T 16
| #define HAVE_LONG_DOUBLE 1
| #define SIZEOF_LONG_DOUBLE 16
| #define SIZEOF__BOOL 1
| #define SIZEOF_OFF_T 8
| #define SIZEOF_TIME_T 8
| #define SIZEOF_PTHREAD_T 8
| #define SIZEOF_PTHREAD_KEY_T 4
| #define PTHREAD_KEY_T_IS_COMPATIBLE_WITH_INT 1
| #define PY_HAVE_PERF_TRAMPOLINE 1
| #define HAVE_LIBDL 1
| #define HAVE_FFI_PREP_CIF_VAR 1
| #define HAVE_FFI_PREP_CLOSURE_LOC 1
| #define HAVE_FFI_CLOSURE_ALLOC 1
| #define WITH_DECIMAL_CONTEXTVAR 1
| #define HAVE_LIBSQLITE3 1
| #define HAVE_LIBSQLITE3 1
| #define HAVE_LIBSQLITE3 1
| #define HAVE_LIBSQLITE3 1
| #define HAVE_LIBSQLITE3 1
| #define HAVE_LIBSQLITE3 1
| #define HAVE_LIBSQLITE3 1
| #define HAVE_LIBSQLITE3 1
| #define HAVE_LIBSQLITE3 1
| #define PY_SQLITE_HAVE_SERIALIZE 1
| #define HAVE_GDBM_H 1
| #define _REENTRANT 1
| #define PTHREAD_SYSTEM_SCHED_SUPPORTED 1
| #define HAVE_PTHREAD_SIGMASK 1
| #define HAVE_PTHREAD_GETCPUCLOCKID 1
| #define ENABLE_IPV6 1
| #define HAVE_LINUX_CAN_RAW_FD_FRAMES 1
| #define HAVE_LINUX_CAN_RAW_JOIN_FILTERS 1
| #define WITH_DOC_STRINGS 1
| #define HAVE_STD_ATOMIC 1
| #define HAVE_BUILTIN_ATOMIC 1
| #define WITH_MIMALLOC 1
| #define WITH_PYMALLOC 1
| #define WITH_FREELISTS 1
| #define PY_COERCE_C_LOCALE 1
| #define HAVE_DLOPEN 1
| #define HAVE_DYNAMIC_LOADING 1
| #define HAVE_ACCEPT4 1
| #define HAVE_ALARM 1
| #define HAVE_BIND_TEXTDOMAIN_CODESET 1
| #define HAVE_CHMOD 1
| #define HAVE_CHOWN 1
| #define HAVE_CLOCK 1
| #define HAVE_CLOSEFROM 1
| #define HAVE_CLOSE_RANGE 1
| #define HAVE_CONFSTR 1
| #define HAVE_COPY_FILE_RANGE 1
| #define HAVE_CTERMID 1
| #define HAVE_DUP 1
| #define HAVE_DUP3 1
| #define HAVE_EXECV 1
| #define HAVE_EXPLICIT_BZERO 1
| #define HAVE_FACCESSAT 1
| #define HAVE_FCHMOD 1
| #define HAVE_FCHMODAT 1
| #define HAVE_FCHOWN 1
| #define HAVE_FCHOWNAT 1
| #define HAVE_FDOPENDIR 1
| #define HAVE_FEXECVE 1
| #define HAVE_FORK 1
| #define HAVE_FPATHCONF 1
| #define HAVE_FSTATAT 1
| #define HAVE_FTIME 1
| #define HAVE_FTRUNCATE 1
| #define HAVE_FUTIMENS 1
| #define HAVE_FUTIMES 1
| #define HAVE_FUTIMESAT 1
| #define HAVE_GAI_STRERROR 1
| #define HAVE_GETEGID 1
| #define HAVE_GETEUID 1
| #define HAVE_GETGID 1
| #define HAVE_GETGRENT 1
| #define HAVE_GETGRGID 1
| #define HAVE_GETGRGID_R 1
| #define HAVE_GETGRNAM_R 1
| #define HAVE_GETGROUPLIST 1
| #define HAVE_GETHOSTNAME 1
| #define HAVE_GETITIMER 1
| #define HAVE_GETLOADAVG 1
| #define HAVE_GETLOGIN 1
| #define HAVE_GETPEERNAME 1
| #define HAVE_GETPGID 1
| #define HAVE_GETPID 1
| #define HAVE_GETPPID 1
| #define HAVE_GETPRIORITY 1
| #define HAVE_GETPWENT 1
| #define HAVE_GETPWNAM_R 1
| #define HAVE_GETPWUID 1
| #define HAVE_GETPWUID_R 1
| #define HAVE_GETRESGID 1
| #define HAVE_GETRESUID 1
| #define HAVE_GETRUSAGE 1
| #define HAVE_GETSID 1
| #define HAVE_GETSPENT 1
| #define HAVE_GETSPNAM 1
| #define HAVE_GETUID 1
| #define HAVE_GETWD 1
| #define HAVE_GRANTPT 1
| #define HAVE_IF_NAMEINDEX 1
| #define HAVE_INITGROUPS 1
| #define HAVE_KILL 1
| #define HAVE_KILLPG 1
| #define HAVE_LCHOWN 1
| #define HAVE_LINKAT 1
| #define HAVE_LOCKF 1
| #define HAVE_LSTAT 1
| #define HAVE_LUTIMES 1
| #define HAVE_MADVISE 1
| #define HAVE_MBRTOWC 1
| #define HAVE_MEMRCHR 1
| #define HAVE_MKDIRAT 1
| #define HAVE_MKFIFO 1
| #define HAVE_MKFIFOAT 1
| #define HAVE_MKNOD 1
| #define HAVE_MKNODAT 1
| #define HAVE_MKTIME 1
| #define HAVE_MMAP 1
| #define HAVE_MREMAP 1
| #define HAVE_NICE 1
| #define HAVE_OPENAT 1
| #define HAVE_OPENDIR 1
| #define HAVE_PATHCONF 1
| #define HAVE_PAUSE 1
| #define HAVE_PIPE 1
| #define HAVE_PIPE2 1
| #define HAVE_POLL 1
| #define HAVE_POSIX_FADVISE 1
| #define HAVE_POSIX_FALLOCATE 1
| #define HAVE_POSIX_OPENPT 1
| #define HAVE_POSIX_SPAWN 1
| #define HAVE_POSIX_SPAWNP 1
| #define HAVE_POSIX_SPAWN_FILE_ACTIONS_ADDCLOSEFROM_NP 1
| #define HAVE_PREAD 1
| #define HAVE_PREADV 1
| #define HAVE_PREADV2 1
| #define HAVE_PROCESS_VM_READV 1
| #define HAVE_PTHREAD_CONDATTR_SETCLOCK 1
| #define HAVE_PTHREAD_KILL 1
| #define HAVE_PTSNAME 1
| #define HAVE_PTSNAME_R 1
| #define HAVE_PWRITE 1
| #define HAVE_PWRITEV 1
| #define HAVE_PWRITEV2 1
| #define HAVE_READLINK 1
| #define HAVE_READLINKAT 1
| #define HAVE_READV 1
| #define HAVE_REALPATH 1
| #define HAVE_RENAMEAT 1
| #define HAVE_SCHED_GET_PRIORITY_MAX 1
| #define HAVE_SCHED_RR_GET_INTERVAL 1
| #define HAVE_SCHED_SETAFFINITY 1
| #define HAVE_SCHED_SETPARAM 1
| #define HAVE_SCHED_SETSCHEDULER 1
| #define HAVE_SEM_CLOCKWAIT 1
| #define HAVE_SEM_GETVALUE 1
| #define HAVE_SEM_OPEN 1
| #define HAVE_SEM_TIMEDWAIT 1
| #define HAVE_SEM_UNLINK 1
| #define HAVE_SENDFILE 1
| #define HAVE_SETEGID 1
| #define HAVE_SETEUID 1
| #define HAVE_SETGID 1
| #define HAVE_SETHOSTNAME 1
| #define HAVE_SETITIMER 1
| #define HAVE_SETLOCALE 1
| #define HAVE_SETPGID 1
| #define HAVE_SETPGRP 1
| #define HAVE_SETPRIORITY 1
| #define HAVE_SETREGID 1
| #define HAVE_SETRESGID 1
| #define HAVE_SETRESUID 1
| #define HAVE_SETREUID 1
| #define HAVE_SETSID 1
| #define HAVE_SETUID 1
| #define HAVE_SETVBUF 1
| #define HAVE_SHUTDOWN 1
| #define HAVE_SIGACTION 1
| #define HAVE_SIGALTSTACK 1
| #define HAVE_SIGFILLSET 1
| #define HAVE_SIGINTERRUPT 1
| #define HAVE_SIGPENDING 1
| #define HAVE_SIGRELSE 1
| #define HAVE_SIGTIMEDWAIT 1
| #define HAVE_SIGWAIT 1
| #define HAVE_SIGWAITINFO 1
| #define HAVE_SNPRINTF 1
| #define HAVE_SPLICE 1
| #define HAVE_STRFTIME 1
| #define HAVE_STRSIGNAL 1
| #define HAVE_SYMLINKAT 1
| #define HAVE_SYNC 1
| #define HAVE_SYSCONF 1
| #define HAVE_TCGETPGRP 1
| #define HAVE_TCSETPGRP 1
| #define HAVE_TEMPNAM 1
| #define HAVE_TIMEGM 1
| #define HAVE_TIMES 1
| #define HAVE_TMPFILE 1
| #define HAVE_TMPNAM 1
| #define HAVE_TMPNAM_R 1
| #define HAVE_TRUNCATE 1
| #define HAVE_TTYNAME_R 1
| #define HAVE_UMASK 1
| #define HAVE_UNAME 1
| #define HAVE_UNLINKAT 1
| #define HAVE_UNLOCKPT 1
| #define HAVE_UTIMENSAT 1
| #define HAVE_UTIMES 1
| #define HAVE_VFORK 1
| #define HAVE_WAIT 1
| #define HAVE_WAIT3 1
| #define HAVE_WAIT4 1
| #define HAVE_WAITID 1
| #define HAVE_WAITPID 1
| #define HAVE_WCSCOLL 1
| #define HAVE_WCSFTIME 1
| #define HAVE_WCSXFRM 1
| #define HAVE_WMEMCMP 1
| #define HAVE_WRITEV 1
| #define HAVE_GETENTROPY 1
| #define HAVE_GETGROUPS 1
| #define HAVE_SYSTEM 1
| #define HAVE_DIRFD 1
| #define HAVE_CHROOT 1
| #define HAVE_LINK 1
| #define HAVE_SYMLINK 1
| #define HAVE_FCHDIR 1
| #define HAVE_FSYNC 1
| #define HAVE_FDATASYNC 1
| #define HAVE_EPOLL 1
| #define HAVE_EPOLL_CREATE1 1
| #define HAVE_PRLIMIT 1
| #define HAVE_MEMFD_CREATE 1
| #define HAVE_EVENTFD 1
| #define HAVE_TIMERFD_CREATE 1
| #define HAVE_FLOCK 1
| #define HAVE_GETPAGESIZE 1
| #define HAVE_ZLIB_COPY 1
| #define HAVE_BZLIB_H 1
| #define HAVE_HSTRERROR 1
| #define HAVE_GETSERVBYNAME 1
| #define HAVE_GETSERVBYPORT 1
| #define HAVE_GETHOSTBYNAME 1
| #define HAVE_GETHOSTBYADDR 1
| #define HAVE_GETPROTOBYNAME 1
| #define HAVE_INET_ATON 1
| #define HAVE_INET_NTOA 1
| #define HAVE_INET_PTON 1
| #define HAVE_GETPEERNAME 1
| #define HAVE_GETSOCKNAME 1
| #define HAVE_ACCEPT 1
| #define HAVE_BIND 1
| #define HAVE_CONNECT 1
| #define HAVE_LISTEN 1
| #define HAVE_RECVFROM 1
| #define HAVE_SENDTO 1
| #define HAVE_SETSOCKOPT 1
| #define HAVE_SOCKET 1
| #define HAVE_SETGROUPS 1
| #define HAVE_OPENPTY 1
| #define HAVE_LOGIN_TTY 1
| #define HAVE_FORKPTY 1
| #define HAVE_FSEEKO 1
| #define HAVE_FSTATVFS 1
| #define HAVE_FTELLO 1
| #define HAVE_STATVFS 1
| #define HAVE_DUP2 1
| #define HAVE_GETPGRP 1
| #define HAVE_SETPGRP 1
| #define HAVE_SETNS 1
| #define HAVE_UNSHARE 1
| #define HAVE_CLOCK_GETTIME 1
| #define HAVE_CLOCK_GETRES 1
| #define HAVE_CLOCK_SETTIME 1
| #define HAVE_CLOCK_NANOSLEEP 1
| #define HAVE_NANOSLEEP 1
| #define HAVE_DEVICE_MACROS 1
| #define SYS_SELECT_WITH_SYS_TIME 1
| #define HAVE_GETADDRINFO 1
| #define HAVE_GETNAMEINFO 1
| #define HAVE_STRUCT_TM_TM_ZONE 1
| #define HAVE_TM_ZONE 1
| #define HAVE_STRUCT_STAT_ST_RDEV 1
| #define HAVE_STRUCT_STAT_ST_BLKSIZE 1
| #define HAVE_STRUCT_STAT_ST_BLOCKS 1
| #define HAVE_STRUCT_PASSWD_PW_GECOS 1
| #define HAVE_STRUCT_PASSWD_PW_PASSWD 1
| #define HAVE_SIGINFO_T_SI_BAND 1
| #define HAVE_ADDRINFO 1
| #define HAVE_SOCKADDR_STORAGE 1
| #define HAVE_SOCKADDR_ALG 1
| #define HAVE_PROTOTYPES 1
| #define HAVE_SOCKETPAIR 1
| #define HAVE_GETHOSTBYNAME_R 1
| #define HAVE_GETHOSTBYNAME_R 1
| #define HAVE_GETHOSTBYNAME_R_6_ARG 1
| #define HAVE_GCC_ASM_FOR_X64 1
| #define DOUBLE_IS_LITTLE_ENDIAN_IEEE754 1
| #define HAVE_GCC_ASM_FOR_X87 1
| #define HAVE_ACOSH 1
| #define HAVE_ASINH 1
| #define HAVE_ATANH 1
| #define HAVE_ERF 1
| #define HAVE_ERFC 1
| #define HAVE_EXPM1 1
| #define HAVE_LOG1P 1
| #define HAVE_LOG2 1
| #define HAVE_DECL_RTLD_LAZY 1
| #define HAVE_DECL_RTLD_NOW 1
| #define HAVE_DECL_RTLD_GLOBAL 1
| #define HAVE_DECL_RTLD_LOCAL 1
| #define HAVE_DECL_RTLD_NODELETE 1
| #define HAVE_DECL_RTLD_NOLOAD 1
| #define HAVE_DECL_RTLD_DEEPBIND 1
| #define HAVE_DECL_RTLD_MEMBER 0
| #define HAVE_WCHAR_H 1
| #define SIZEOF_WCHAR_T 4
| /* end confdefs.h.  */
| #ifndef __APPLE_CC__
| 	       not a universal capable compiler
| 	     #endif
| 	     typedef int dummy;
| 
configure:24391: gcc -c   conftest.c >&5
configure:24391: $? = 0
configure:24410: gcc -c   conftest.c >&5
conftest.c: In function 'main':
conftest.c:464:18: error: unknown type name 'not'; did you mean 'ino_t'?
  464 |                  not big endian
      |                  ^~~
      |                  ino_t
conftest.c:464:26: error: expected '=', ',', ';', 'asm' or '__attribute__' before 'endian'
  464 |                  not big endian
      |                          ^~~~~~
configure:24410: $? = 1
configure: failed program was:
| /* confdefs.h */
| #define _NETBSD_SOURCE 1
| #define __BSD_VISIBLE 1
| #define _DARWIN_C_SOURCE 1
| #define _PYTHONFRAMEWORK ""
| #define _XOPEN_SOURCE 700
| #define _XOPEN_SOURCE_EXTENDED 1
| #define _POSIX_C_SOURCE 200809L
| #define HAVE_STDIO_H 1
| #define HAVE_STDLIB_H 1
| #define HAVE_STRING_H 1
| #define HAVE_INTTYPES_H 1
| #define HAVE_STDINT_H 1
| #define HAVE_STRINGS_H 1
| #define HAVE_SYS_STAT_H 1
| #define HAVE_SYS_TYPES_H 1
| #define HAVE_UNISTD_H 1
| #define HAVE_WCHAR_H 1
| #define STDC_HEADERS 1
| #define _ALL_SOURCE 1
| #define _DARWIN_C_SOURCE 1
| #define _GNU_SOURCE 1
| #define _HPUX_ALT_XOPEN_SOCKET_API 1
| #define _NETBSD_SOURCE 1
| #define _OPENBSD_SOURCE 1
| #define _POSIX_PTHREAD_SEMANTICS 1
| #define __STDC_WANT_IEC_60559_ATTRIBS_EXT__ 1
| #define __STDC_WANT_IEC_60559_BFP_EXT__ 1
| #define __STDC_WANT_IEC_60559_DFP_EXT__ 1
| #define __STDC_WANT_IEC_60559_FUNCS_EXT__ 1
| #define __STDC_WANT_IEC_60559_TYPES_EXT__ 1
| #define __STDC_WANT_LIB_EXT2__ 1
| #define __STDC_WANT_MATH_SPEC_FUNCS__ 1
| #define _TANDEM_SOURCE 1
| #define __EXTENSIONS__ 1
| #define PY_SUPPORT_TIER 1
| #define STDC_HEADERS 1
| #define HAVE_ALLOCA_H 1
| #define HAVE_ASM_TYPES_H 1
| #define HAVE_DLFCN_H 1
| #define HAVE_ENDIAN_H 1
| #define HAVE_ERRNO_H 1
| #define HAVE_FCNTL_H 1
| #define HAVE_GRP_H 1
| #define HAVE_LANGINFO_H 1
| #define HAVE_LIBINTL_H 1
| #define HAVE_LINUX_AUXVEC_H 1
| #define HAVE_SYS_AUXV_H 1
| #define HAVE_LINUX_FS_H 1
| #define HAVE_LINUX_LIMITS_H 1
| #define HAVE_LINUX_MEMFD_H 1
| #define HAVE_LINUX_RANDOM_H 1
| #define HAVE_LINUX_SOUNDCARD_H 1
| #define HAVE_LINUX_TIPC_H 1
| #define HAVE_LINUX_WAIT_H 1
| #define HAVE_NETDB_H 1
| #define HAVE_NET_ETHERNET_H 1
| #define HAVE_NETINET_IN_H 1
| #define HAVE_NETPACKET_PACKET_H 1
| #define HAVE_POLL_H 1
| #define HAVE_PTHREAD_H 1
| #define HAVE_PTY_H 1
| #define HAVE_SCHED_H 1
| #define HAVE_SETJMP_H 1
| #define HAVE_SHADOW_H 1
| #define HAVE_SIGNAL_H 1
| #define HAVE_SPAWN_H 1
| #define HAVE_SYS_EPOLL_H 1
| #define HAVE_SYS_EVENTFD_H 1
| #define HAVE_SYS_FILE_H 1
| #define HAVE_SYS_IOCTL_H 1
| #define HAVE_SYS_MMAN_H 1
| #define HAVE_SYS_PARAM_H 1
| #define HAVE_SYS_POLL_H 1
| #define HAVE_SYS_RANDOM_H 1
| #define HAVE_SYS_RESOURCE_H 1
| #define HAVE_SYS_SELECT_H 1
| #define HAVE_SYS_SENDFILE_H 1
| #define HAVE_SYS_SOCKET_H 1
| #define HAVE_SYS_SOUNDCARD_H 1
| #define HAVE_SYS_STAT_H 1
| #define HAVE_SYS_STATVFS_H 1
| #define HAVE_SYS_SYSCALL_H 1
| #define HAVE_SYS_SYSMACROS_H 1
| #define HAVE_SYS_TIME_H 1
| #define HAVE_SYS_TIMES_H 1
| #define HAVE_SYS_TIMERFD_H 1
| #define HAVE_SYS_TYPES_H 1
| #define HAVE_SYS_UIO_H 1
| #define HAVE_SYS_UN_H 1
| #define HAVE_SYS_UTSNAME_H 1
| #define HAVE_SYS_WAIT_H 1
| #define HAVE_SYS_XATTR_H 1
| #define HAVE_SYSEXITS_H 1
| #define HAVE_SYSLOG_H 1
| #define HAVE_TERMIOS_H 1
| #define HAVE_UTIME_H 1
| #define HAVE_UTMP_H 1
| #define HAVE_DIRENT_H 1
| #define MAJOR_IN_SYSMACROS 1
| #define HAVE_NET_IF_H 1
| #define HAVE_LINUX_NETLINK_H 1
| #define HAVE_LINUX_QRTR_H 1
| #define HAVE_LINUX_VM_SOCKETS_H 1
| #define HAVE_LINUX_CAN_H 1
| #define HAVE_LINUX_CAN_BCM_H 1
| #define HAVE_LINUX_CAN_J1939_H 1
| #define HAVE_LINUX_CAN_RAW_H 1
| #define HAVE_CLOCK_T 1
| #define HAVE_MAKEDEV 1
| #define HAVE_HTOLE64 1
| #define _LARGEFILE_SOURCE 1
| #define _FILE_OFFSET_BITS 64
| #if defined(SCO_DS)
| #undef _OFF_T
| #endif
| #define RETSIGTYPE void
| #define HAVE_SSIZE_T 1
| #define HAVE___UINT128_T 1
| #define HAVE_GCC_UINT128_T 1
| #define SIZEOF_INT 4
| #define SIZEOF_LONG 8
| #define ALIGNOF_LONG 8
| #define SIZEOF_LONG_LONG 8
| #define SIZEOF_VOID_P 8
| #define SIZEOF_SHORT 2
| #define SIZEOF_FLOAT 4
| #define SIZEOF_DOUBLE 8
| #define SIZEOF_FPOS_T 16
| #define SIZEOF_SIZE_T 8
| #define ALIGNOF_SIZE_T 8
| #define SIZEOF_PID_T 4
| #define SIZEOF_UINTPTR_T 8
| #define ALIGNOF_MAX_ALIGN_T 16
| #define HAVE_LONG_DOUBLE 1
| #define SIZEOF_LONG_DOUBLE 16
| #define SIZEOF__BOOL 1
| #define SIZEOF_OFF_T 8
| #define SIZEOF_TIME_T 8
| #define SIZEOF_PTHREAD_T 8
| #define SIZEOF_PTHREAD_KEY_T 4
| #define PTHREAD_KEY_T_IS_COMPATIBLE_WITH_INT 1
| #define PY_HAVE_PERF_TRAMPOLINE 1
| #define HAVE_LIBDL 1
| #define HAVE_FFI_PREP_CIF_VAR 1
| #define HAVE_FFI_PREP_CLOSURE_LOC 1
| #define HAVE_FFI_CLOSURE_ALLOC 1
| #define WITH_DECIMAL_CONTEXTVAR 1
| #define HAVE_LIBSQLITE3 1
| #define HAVE_LIBSQLITE3 1
| #define HAVE_LIBSQLITE3 1
| #define HAVE_LIBSQLITE3 1
| #define HAVE_LIBSQLITE3 1
| #define HAVE_LIBSQLITE3 1
| #define HAVE_LIBSQLITE3 1
| #define HAVE_LIBSQLITE3 1
| #define HAVE_LIBSQLITE3 1
| #define PY_SQLITE_HAVE_SERIALIZE 1
| #define HAVE_GDBM_H 1
| #define _REENTRANT 1
| #define PTHREAD_SYSTEM_SCHED_SUPPORTED 1
| #define HAVE_PTHREAD_SIGMASK 1
| #define HAVE_PTHREAD_GETCPUCLOCKID 1
| #define ENABLE_IPV6 1
| #define HAVE_LINUX_CAN_RAW_FD_FRAMES 1
| #define HAVE_LINUX_CAN_RAW_JOIN_FILTERS 1
| #define WITH_DOC_STRINGS 1
| #define HAVE_STD_ATOMIC 1
| #define HAVE_BUILTIN_ATOMIC 1
| #define WITH_MIMALLOC 1
| #define WITH_PYMALLOC 1
| #define WITH_FREELISTS 1
| #define PY_COERCE_C_LOCALE 1
| #define HAVE_DLOPEN 1
| #define HAVE_DYNAMIC_LOADING 1
| #define HAVE_ACCEPT4 1
| #define HAVE_ALARM 1
| #define HAVE_BIND_TEXTDOMAIN_CODESET 1
| #define HAVE_CHMOD 1
| #define HAVE_CHOWN 1
| #define HAVE_CLOCK 1
| #define HAVE_CLOSEFROM 1
| #define HAVE_CLOSE_RANGE 1
| #define HAVE_CONFSTR 1
| #define HAVE_COPY_FILE_RANGE 1
| #define HAVE_CTERMID 1
| #define HAVE_DUP 1
| #define HAVE_DUP3 1
| #define HAVE_EXECV 1
| #define HAVE_EXPLICIT_BZERO 1
| #define HAVE_FACCESSAT 1
| #define HAVE_FCHMOD 1
| #define HAVE_FCHMODAT 1
| #define HAVE_FCHOWN 1
| #define HAVE_FCHOWNAT 1
| #define HAVE_FDOPENDIR 1
| #define HAVE_FEXECVE 1
| #define HAVE_FORK 1
| #define HAVE_FPATHCONF 1
| #define HAVE_FSTATAT 1
| #define HAVE_FTIME 1
| #define HAVE_FTRUNCATE 1
| #define HAVE_FUTIMENS 1
| #define HAVE_FUTIMES 1
| #define HAVE_FUTIMESAT 1
| #define HAVE_GAI_STRERROR 1
| #define HAVE_GETEGID 1
| #define HAVE_GETEUID 1
| #define HAVE_GETGID 1
| #define HAVE_GETGRENT 1
| #define HAVE_GETGRGID 1
| #define HAVE_GETGRGID_R 1
| #define HAVE_GETGRNAM_R 1
| #define HAVE_GETGROUPLIST 1
| #define HAVE_GETHOSTNAME 1
| #define HAVE_GETITIMER 1
| #define HAVE_GETLOADAVG 1
| #define HAVE_GETLOGIN 1
| #define HAVE_GETPEERNAME 1
| #define HAVE_GETPGID 1
| #define HAVE_GETPID 1
| #define HAVE_GETPPID 1
| #define HAVE_GETPRIORITY 1
| #define HAVE_GETPWENT 1
| #define HAVE_GETPWNAM_R 1
| #define HAVE_GETPWUID 1
| #define HAVE_GETPWUID_R 1
| #define HAVE_GETRESGID 1
| #define HAVE_GETRESUID 1
| #define HAVE_GETRUSAGE 1
| #define HAVE_GETSID 1
| #define HAVE_GETSPENT 1
| #define HAVE_GETSPNAM 1
| #define HAVE_GETUID 1
| #define HAVE_GETWD 1
| #define HAVE_GRANTPT 1
| #define HAVE_IF_NAMEINDEX 1
| #define HAVE_INITGROUPS 1
| #define HAVE_KILL 1
| #define HAVE_KILLPG 1
| #define HAVE_LCHOWN 1
| #define HAVE_LINKAT 1
| #define HAVE_LOCKF 1
| #define HAVE_LSTAT 1
| #define HAVE_LUTIMES 1
| #define HAVE_MADVISE 1
| #define HAVE_MBRTOWC 1
| #define HAVE_MEMRCHR 1
| #define HAVE_MKDIRAT 1
| #define HAVE_MKFIFO 1
| #define HAVE_MKFIFOAT 1
| #define HAVE_MKNOD 1
| #define HAVE_MKNODAT 1
| #define HAVE_MKTIME 1
| #define HAVE_MMAP 1
| #define HAVE_MREMAP 1
| #define HAVE_NICE 1
| #define HAVE_OPENAT 1
| #define HAVE_OPENDIR 1
| #define HAVE_PATHCONF 1
| #define HAVE_PAUSE 1
| #define HAVE_PIPE 1
| #define HAVE_PIPE2 1
| #define HAVE_POLL 1
| #define HAVE_POSIX_FADVISE 1
| #define HAVE_POSIX_FALLOCATE 1
| #define HAVE_POSIX_OPENPT 1
| #define HAVE_POSIX_SPAWN 1
| #define HAVE_POSIX_SPAWNP 1
| #define HAVE_POSIX_SPAWN_FILE_ACTIONS_ADDCLOSEFROM_NP 1
| #define HAVE_PREAD 1
| #define HAVE_PREADV 1
| #define HAVE_PREADV2 1
| #define HAVE_PROCESS_VM_READV 1
| #define HAVE_PTHREAD_CONDATTR_SETCLOCK 1
| #define HAVE_PTHREAD_KILL 1
| #define HAVE_PTSNAME 1
| #define HAVE_PTSNAME_R 1
| #define HAVE_PWRITE 1
| #define HAVE_PWRITEV 1
| #define HAVE_PWRITEV2 1
| #define HAVE_READLINK 1
| #define HAVE_READLINKAT 1
| #define HAVE_READV 1
| #define HAVE_REALPATH 1
| #define HAVE_RENAMEAT 1
| #define HAVE_SCHED_GET_PRIORITY_MAX 1
| #define HAVE_SCHED_RR_GET_INTERVAL 1
| #define HAVE_SCHED_SETAFFINITY 1
| #define HAVE_SCHED_SETPARAM 1
| #define HAVE_SCHED_SETSCHEDULER 1
| #define HAVE_SEM_CLOCKWAIT 1
| #define HAVE_SEM_GETVALUE 1
| #define HAVE_SEM_OPEN 1
| #define HAVE_SEM_TIMEDWAIT 1
| #define HAVE_SEM_UNLINK 1
| #define HAVE_SENDFILE 1
| #define HAVE_SETEGID 1
| #define HAVE_SETEUID 1
| #define HAVE_SETGID 1
| #define HAVE_SETHOSTNAME 1
| #define HAVE_SETITIMER 1
| #define HAVE_SETLOCALE 1
| #define HAVE_SETPGID 1
| #define HAVE_SETPGRP 1
| #define HAVE_SETPRIORITY 1
| #define HAVE_SETREGID 1
| #define HAVE_SETRESGID 1
| #define HAVE_SETRESUID 1
| #define HAVE_SETREUID 1
| #define HAVE_SETSID 1
| #define HAVE_SETUID 1
| #define HAVE_SETVBUF 1
| #define HAVE_SHUTDOWN 1
| #define HAVE_SIGACTION 1
| #define HAVE_SIGALTSTACK 1
| #define HAVE_SIGFILLSET 1
| #define HAVE_SIGINTERRUPT 1
| #define HAVE_SIGPENDING 1
| #define HAVE_SIGRELSE 1
| #define HAVE_SIGTIMEDWAIT 1
| #define HAVE_SIGWAIT 1
| #define HAVE_SIGWAITINFO 1
| #define HAVE_SNPRINTF 1
| #define HAVE_SPLICE 1
| #define HAVE_STRFTIME 1
| #define HAVE_STRSIGNAL 1
| #define HAVE_SYMLINKAT 1
| #define HAVE_SYNC 1
| #define HAVE_SYSCONF 1
| #define HAVE_TCGETPGRP 1
| #define HAVE_TCSETPGRP 1
| #define HAVE_TEMPNAM 1
| #define HAVE_TIMEGM 1
| #define HAVE_TIMES 1
| #define HAVE_TMPFILE 1
| #define HAVE_TMPNAM 1
| #define HAVE_TMPNAM_R 1
| #define HAVE_TRUNCATE 1
| #define HAVE_TTYNAME_R 1
| #define HAVE_UMASK 1
| #define HAVE_UNAME 1
| #define HAVE_UNLINKAT 1
| #define HAVE_UNLOCKPT 1
| #define HAVE_UTIMENSAT 1
| #define HAVE_UTIMES 1
| #define HAVE_VFORK 1
| #define HAVE_WAIT 1
| #define HAVE_WAIT3 1
| #define HAVE_WAIT4 1
| #define HAVE_WAITID 1
| #define HAVE_WAITPID 1
| #define HAVE_WCSCOLL 1
| #define HAVE_WCSFTIME 1
| #define HAVE_WCSXFRM 1
| #define HAVE_WMEMCMP 1
| #define HAVE_WRITEV 1
| #define HAVE_GETENTROPY 1
| #define HAVE_GETGROUPS 1
| #define HAVE_SYSTEM 1
| #define HAVE_DIRFD 1
| #define HAVE_CHROOT 1
| #define HAVE_LINK 1
| #define HAVE_SYMLINK 1
| #define HAVE_FCHDIR 1
| #define HAVE_FSYNC 1
| #define HAVE_FDATASYNC 1
| #define HAVE_EPOLL 1
| #define HAVE_EPOLL_CREATE1 1
| #define HAVE_PRLIMIT 1
| #define HAVE_MEMFD_CREATE 1
| #define HAVE_EVENTFD 1
| #define HAVE_TIMERFD_CREATE 1
| #define HAVE_FLOCK 1
| #define HAVE_GETPAGESIZE 1
| #define HAVE_ZLIB_COPY 1
| #define HAVE_BZLIB_H 1
| #define HAVE_HSTRERROR 1
| #define HAVE_GETSERVBYNAME 1
| #define HAVE_GETSERVBYPORT 1
| #define HAVE_GETHOSTBYNAME 1
| #define HAVE_GETHOSTBYADDR 1
| #define HAVE_GETPROTOBYNAME 1
| #define HAVE_INET_ATON 1
| #define HAVE_INET_NTOA 1
| #define HAVE_INET_PTON 1
| #define HAVE_GETPEERNAME 1
| #define HAVE_GETSOCKNAME 1
| #define HAVE_ACCEPT 1
| #define HAVE_BIND 1
| #define HAVE_CONNECT 1
| #define HAVE_LISTEN 1
| #define HAVE_RECVFROM 1
| #define HAVE_SENDTO 1
| #define HAVE_SETSOCKOPT 1
| #define HAVE_SOCKET 1
| #define HAVE_SETGROUPS 1
| #define HAVE_OPENPTY 1
| #define HAVE_LOGIN_TTY 1
| #define HAVE_FORKPTY 1
| #define HAVE_FSEEKO 1
| #define HAVE_FSTATVFS 1
| #define HAVE_FTELLO 1
| #define HAVE_STATVFS 1
| #define HAVE_DUP2 1
| #define HAVE_GETPGRP 1
| #define HAVE_SETPGRP 1
| #define HAVE_SETNS 1
| #define HAVE_UNSHARE 1
| #define HAVE_CLOCK_GETTIME 1
| #define HAVE_CLOCK_GETRES 1
| #define HAVE_CLOCK_SETTIME 1
| #define HAVE_CLOCK_NANOSLEEP 1
| #define HAVE_NANOSLEEP 1
| #define HAVE_DEVICE_MACROS 1
| #define SYS_SELECT_WITH_SYS_TIME 1
| #define HAVE_GETADDRINFO 1
| #define HAVE_GETNAMEINFO 1
| #define HAVE_STRUCT_TM_TM_ZONE 1
| #define HAVE_TM_ZONE 1
| #define HAVE_STRUCT_STAT_ST_RDEV 1
| #define HAVE_STRUCT_STAT_ST_BLKSIZE 1
| #define HAVE_STRUCT_STAT_ST_BLOCKS 1
| #define HAVE_STRUCT_PASSWD_PW_GECOS 1
| #define HAVE_STRUCT_PASSWD_PW_PASSWD 1
| #define HAVE_SIGINFO_T_SI_BAND 1
| #define HAVE_ADDRINFO 1
| #define HAVE_SOCKADDR_STORAGE 1
| #define HAVE_SOCKADDR_ALG 1
| #define HAVE_PROTOTYPES 1
| #define HAVE_SOCKETPAIR 1
| #define HAVE_GETHOSTBYNAME_R 1
| #define HAVE_GETHOSTBYNAME_R 1
| #define HAVE_GETHOSTBYNAME_R_6_ARG 1
| #define HAVE_GCC_ASM_FOR_X64 1
| #define DOUBLE_IS_LITTLE_ENDIAN_IEEE754 1
| #define HAVE_GCC_ASM_FOR_X87 1
| #define HAVE_ACOSH 1
| #define HAVE_ASINH 1
| #define HAVE_ATANH 1
| #define HAVE_ERF 1
| #define HAVE_ERFC 1
| #define HAVE_EXPM1 1
| #define HAVE_LOG1P 1
| #define HAVE_LOG2 1
| #define HAVE_DECL_RTLD_LAZY 1
| #define HAVE_DECL_RTLD_NOW 1
| #define HAVE_DECL_RTLD_GLOBAL 1
| #define HAVE_DECL_RTLD_LOCAL 1
| #define HAVE_DECL_RTLD_NODELETE 1
| #define HAVE_DECL_RTLD_NOLOAD 1
| #define HAVE_DECL_RTLD_DEEPBIND 1
| #define HAVE_DECL_RTLD_MEMBER 0
| #define HAVE_WCHAR_H 1
| #define SIZEOF_WCHAR_T 4
| /* end confdefs.h.  */
| #include <sys/types.h>
| 		#include <sys/param.h>
| 
| int
| main (void)
| {
| #if BYTE_ORDER != BIG_ENDIAN
| 		 not big endian
| 		#endif
| 
|   ;
|   return 0;
| }
configure:24544: result: no
configure:24580: checking ABIFLAGS
configure:24582: result: 
configure:24584: checking SOABI
configure:24587: result: cpython-313-x86_64-linux-gnu
configure:24604: checking LDVERSION
configure:24607: result: $(VERSION)$(ABIFLAGS)
configure:24639: checking for --with-platlibdir
configure:24661: result: no
configure:24678: checking for --with-wheel-pkg-dir
configure:24694: result: no
configure:24701: checking whether right shift extends the sign bit
configure:24721: gcc -o conftest    conftest.c -ldl  >&5
configure:24721: $? = 0
configure:24721: ./conftest
configure:24721: $? = 0
configure:24732: result: yes
configure:24742: checking for getc_unlocked() and friends
configure:24765: gcc -o conftest    conftest.c -ldl  >&5
configure:24765: $? = 0
configure:24774: result: yes
configure:24814: checking for readline
configure:24821: $PKG_CONFIG --exists --print-errors "readline"
configure:24824: $? = 0
configure:24838: $PKG_CONFIG --exists --print-errors "readline"
configure:24841: $? = 0
configure:25029: result: yes
configure:25279: checking how to link readline
configure:25289: result: readline (CFLAGS: -D_DEFAULT_SOURCE , LIBS: -lreadline)
configure:25305: checking whether rl_completion_append_character is declared
configure:25305: gcc -c    -D_DEFAULT_SOURCE  conftest.c >&5
configure:25305: $? = 0
configure:25305: result: yes
configure:25324: checking whether rl_completion_suppress_append is declared
configure:25324: gcc -c    -D_DEFAULT_SOURCE  conftest.c >&5
configure:25324: $? = 0
configure:25324: result: yes
configure:25344: checking for rl_pre_input_hook in -lreadline
configure:25370: gcc -o conftest   -D_DEFAULT_SOURCE   conftest.c -ldl  -lreadline >&5
configure:25370: $? = 0
configure:25381: result: yes
configure:25393: checking for rl_completion_display_matches_hook in -lreadline
configure:25419: gcc -o conftest   -D_DEFAULT_SOURCE   conftest.c -ldl  -lreadline >&5
configure:25419: $? = 0
configure:25430: result: yes
configure:25442: checking for rl_resize_terminal in -lreadline
configure:25468: gcc -o conftest   -D_DEFAULT_SOURCE   conftest.c -ldl  -lreadline >&5
configure:25468: $? = 0
configure:25479: result: yes
configure:25491: checking for rl_completion_matches in -lreadline
configure:25517: gcc -o conftest   -D_DEFAULT_SOURCE   conftest.c -ldl  -lreadline >&5
configure:25517: $? = 0
configure:25528: result: yes
configure:25540: checking whether rl_catch_signals is declared
configure:25540: gcc -c    -D_DEFAULT_SOURCE  conftest.c >&5
configure:25540: $? = 0
configure:25540: result: yes
configure:25559: checking for append_history in -lreadline
configure:25585: gcc -o conftest   -D_DEFAULT_SOURCE   conftest.c -ldl  -lreadline >&5
configure:25585: $? = 0
configure:25596: result: yes
configure:25608: checking for rl_compdisp_func_t
configure:25608: gcc -c   -D_DEFAULT_SOURCE  conftest.c >&5
configure:25608: $? = 0
configure:25608: gcc -c   -D_DEFAULT_SOURCE  conftest.c >&5
conftest.c: In function 'main':
conftest.c:479:33: error: expected expression before ')' token
  479 | if (sizeof ((rl_compdisp_func_t)))
      |                                 ^
configure:25608: $? = 1
configure: failed program was:
| /* confdefs.h */
| #define _NETBSD_SOURCE 1
| #define __BSD_VISIBLE 1
| #define _DARWIN_C_SOURCE 1
| #define _PYTHONFRAMEWORK ""
| #define _XOPEN_SOURCE 700
| #define _XOPEN_SOURCE_EXTENDED 1
| #define _POSIX_C_SOURCE 200809L
| #define HAVE_STDIO_H 1
| #define HAVE_STDLIB_H 1
| #define HAVE_STRING_H 1
| #define HAVE_INTTYPES_H 1
| #define HAVE_STDINT_H 1
| #define HAVE_STRINGS_H 1
| #define HAVE_SYS_STAT_H 1
| #define HAVE_SYS_TYPES_H 1
| #define HAVE_UNISTD_H 1
| #define HAVE_WCHAR_H 1
| #define STDC_HEADERS 1
| #define _ALL_SOURCE 1
| #define _DARWIN_C_SOURCE 1
| #define _GNU_SOURCE 1
| #define _HPUX_ALT_XOPEN_SOCKET_API 1
| #define _NETBSD_SOURCE 1
| #define _OPENBSD_SOURCE 1
| #define _POSIX_PTHREAD_SEMANTICS 1
| #define __STDC_WANT_IEC_60559_ATTRIBS_EXT__ 1
| #define __STDC_WANT_IEC_60559_BFP_EXT__ 1
| #define __STDC_WANT_IEC_60559_DFP_EXT__ 1
| #define __STDC_WANT_IEC_60559_FUNCS_EXT__ 1
| #define __STDC_WANT_IEC_60559_TYPES_EXT__ 1
| #define __STDC_WANT_LIB_EXT2__ 1
| #define __STDC_WANT_MATH_SPEC_FUNCS__ 1
| #define _TANDEM_SOURCE 1
| #define __EXTENSIONS__ 1
| #define PY_SUPPORT_TIER 1
| #define STDC_HEADERS 1
| #define HAVE_ALLOCA_H 1
| #define HAVE_ASM_TYPES_H 1
| #define HAVE_DLFCN_H 1
| #define HAVE_ENDIAN_H 1
| #define HAVE_ERRNO_H 1
| #define HAVE_FCNTL_H 1
| #define HAVE_GRP_H 1
| #define HAVE_LANGINFO_H 1
| #define HAVE_LIBINTL_H 1
| #define HAVE_LINUX_AUXVEC_H 1
| #define HAVE_SYS_AUXV_H 1
| #define HAVE_LINUX_FS_H 1
| #define HAVE_LINUX_LIMITS_H 1
| #define HAVE_LINUX_MEMFD_H 1
| #define HAVE_LINUX_RANDOM_H 1
| #define HAVE_LINUX_SOUNDCARD_H 1
| #define HAVE_LINUX_TIPC_H 1
| #define HAVE_LINUX_WAIT_H 1
| #define HAVE_NETDB_H 1
| #define HAVE_NET_ETHERNET_H 1
| #define HAVE_NETINET_IN_H 1
| #define HAVE_NETPACKET_PACKET_H 1
| #define HAVE_POLL_H 1
| #define HAVE_PTHREAD_H 1
| #define HAVE_PTY_H 1
| #define HAVE_SCHED_H 1
| #define HAVE_SETJMP_H 1
| #define HAVE_SHADOW_H 1
| #define HAVE_SIGNAL_H 1
| #define HAVE_SPAWN_H 1
| #define HAVE_SYS_EPOLL_H 1
| #define HAVE_SYS_EVENTFD_H 1
| #define HAVE_SYS_FILE_H 1
| #define HAVE_SYS_IOCTL_H 1
| #define HAVE_SYS_MMAN_H 1
| #define HAVE_SYS_PARAM_H 1
| #define HAVE_SYS_POLL_H 1
| #define HAVE_SYS_RANDOM_H 1
| #define HAVE_SYS_RESOURCE_H 1
| #define HAVE_SYS_SELECT_H 1
| #define HAVE_SYS_SENDFILE_H 1
| #define HAVE_SYS_SOCKET_H 1
| #define HAVE_SYS_SOUNDCARD_H 1
| #define HAVE_SYS_STAT_H 1
| #define HAVE_SYS_STATVFS_H 1
| #define HAVE_SYS_SYSCALL_H 1
| #define HAVE_SYS_SYSMACROS_H 1
| #define HAVE_SYS_TIME_H 1
| #define HAVE_SYS_TIMES_H 1
| #define HAVE_SYS_TIMERFD_H 1
| #define HAVE_SYS_TYPES_H 1
| #define HAVE_SYS_UIO_H 1
| #define HAVE_SYS_UN_H 1
| #define HAVE_SYS_UTSNAME_H 1
| #define HAVE_SYS_WAIT_H 1
| #define HAVE_SYS_XATTR_H 1
| #define HAVE_SYSEXITS_H 1
| #define HAVE_SYSLOG_H 1
| #define HAVE_TERMIOS_H 1
| #define HAVE_UTIME_H 1
| #define HAVE_UTMP_H 1
| #define HAVE_DIRENT_H 1
| #define MAJOR_IN_SYSMACROS 1
| #define HAVE_NET_IF_H 1
| #define HAVE_LINUX_NETLINK_H 1
| #define HAVE_LINUX_QRTR_H 1
| #define HAVE_LINUX_VM_SOCKETS_H 1
| #define HAVE_LINUX_CAN_H 1
| #define HAVE_LINUX_CAN_BCM_H 1
| #define HAVE_LINUX_CAN_J1939_H 1
| #define HAVE_LINUX_CAN_RAW_H 1
| #define HAVE_CLOCK_T 1
| #define HAVE_MAKEDEV 1
| #define HAVE_HTOLE64 1
| #define _LARGEFILE_SOURCE 1
| #define _FILE_OFFSET_BITS 64
| #if defined(SCO_DS)
| #undef _OFF_T
| #endif
| #define RETSIGTYPE void
| #define HAVE_SSIZE_T 1
| #define HAVE___UINT128_T 1
| #define HAVE_GCC_UINT128_T 1
| #define SIZEOF_INT 4
| #define SIZEOF_LONG 8
| #define ALIGNOF_LONG 8
| #define SIZEOF_LONG_LONG 8
| #define SIZEOF_VOID_P 8
| #define SIZEOF_SHORT 2
| #define SIZEOF_FLOAT 4
| #define SIZEOF_DOUBLE 8
| #define SIZEOF_FPOS_T 16
| #define SIZEOF_SIZE_T 8
| #define ALIGNOF_SIZE_T 8
| #define SIZEOF_PID_T 4
| #define SIZEOF_UINTPTR_T 8
| #define ALIGNOF_MAX_ALIGN_T 16
| #define HAVE_LONG_DOUBLE 1
| #define SIZEOF_LONG_DOUBLE 16
| #define SIZEOF__BOOL 1
| #define SIZEOF_OFF_T 8
| #define SIZEOF_TIME_T 8
| #define SIZEOF_PTHREAD_T 8
| #define SIZEOF_PTHREAD_KEY_T 4
| #define PTHREAD_KEY_T_IS_COMPATIBLE_WITH_INT 1
| #define PY_HAVE_PERF_TRAMPOLINE 1
| #define HAVE_LIBDL 1
| #define HAVE_FFI_PREP_CIF_VAR 1
| #define HAVE_FFI_PREP_CLOSURE_LOC 1
| #define HAVE_FFI_CLOSURE_ALLOC 1
| #define WITH_DECIMAL_CONTEXTVAR 1
| #define HAVE_LIBSQLITE3 1
| #define HAVE_LIBSQLITE3 1
| #define HAVE_LIBSQLITE3 1
| #define HAVE_LIBSQLITE3 1
| #define HAVE_LIBSQLITE3 1
| #define HAVE_LIBSQLITE3 1
| #define HAVE_LIBSQLITE3 1
| #define HAVE_LIBSQLITE3 1
| #define HAVE_LIBSQLITE3 1
| #define PY_SQLITE_HAVE_SERIALIZE 1
| #define HAVE_GDBM_H 1
| #define _REENTRANT 1
| #define PTHREAD_SYSTEM_SCHED_SUPPORTED 1
| #define HAVE_PTHREAD_SIGMASK 1
| #define HAVE_PTHREAD_GETCPUCLOCKID 1
| #define ENABLE_IPV6 1
| #define HAVE_LINUX_CAN_RAW_FD_FRAMES 1
| #define HAVE_LINUX_CAN_RAW_JOIN_FILTERS 1
| #define WITH_DOC_STRINGS 1
| #define HAVE_STD_ATOMIC 1
| #define HAVE_BUILTIN_ATOMIC 1
| #define WITH_MIMALLOC 1
| #define WITH_PYMALLOC 1
| #define WITH_FREELISTS 1
| #define PY_COERCE_C_LOCALE 1
| #define HAVE_DLOPEN 1
| #define HAVE_DYNAMIC_LOADING 1
| #define HAVE_ACCEPT4 1
| #define HAVE_ALARM 1
| #define HAVE_BIND_TEXTDOMAIN_CODESET 1
| #define HAVE_CHMOD 1
| #define HAVE_CHOWN 1
| #define HAVE_CLOCK 1
| #define HAVE_CLOSEFROM 1
| #define HAVE_CLOSE_RANGE 1
| #define HAVE_CONFSTR 1
| #define HAVE_COPY_FILE_RANGE 1
| #define HAVE_CTERMID 1
| #define HAVE_DUP 1
| #define HAVE_DUP3 1
| #define HAVE_EXECV 1
| #define HAVE_EXPLICIT_BZERO 1
| #define HAVE_FACCESSAT 1
| #define HAVE_FCHMOD 1
| #define HAVE_FCHMODAT 1
| #define HAVE_FCHOWN 1
| #define HAVE_FCHOWNAT 1
| #define HAVE_FDOPENDIR 1
| #define HAVE_FEXECVE 1
| #define HAVE_FORK 1
| #define HAVE_FPATHCONF 1
| #define HAVE_FSTATAT 1
| #define HAVE_FTIME 1
| #define HAVE_FTRUNCATE 1
| #define HAVE_FUTIMENS 1
| #define HAVE_FUTIMES 1
| #define HAVE_FUTIMESAT 1
| #define HAVE_GAI_STRERROR 1
| #define HAVE_GETEGID 1
| #define HAVE_GETEUID 1
| #define HAVE_GETGID 1
| #define HAVE_GETGRENT 1
| #define HAVE_GETGRGID 1
| #define HAVE_GETGRGID_R 1
| #define HAVE_GETGRNAM_R 1
| #define HAVE_GETGROUPLIST 1
| #define HAVE_GETHOSTNAME 1
| #define HAVE_GETITIMER 1
| #define HAVE_GETLOADAVG 1
| #define HAVE_GETLOGIN 1
| #define HAVE_GETPEERNAME 1
| #define HAVE_GETPGID 1
| #define HAVE_GETPID 1
| #define HAVE_GETPPID 1
| #define HAVE_GETPRIORITY 1
| #define HAVE_GETPWENT 1
| #define HAVE_GETPWNAM_R 1
| #define HAVE_GETPWUID 1
| #define HAVE_GETPWUID_R 1
| #define HAVE_GETRESGID 1
| #define HAVE_GETRESUID 1
| #define HAVE_GETRUSAGE 1
| #define HAVE_GETSID 1
| #define HAVE_GETSPENT 1
| #define HAVE_GETSPNAM 1
| #define HAVE_GETUID 1
| #define HAVE_GETWD 1
| #define HAVE_GRANTPT 1
| #define HAVE_IF_NAMEINDEX 1
| #define HAVE_INITGROUPS 1
| #define HAVE_KILL 1
| #define HAVE_KILLPG 1
| #define HAVE_LCHOWN 1
| #define HAVE_LINKAT 1
| #define HAVE_LOCKF 1
| #define HAVE_LSTAT 1
| #define HAVE_LUTIMES 1
| #define HAVE_MADVISE 1
| #define HAVE_MBRTOWC 1
| #define HAVE_MEMRCHR 1
| #define HAVE_MKDIRAT 1
| #define HAVE_MKFIFO 1
| #define HAVE_MKFIFOAT 1
| #define HAVE_MKNOD 1
| #define HAVE_MKNODAT 1
| #define HAVE_MKTIME 1
| #define HAVE_MMAP 1
| #define HAVE_MREMAP 1
| #define HAVE_NICE 1
| #define HAVE_OPENAT 1
| #define HAVE_OPENDIR 1
| #define HAVE_PATHCONF 1
| #define HAVE_PAUSE 1
| #define HAVE_PIPE 1
| #define HAVE_PIPE2 1
| #define HAVE_POLL 1
| #define HAVE_POSIX_FADVISE 1
| #define HAVE_POSIX_FALLOCATE 1
| #define HAVE_POSIX_OPENPT 1
| #define HAVE_POSIX_SPAWN 1
| #define HAVE_POSIX_SPAWNP 1
| #define HAVE_POSIX_SPAWN_FILE_ACTIONS_ADDCLOSEFROM_NP 1
| #define HAVE_PREAD 1
| #define HAVE_PREADV 1
| #define HAVE_PREADV2 1
| #define HAVE_PROCESS_VM_READV 1
| #define HAVE_PTHREAD_CONDATTR_SETCLOCK 1
| #define HAVE_PTHREAD_KILL 1
| #define HAVE_PTSNAME 1
| #define HAVE_PTSNAME_R 1
| #define HAVE_PWRITE 1
| #define HAVE_PWRITEV 1
| #define HAVE_PWRITEV2 1
| #define HAVE_READLINK 1
| #define HAVE_READLINKAT 1
| #define HAVE_READV 1
| #define HAVE_REALPATH 1
| #define HAVE_RENAMEAT 1
| #define HAVE_SCHED_GET_PRIORITY_MAX 1
| #define HAVE_SCHED_RR_GET_INTERVAL 1
| #define HAVE_SCHED_SETAFFINITY 1
| #define HAVE_SCHED_SETPARAM 1
| #define HAVE_SCHED_SETSCHEDULER 1
| #define HAVE_SEM_CLOCKWAIT 1
| #define HAVE_SEM_GETVALUE 1
| #define HAVE_SEM_OPEN 1
| #define HAVE_SEM_TIMEDWAIT 1
| #define HAVE_SEM_UNLINK 1
| #define HAVE_SENDFILE 1
| #define HAVE_SETEGID 1
| #define HAVE_SETEUID 1
| #define HAVE_SETGID 1
| #define HAVE_SETHOSTNAME 1
| #define HAVE_SETITIMER 1
| #define HAVE_SETLOCALE 1
| #define HAVE_SETPGID 1
| #define HAVE_SETPGRP 1
| #define HAVE_SETPRIORITY 1
| #define HAVE_SETREGID 1
| #define HAVE_SETRESGID 1
| #define HAVE_SETRESUID 1
| #define HAVE_SETREUID 1
| #define HAVE_SETSID 1
| #define HAVE_SETUID 1
| #define HAVE_SETVBUF 1
| #define HAVE_SHUTDOWN 1
| #define HAVE_SIGACTION 1
| #define HAVE_SIGALTSTACK 1
| #define HAVE_SIGFILLSET 1
| #define HAVE_SIGINTERRUPT 1
| #define HAVE_SIGPENDING 1
| #define HAVE_SIGRELSE 1
| #define HAVE_SIGTIMEDWAIT 1
| #define HAVE_SIGWAIT 1
| #define HAVE_SIGWAITINFO 1
| #define HAVE_SNPRINTF 1
| #define HAVE_SPLICE 1
| #define HAVE_STRFTIME 1
| #define HAVE_STRSIGNAL 1
| #define HAVE_SYMLINKAT 1
| #define HAVE_SYNC 1
| #define HAVE_SYSCONF 1
| #define HAVE_TCGETPGRP 1
| #define HAVE_TCSETPGRP 1
| #define HAVE_TEMPNAM 1
| #define HAVE_TIMEGM 1
| #define HAVE_TIMES 1
| #define HAVE_TMPFILE 1
| #define HAVE_TMPNAM 1
| #define HAVE_TMPNAM_R 1
| #define HAVE_TRUNCATE 1
| #define HAVE_TTYNAME_R 1
| #define HAVE_UMASK 1
| #define HAVE_UNAME 1
| #define HAVE_UNLINKAT 1
| #define HAVE_UNLOCKPT 1
| #define HAVE_UTIMENSAT 1
| #define HAVE_UTIMES 1
| #define HAVE_VFORK 1
| #define HAVE_WAIT 1
| #define HAVE_WAIT3 1
| #define HAVE_WAIT4 1
| #define HAVE_WAITID 1
| #define HAVE_WAITPID 1
| #define HAVE_WCSCOLL 1
| #define HAVE_WCSFTIME 1
| #define HAVE_WCSXFRM 1
| #define HAVE_WMEMCMP 1
| #define HAVE_WRITEV 1
| #define HAVE_GETENTROPY 1
| #define HAVE_GETGROUPS 1
| #define HAVE_SYSTEM 1
| #define HAVE_DIRFD 1
| #define HAVE_CHROOT 1
| #define HAVE_LINK 1
| #define HAVE_SYMLINK 1
| #define HAVE_FCHDIR 1
| #define HAVE_FSYNC 1
| #define HAVE_FDATASYNC 1
| #define HAVE_EPOLL 1
| #define HAVE_EPOLL_CREATE1 1
| #define HAVE_PRLIMIT 1
| #define HAVE_MEMFD_CREATE 1
| #define HAVE_EVENTFD 1
| #define HAVE_TIMERFD_CREATE 1
| #define HAVE_FLOCK 1
| #define HAVE_GETPAGESIZE 1
| #define HAVE_ZLIB_COPY 1
| #define HAVE_BZLIB_H 1
| #define HAVE_HSTRERROR 1
| #define HAVE_GETSERVBYNAME 1
| #define HAVE_GETSERVBYPORT 1
| #define HAVE_GETHOSTBYNAME 1
| #define HAVE_GETHOSTBYADDR 1
| #define HAVE_GETPROTOBYNAME 1
| #define HAVE_INET_ATON 1
| #define HAVE_INET_NTOA 1
| #define HAVE_INET_PTON 1
| #define HAVE_GETPEERNAME 1
| #define HAVE_GETSOCKNAME 1
| #define HAVE_ACCEPT 1
| #define HAVE_BIND 1
| #define HAVE_CONNECT 1
| #define HAVE_LISTEN 1
| #define HAVE_RECVFROM 1
| #define HAVE_SENDTO 1
| #define HAVE_SETSOCKOPT 1
| #define HAVE_SOCKET 1
| #define HAVE_SETGROUPS 1
| #define HAVE_OPENPTY 1
| #define HAVE_LOGIN_TTY 1
| #define HAVE_FORKPTY 1
| #define HAVE_FSEEKO 1
| #define HAVE_FSTATVFS 1
| #define HAVE_FTELLO 1
| #define HAVE_STATVFS 1
| #define HAVE_DUP2 1
| #define HAVE_GETPGRP 1
| #define HAVE_SETPGRP 1
| #define HAVE_SETNS 1
| #define HAVE_UNSHARE 1
| #define HAVE_CLOCK_GETTIME 1
| #define HAVE_CLOCK_GETRES 1
| #define HAVE_CLOCK_SETTIME 1
| #define HAVE_CLOCK_NANOSLEEP 1
| #define HAVE_NANOSLEEP 1
| #define HAVE_DEVICE_MACROS 1
| #define SYS_SELECT_WITH_SYS_TIME 1
| #define HAVE_GETADDRINFO 1
| #define HAVE_GETNAMEINFO 1
| #define HAVE_STRUCT_TM_TM_ZONE 1
| #define HAVE_TM_ZONE 1
| #define HAVE_STRUCT_STAT_ST_RDEV 1
| #define HAVE_STRUCT_STAT_ST_BLKSIZE 1
| #define HAVE_STRUCT_STAT_ST_BLOCKS 1
| #define HAVE_STRUCT_PASSWD_PW_GECOS 1
| #define HAVE_STRUCT_PASSWD_PW_PASSWD 1
| #define HAVE_SIGINFO_T_SI_BAND 1
| #define HAVE_ADDRINFO 1
| #define HAVE_SOCKADDR_STORAGE 1
| #define HAVE_SOCKADDR_ALG 1
| #define HAVE_PROTOTYPES 1
| #define HAVE_SOCKETPAIR 1
| #define HAVE_GETHOSTBYNAME_R 1
| #define HAVE_GETHOSTBYNAME_R 1
| #define HAVE_GETHOSTBYNAME_R_6_ARG 1
| #define HAVE_GCC_ASM_FOR_X64 1
| #define DOUBLE_IS_LITTLE_ENDIAN_IEEE754 1
| #define HAVE_GCC_ASM_FOR_X87 1
| #define HAVE_ACOSH 1
| #define HAVE_ASINH 1
| #define HAVE_ATANH 1
| #define HAVE_ERF 1
| #define HAVE_ERFC 1
| #define HAVE_EXPM1 1
| #define HAVE_LOG1P 1
| #define HAVE_LOG2 1
| #define HAVE_DECL_RTLD_LAZY 1
| #define HAVE_DECL_RTLD_NOW 1
| #define HAVE_DECL_RTLD_GLOBAL 1
| #define HAVE_DECL_RTLD_LOCAL 1
| #define HAVE_DECL_RTLD_NODELETE 1
| #define HAVE_DECL_RTLD_NOLOAD 1
| #define HAVE_DECL_RTLD_DEEPBIND 1
| #define HAVE_DECL_RTLD_MEMBER 0
| #define HAVE_WCHAR_H 1
| #define SIZEOF_WCHAR_T 4
| #define HAVE_GETC_UNLOCKED 1
| #define HAVE_RL_COMPLETION_APPEND_CHARACTER 1
| #define HAVE_RL_COMPLETION_SUPPRESS_APPEND 1
| #define HAVE_RL_PRE_INPUT_HOOK 1
| #define HAVE_RL_COMPLETION_DISPLAY_MATCHES_HOOK 1
| #define HAVE_RL_RESIZE_TERMINAL 1
| #define HAVE_RL_COMPLETION_MATCHES 1
| #define HAVE_RL_CATCH_SIGNAL 1
| #define HAVE_RL_APPEND_HISTORY 1
| /* end confdefs.h.  */
| 
|       #include <stdio.h> /* Must be first for Gnu Readline */
|       #ifdef WITH_EDITLINE
|       # include <editline/readline.h>
|       #else
|       # include <readline/readline.h>
|       # include <readline/history.h>
|       #endif
| 
| 
| int
| main (void)
| {
| if (sizeof ((rl_compdisp_func_t)))
| 	    return 0;
|   ;
|   return 0;
| }
configure:25608: result: yes
configure:25629: checking if rl_startup_hook takes arguments
configure:25656: gcc -c   -D_DEFAULT_SOURCE  conftest.c >&5
conftest.c: In function 'main':
conftest.c:480:16: warning: assignment to 'int (*)(void)' from incompatible pointer type 'int (*)(const char *, int)' [-Wincompatible-pointer-types]
  480 | rl_startup_hook=test_hook_func;
      |                ^
configure:25656: $? = 0
configure:25666: result: yes
configure:25687: checking for broken nice()
configure:25712: gcc -o conftest    conftest.c -ldl  >&5
configure:25712: $? = 0
configure:25712: ./conftest
configure:25712: $? = 1
configure: program exited with status 1
configure: failed program was:
| /* confdefs.h */
| #define _NETBSD_SOURCE 1
| #define __BSD_VISIBLE 1
| #define _DARWIN_C_SOURCE 1
| #define _PYTHONFRAMEWORK ""
| #define _XOPEN_SOURCE 700
| #define _XOPEN_SOURCE_EXTENDED 1
| #define _POSIX_C_SOURCE 200809L
| #define HAVE_STDIO_H 1
| #define HAVE_STDLIB_H 1
| #define HAVE_STRING_H 1
| #define HAVE_INTTYPES_H 1
| #define HAVE_STDINT_H 1
| #define HAVE_STRINGS_H 1
| #define HAVE_SYS_STAT_H 1
| #define HAVE_SYS_TYPES_H 1
| #define HAVE_UNISTD_H 1
| #define HAVE_WCHAR_H 1
| #define STDC_HEADERS 1
| #define _ALL_SOURCE 1
| #define _DARWIN_C_SOURCE 1
| #define _GNU_SOURCE 1
| #define _HPUX_ALT_XOPEN_SOCKET_API 1
| #define _NETBSD_SOURCE 1
| #define _OPENBSD_SOURCE 1
| #define _POSIX_PTHREAD_SEMANTICS 1
| #define __STDC_WANT_IEC_60559_ATTRIBS_EXT__ 1
| #define __STDC_WANT_IEC_60559_BFP_EXT__ 1
| #define __STDC_WANT_IEC_60559_DFP_EXT__ 1
| #define __STDC_WANT_IEC_60559_FUNCS_EXT__ 1
| #define __STDC_WANT_IEC_60559_TYPES_EXT__ 1
| #define __STDC_WANT_LIB_EXT2__ 1
| #define __STDC_WANT_MATH_SPEC_FUNCS__ 1
| #define _TANDEM_SOURCE 1
| #define __EXTENSIONS__ 1
| #define PY_SUPPORT_TIER 1
| #define STDC_HEADERS 1
| #define HAVE_ALLOCA_H 1
| #define HAVE_ASM_TYPES_H 1
| #define HAVE_DLFCN_H 1
| #define HAVE_ENDIAN_H 1
| #define HAVE_ERRNO_H 1
| #define HAVE_FCNTL_H 1
| #define HAVE_GRP_H 1
| #define HAVE_LANGINFO_H 1
| #define HAVE_LIBINTL_H 1
| #define HAVE_LINUX_AUXVEC_H 1
| #define HAVE_SYS_AUXV_H 1
| #define HAVE_LINUX_FS_H 1
| #define HAVE_LINUX_LIMITS_H 1
| #define HAVE_LINUX_MEMFD_H 1
| #define HAVE_LINUX_RANDOM_H 1
| #define HAVE_LINUX_SOUNDCARD_H 1
| #define HAVE_LINUX_TIPC_H 1
| #define HAVE_LINUX_WAIT_H 1
| #define HAVE_NETDB_H 1
| #define HAVE_NET_ETHERNET_H 1
| #define HAVE_NETINET_IN_H 1
| #define HAVE_NETPACKET_PACKET_H 1
| #define HAVE_POLL_H 1
| #define HAVE_PTHREAD_H 1
| #define HAVE_PTY_H 1
| #define HAVE_SCHED_H 1
| #define HAVE_SETJMP_H 1
| #define HAVE_SHADOW_H 1
| #define HAVE_SIGNAL_H 1
| #define HAVE_SPAWN_H 1
| #define HAVE_SYS_EPOLL_H 1
| #define HAVE_SYS_EVENTFD_H 1
| #define HAVE_SYS_FILE_H 1
| #define HAVE_SYS_IOCTL_H 1
| #define HAVE_SYS_MMAN_H 1
| #define HAVE_SYS_PARAM_H 1
| #define HAVE_SYS_POLL_H 1
| #define HAVE_SYS_RANDOM_H 1
| #define HAVE_SYS_RESOURCE_H 1
| #define HAVE_SYS_SELECT_H 1
| #define HAVE_SYS_SENDFILE_H 1
| #define HAVE_SYS_SOCKET_H 1
| #define HAVE_SYS_SOUNDCARD_H 1
| #define HAVE_SYS_STAT_H 1
| #define HAVE_SYS_STATVFS_H 1
| #define HAVE_SYS_SYSCALL_H 1
| #define HAVE_SYS_SYSMACROS_H 1
| #define HAVE_SYS_TIME_H 1
| #define HAVE_SYS_TIMES_H 1
| #define HAVE_SYS_TIMERFD_H 1
| #define HAVE_SYS_TYPES_H 1
| #define HAVE_SYS_UIO_H 1
| #define HAVE_SYS_UN_H 1
| #define HAVE_SYS_UTSNAME_H 1
| #define HAVE_SYS_WAIT_H 1
| #define HAVE_SYS_XATTR_H 1
| #define HAVE_SYSEXITS_H 1
| #define HAVE_SYSLOG_H 1
| #define HAVE_TERMIOS_H 1
| #define HAVE_UTIME_H 1
| #define HAVE_UTMP_H 1
| #define HAVE_DIRENT_H 1
| #define MAJOR_IN_SYSMACROS 1
| #define HAVE_NET_IF_H 1
| #define HAVE_LINUX_NETLINK_H 1
| #define HAVE_LINUX_QRTR_H 1
| #define HAVE_LINUX_VM_SOCKETS_H 1
| #define HAVE_LINUX_CAN_H 1
| #define HAVE_LINUX_CAN_BCM_H 1
| #define HAVE_LINUX_CAN_J1939_H 1
| #define HAVE_LINUX_CAN_RAW_H 1
| #define HAVE_CLOCK_T 1
| #define HAVE_MAKEDEV 1
| #define HAVE_HTOLE64 1
| #define _LARGEFILE_SOURCE 1
| #define _FILE_OFFSET_BITS 64
| #if defined(SCO_DS)
| #undef _OFF_T
| #endif
| #define RETSIGTYPE void
| #define HAVE_SSIZE_T 1
| #define HAVE___UINT128_T 1
| #define HAVE_GCC_UINT128_T 1
| #define SIZEOF_INT 4
| #define SIZEOF_LONG 8
| #define ALIGNOF_LONG 8
| #define SIZEOF_LONG_LONG 8
| #define SIZEOF_VOID_P 8
| #define SIZEOF_SHORT 2
| #define SIZEOF_FLOAT 4
| #define SIZEOF_DOUBLE 8
| #define SIZEOF_FPOS_T 16
| #define SIZEOF_SIZE_T 8
| #define ALIGNOF_SIZE_T 8
| #define SIZEOF_PID_T 4
| #define SIZEOF_UINTPTR_T 8
| #define ALIGNOF_MAX_ALIGN_T 16
| #define HAVE_LONG_DOUBLE 1
| #define SIZEOF_LONG_DOUBLE 16
| #define SIZEOF__BOOL 1
| #define SIZEOF_OFF_T 8
| #define SIZEOF_TIME_T 8
| #define SIZEOF_PTHREAD_T 8
| #define SIZEOF_PTHREAD_KEY_T 4
| #define PTHREAD_KEY_T_IS_COMPATIBLE_WITH_INT 1
| #define PY_HAVE_PERF_TRAMPOLINE 1
| #define HAVE_LIBDL 1
| #define HAVE_FFI_PREP_CIF_VAR 1
| #define HAVE_FFI_PREP_CLOSURE_LOC 1
| #define HAVE_FFI_CLOSURE_ALLOC 1
| #define WITH_DECIMAL_CONTEXTVAR 1
| #define HAVE_LIBSQLITE3 1
| #define HAVE_LIBSQLITE3 1
| #define HAVE_LIBSQLITE3 1
| #define HAVE_LIBSQLITE3 1
| #define HAVE_LIBSQLITE3 1
| #define HAVE_LIBSQLITE3 1
| #define HAVE_LIBSQLITE3 1
| #define HAVE_LIBSQLITE3 1
| #define HAVE_LIBSQLITE3 1
| #define PY_SQLITE_HAVE_SERIALIZE 1
| #define HAVE_GDBM_H 1
| #define _REENTRANT 1
| #define PTHREAD_SYSTEM_SCHED_SUPPORTED 1
| #define HAVE_PTHREAD_SIGMASK 1
| #define HAVE_PTHREAD_GETCPUCLOCKID 1
| #define ENABLE_IPV6 1
| #define HAVE_LINUX_CAN_RAW_FD_FRAMES 1
| #define HAVE_LINUX_CAN_RAW_JOIN_FILTERS 1
| #define WITH_DOC_STRINGS 1
| #define HAVE_STD_ATOMIC 1
| #define HAVE_BUILTIN_ATOMIC 1
| #define WITH_MIMALLOC 1
| #define WITH_PYMALLOC 1
| #define WITH_FREELISTS 1
| #define PY_COERCE_C_LOCALE 1
| #define HAVE_DLOPEN 1
| #define HAVE_DYNAMIC_LOADING 1
| #define HAVE_ACCEPT4 1
| #define HAVE_ALARM 1
| #define HAVE_BIND_TEXTDOMAIN_CODESET 1
| #define HAVE_CHMOD 1
| #define HAVE_CHOWN 1
| #define HAVE_CLOCK 1
| #define HAVE_CLOSEFROM 1
| #define HAVE_CLOSE_RANGE 1
| #define HAVE_CONFSTR 1
| #define HAVE_COPY_FILE_RANGE 1
| #define HAVE_CTERMID 1
| #define HAVE_DUP 1
| #define HAVE_DUP3 1
| #define HAVE_EXECV 1
| #define HAVE_EXPLICIT_BZERO 1
| #define HAVE_FACCESSAT 1
| #define HAVE_FCHMOD 1
| #define HAVE_FCHMODAT 1
| #define HAVE_FCHOWN 1
| #define HAVE_FCHOWNAT 1
| #define HAVE_FDOPENDIR 1
| #define HAVE_FEXECVE 1
| #define HAVE_FORK 1
| #define HAVE_FPATHCONF 1
| #define HAVE_FSTATAT 1
| #define HAVE_FTIME 1
| #define HAVE_FTRUNCATE 1
| #define HAVE_FUTIMENS 1
| #define HAVE_FUTIMES 1
| #define HAVE_FUTIMESAT 1
| #define HAVE_GAI_STRERROR 1
| #define HAVE_GETEGID 1
| #define HAVE_GETEUID 1
| #define HAVE_GETGID 1
| #define HAVE_GETGRENT 1
| #define HAVE_GETGRGID 1
| #define HAVE_GETGRGID_R 1
| #define HAVE_GETGRNAM_R 1
| #define HAVE_GETGROUPLIST 1
| #define HAVE_GETHOSTNAME 1
| #define HAVE_GETITIMER 1
| #define HAVE_GETLOADAVG 1
| #define HAVE_GETLOGIN 1
| #define HAVE_GETPEERNAME 1
| #define HAVE_GETPGID 1
| #define HAVE_GETPID 1
| #define HAVE_GETPPID 1
| #define HAVE_GETPRIORITY 1
| #define HAVE_GETPWENT 1
| #define HAVE_GETPWNAM_R 1
| #define HAVE_GETPWUID 1
| #define HAVE_GETPWUID_R 1
| #define HAVE_GETRESGID 1
| #define HAVE_GETRESUID 1
| #define HAVE_GETRUSAGE 1
| #define HAVE_GETSID 1
| #define HAVE_GETSPENT 1
| #define HAVE_GETSPNAM 1
| #define HAVE_GETUID 1
| #define HAVE_GETWD 1
| #define HAVE_GRANTPT 1
| #define HAVE_IF_NAMEINDEX 1
| #define HAVE_INITGROUPS 1
| #define HAVE_KILL 1
| #define HAVE_KILLPG 1
| #define HAVE_LCHOWN 1
| #define HAVE_LINKAT 1
| #define HAVE_LOCKF 1
| #define HAVE_LSTAT 1
| #define HAVE_LUTIMES 1
| #define HAVE_MADVISE 1
| #define HAVE_MBRTOWC 1
| #define HAVE_MEMRCHR 1
| #define HAVE_MKDIRAT 1
| #define HAVE_MKFIFO 1
| #define HAVE_MKFIFOAT 1
| #define HAVE_MKNOD 1
| #define HAVE_MKNODAT 1
| #define HAVE_MKTIME 1
| #define HAVE_MMAP 1
| #define HAVE_MREMAP 1
| #define HAVE_NICE 1
| #define HAVE_OPENAT 1
| #define HAVE_OPENDIR 1
| #define HAVE_PATHCONF 1
| #define HAVE_PAUSE 1
| #define HAVE_PIPE 1
| #define HAVE_PIPE2 1
| #define HAVE_POLL 1
| #define HAVE_POSIX_FADVISE 1
| #define HAVE_POSIX_FALLOCATE 1
| #define HAVE_POSIX_OPENPT 1
| #define HAVE_POSIX_SPAWN 1
| #define HAVE_POSIX_SPAWNP 1
| #define HAVE_POSIX_SPAWN_FILE_ACTIONS_ADDCLOSEFROM_NP 1
| #define HAVE_PREAD 1
| #define HAVE_PREADV 1
| #define HAVE_PREADV2 1
| #define HAVE_PROCESS_VM_READV 1
| #define HAVE_PTHREAD_CONDATTR_SETCLOCK 1
| #define HAVE_PTHREAD_KILL 1
| #define HAVE_PTSNAME 1
| #define HAVE_PTSNAME_R 1
| #define HAVE_PWRITE 1
| #define HAVE_PWRITEV 1
| #define HAVE_PWRITEV2 1
| #define HAVE_READLINK 1
| #define HAVE_READLINKAT 1
| #define HAVE_READV 1
| #define HAVE_REALPATH 1
| #define HAVE_RENAMEAT 1
| #define HAVE_SCHED_GET_PRIORITY_MAX 1
| #define HAVE_SCHED_RR_GET_INTERVAL 1
| #define HAVE_SCHED_SETAFFINITY 1
| #define HAVE_SCHED_SETPARAM 1
| #define HAVE_SCHED_SETSCHEDULER 1
| #define HAVE_SEM_CLOCKWAIT 1
| #define HAVE_SEM_GETVALUE 1
| #define HAVE_SEM_OPEN 1
| #define HAVE_SEM_TIMEDWAIT 1
| #define HAVE_SEM_UNLINK 1
| #define HAVE_SENDFILE 1
| #define HAVE_SETEGID 1
| #define HAVE_SETEUID 1
| #define HAVE_SETGID 1
| #define HAVE_SETHOSTNAME 1
| #define HAVE_SETITIMER 1
| #define HAVE_SETLOCALE 1
| #define HAVE_SETPGID 1
| #define HAVE_SETPGRP 1
| #define HAVE_SETPRIORITY 1
| #define HAVE_SETREGID 1
| #define HAVE_SETRESGID 1
| #define HAVE_SETRESUID 1
| #define HAVE_SETREUID 1
| #define HAVE_SETSID 1
| #define HAVE_SETUID 1
| #define HAVE_SETVBUF 1
| #define HAVE_SHUTDOWN 1
| #define HAVE_SIGACTION 1
| #define HAVE_SIGALTSTACK 1
| #define HAVE_SIGFILLSET 1
| #define HAVE_SIGINTERRUPT 1
| #define HAVE_SIGPENDING 1
| #define HAVE_SIGRELSE 1
| #define HAVE_SIGTIMEDWAIT 1
| #define HAVE_SIGWAIT 1
| #define HAVE_SIGWAITINFO 1
| #define HAVE_SNPRINTF 1
| #define HAVE_SPLICE 1
| #define HAVE_STRFTIME 1
| #define HAVE_STRSIGNAL 1
| #define HAVE_SYMLINKAT 1
| #define HAVE_SYNC 1
| #define HAVE_SYSCONF 1
| #define HAVE_TCGETPGRP 1
| #define HAVE_TCSETPGRP 1
| #define HAVE_TEMPNAM 1
| #define HAVE_TIMEGM 1
| #define HAVE_TIMES 1
| #define HAVE_TMPFILE 1
| #define HAVE_TMPNAM 1
| #define HAVE_TMPNAM_R 1
| #define HAVE_TRUNCATE 1
| #define HAVE_TTYNAME_R 1
| #define HAVE_UMASK 1
| #define HAVE_UNAME 1
| #define HAVE_UNLINKAT 1
| #define HAVE_UNLOCKPT 1
| #define HAVE_UTIMENSAT 1
| #define HAVE_UTIMES 1
| #define HAVE_VFORK 1
| #define HAVE_WAIT 1
| #define HAVE_WAIT3 1
| #define HAVE_WAIT4 1
| #define HAVE_WAITID 1
| #define HAVE_WAITPID 1
| #define HAVE_WCSCOLL 1
| #define HAVE_WCSFTIME 1
| #define HAVE_WCSXFRM 1
| #define HAVE_WMEMCMP 1
| #define HAVE_WRITEV 1
| #define HAVE_GETENTROPY 1
| #define HAVE_GETGROUPS 1
| #define HAVE_SYSTEM 1
| #define HAVE_DIRFD 1
| #define HAVE_CHROOT 1
| #define HAVE_LINK 1
| #define HAVE_SYMLINK 1
| #define HAVE_FCHDIR 1
| #define HAVE_FSYNC 1
| #define HAVE_FDATASYNC 1
| #define HAVE_EPOLL 1
| #define HAVE_EPOLL_CREATE1 1
| #define HAVE_PRLIMIT 1
| #define HAVE_MEMFD_CREATE 1
| #define HAVE_EVENTFD 1
| #define HAVE_TIMERFD_CREATE 1
| #define HAVE_FLOCK 1
| #define HAVE_GETPAGESIZE 1
| #define HAVE_ZLIB_COPY 1
| #define HAVE_BZLIB_H 1
| #define HAVE_HSTRERROR 1
| #define HAVE_GETSERVBYNAME 1
| #define HAVE_GETSERVBYPORT 1
| #define HAVE_GETHOSTBYNAME 1
| #define HAVE_GETHOSTBYADDR 1
| #define HAVE_GETPROTOBYNAME 1
| #define HAVE_INET_ATON 1
| #define HAVE_INET_NTOA 1
| #define HAVE_INET_PTON 1
| #define HAVE_GETPEERNAME 1
| #define HAVE_GETSOCKNAME 1
| #define HAVE_ACCEPT 1
| #define HAVE_BIND 1
| #define HAVE_CONNECT 1
| #define HAVE_LISTEN 1
| #define HAVE_RECVFROM 1
| #define HAVE_SENDTO 1
| #define HAVE_SETSOCKOPT 1
| #define HAVE_SOCKET 1
| #define HAVE_SETGROUPS 1
| #define HAVE_OPENPTY 1
| #define HAVE_LOGIN_TTY 1
| #define HAVE_FORKPTY 1
| #define HAVE_FSEEKO 1
| #define HAVE_FSTATVFS 1
| #define HAVE_FTELLO 1
| #define HAVE_STATVFS 1
| #define HAVE_DUP2 1
| #define HAVE_GETPGRP 1
| #define HAVE_SETPGRP 1
| #define HAVE_SETNS 1
| #define HAVE_UNSHARE 1
| #define HAVE_CLOCK_GETTIME 1
| #define HAVE_CLOCK_GETRES 1
| #define HAVE_CLOCK_SETTIME 1
| #define HAVE_CLOCK_NANOSLEEP 1
| #define HAVE_NANOSLEEP 1
| #define HAVE_DEVICE_MACROS 1
| #define SYS_SELECT_WITH_SYS_TIME 1
| #define HAVE_GETADDRINFO 1
| #define HAVE_GETNAMEINFO 1
| #define HAVE_STRUCT_TM_TM_ZONE 1
| #define HAVE_TM_ZONE 1
| #define HAVE_STRUCT_STAT_ST_RDEV 1
| #define HAVE_STRUCT_STAT_ST_BLKSIZE 1
| #define HAVE_STRUCT_STAT_ST_BLOCKS 1
| #define HAVE_STRUCT_PASSWD_PW_GECOS 1
| #define HAVE_STRUCT_PASSWD_PW_PASSWD 1
| #define HAVE_SIGINFO_T_SI_BAND 1
| #define HAVE_ADDRINFO 1
| #define HAVE_SOCKADDR_STORAGE 1
| #define HAVE_SOCKADDR_ALG 1
| #define HAVE_PROTOTYPES 1
| #define HAVE_SOCKETPAIR 1
| #define HAVE_GETHOSTBYNAME_R 1
| #define HAVE_GETHOSTBYNAME_R 1
| #define HAVE_GETHOSTBYNAME_R_6_ARG 1
| #define HAVE_GCC_ASM_FOR_X64 1
| #define DOUBLE_IS_LITTLE_ENDIAN_IEEE754 1
| #define HAVE_GCC_ASM_FOR_X87 1
| #define HAVE_ACOSH 1
| #define HAVE_ASINH 1
| #define HAVE_ATANH 1
| #define HAVE_ERF 1
| #define HAVE_ERFC 1
| #define HAVE_EXPM1 1
| #define HAVE_LOG1P 1
| #define HAVE_LOG2 1
| #define HAVE_DECL_RTLD_LAZY 1
| #define HAVE_DECL_RTLD_NOW 1
| #define HAVE_DECL_RTLD_GLOBAL 1
| #define HAVE_DECL_RTLD_LOCAL 1
| #define HAVE_DECL_RTLD_NODELETE 1
| #define HAVE_DECL_RTLD_NOLOAD 1
| #define HAVE_DECL_RTLD_DEEPBIND 1
| #define HAVE_DECL_RTLD_MEMBER 0
| #define HAVE_WCHAR_H 1
| #define SIZEOF_WCHAR_T 4
| #define HAVE_GETC_UNLOCKED 1
| #define HAVE_RL_COMPLETION_APPEND_CHARACTER 1
| #define HAVE_RL_COMPLETION_SUPPRESS_APPEND 1
| #define HAVE_RL_PRE_INPUT_HOOK 1
| #define HAVE_RL_COMPLETION_DISPLAY_MATCHES_HOOK 1
| #define HAVE_RL_RESIZE_TERMINAL 1
| #define HAVE_RL_COMPLETION_MATCHES 1
| #define HAVE_RL_CATCH_SIGNAL 1
| #define HAVE_RL_APPEND_HISTORY 1
| #define HAVE_RL_COMPDISP_FUNC_T 1
| #define Py_RL_STARTUP_HOOK_TAKES_ARGS 1
| /* end confdefs.h.  */
| 
| #include <stdlib.h>
| #include <unistd.h>
| int main(void)
| {
| 	int val1 = nice(1);
| 	if (val1 != -1 && val1 == nice(2))
| 		exit(0);
| 	exit(1);
| }
| 
configure:25723: result: no
configure:25732: checking for broken poll()
configure:25765: gcc -o conftest    conftest.c -ldl  >&5
configure:25765: $? = 0
configure:25765: ./conftest
configure:25765: $? = 1
configure: program exited with status 1
configure: failed program was:
| /* confdefs.h */
| #define _NETBSD_SOURCE 1
| #define __BSD_VISIBLE 1
| #define _DARWIN_C_SOURCE 1
| #define _PYTHONFRAMEWORK ""
| #define _XOPEN_SOURCE 700
| #define _XOPEN_SOURCE_EXTENDED 1
| #define _POSIX_C_SOURCE 200809L
| #define HAVE_STDIO_H 1
| #define HAVE_STDLIB_H 1
| #define HAVE_STRING_H 1
| #define HAVE_INTTYPES_H 1
| #define HAVE_STDINT_H 1
| #define HAVE_STRINGS_H 1
| #define HAVE_SYS_STAT_H 1
| #define HAVE_SYS_TYPES_H 1
| #define HAVE_UNISTD_H 1
| #define HAVE_WCHAR_H 1
| #define STDC_HEADERS 1
| #define _ALL_SOURCE 1
| #define _DARWIN_C_SOURCE 1
| #define _GNU_SOURCE 1
| #define _HPUX_ALT_XOPEN_SOCKET_API 1
| #define _NETBSD_SOURCE 1
| #define _OPENBSD_SOURCE 1
| #define _POSIX_PTHREAD_SEMANTICS 1
| #define __STDC_WANT_IEC_60559_ATTRIBS_EXT__ 1
| #define __STDC_WANT_IEC_60559_BFP_EXT__ 1
| #define __STDC_WANT_IEC_60559_DFP_EXT__ 1
| #define __STDC_WANT_IEC_60559_FUNCS_EXT__ 1
| #define __STDC_WANT_IEC_60559_TYPES_EXT__ 1
| #define __STDC_WANT_LIB_EXT2__ 1
| #define __STDC_WANT_MATH_SPEC_FUNCS__ 1
| #define _TANDEM_SOURCE 1
| #define __EXTENSIONS__ 1
| #define PY_SUPPORT_TIER 1
| #define STDC_HEADERS 1
| #define HAVE_ALLOCA_H 1
| #define HAVE_ASM_TYPES_H 1
| #define HAVE_DLFCN_H 1
| #define HAVE_ENDIAN_H 1
| #define HAVE_ERRNO_H 1
| #define HAVE_FCNTL_H 1
| #define HAVE_GRP_H 1
| #define HAVE_LANGINFO_H 1
| #define HAVE_LIBINTL_H 1
| #define HAVE_LINUX_AUXVEC_H 1
| #define HAVE_SYS_AUXV_H 1
| #define HAVE_LINUX_FS_H 1
| #define HAVE_LINUX_LIMITS_H 1
| #define HAVE_LINUX_MEMFD_H 1
| #define HAVE_LINUX_RANDOM_H 1
| #define HAVE_LINUX_SOUNDCARD_H 1
| #define HAVE_LINUX_TIPC_H 1
| #define HAVE_LINUX_WAIT_H 1
| #define HAVE_NETDB_H 1
| #define HAVE_NET_ETHERNET_H 1
| #define HAVE_NETINET_IN_H 1
| #define HAVE_NETPACKET_PACKET_H 1
| #define HAVE_POLL_H 1
| #define HAVE_PTHREAD_H 1
| #define HAVE_PTY_H 1
| #define HAVE_SCHED_H 1
| #define HAVE_SETJMP_H 1
| #define HAVE_SHADOW_H 1
| #define HAVE_SIGNAL_H 1
| #define HAVE_SPAWN_H 1
| #define HAVE_SYS_EPOLL_H 1
| #define HAVE_SYS_EVENTFD_H 1
| #define HAVE_SYS_FILE_H 1
| #define HAVE_SYS_IOCTL_H 1
| #define HAVE_SYS_MMAN_H 1
| #define HAVE_SYS_PARAM_H 1
| #define HAVE_SYS_POLL_H 1
| #define HAVE_SYS_RANDOM_H 1
| #define HAVE_SYS_RESOURCE_H 1
| #define HAVE_SYS_SELECT_H 1
| #define HAVE_SYS_SENDFILE_H 1
| #define HAVE_SYS_SOCKET_H 1
| #define HAVE_SYS_SOUNDCARD_H 1
| #define HAVE_SYS_STAT_H 1
| #define HAVE_SYS_STATVFS_H 1
| #define HAVE_SYS_SYSCALL_H 1
| #define HAVE_SYS_SYSMACROS_H 1
| #define HAVE_SYS_TIME_H 1
| #define HAVE_SYS_TIMES_H 1
| #define HAVE_SYS_TIMERFD_H 1
| #define HAVE_SYS_TYPES_H 1
| #define HAVE_SYS_UIO_H 1
| #define HAVE_SYS_UN_H 1
| #define HAVE_SYS_UTSNAME_H 1
| #define HAVE_SYS_WAIT_H 1
| #define HAVE_SYS_XATTR_H 1
| #define HAVE_SYSEXITS_H 1
| #define HAVE_SYSLOG_H 1
| #define HAVE_TERMIOS_H 1
| #define HAVE_UTIME_H 1
| #define HAVE_UTMP_H 1
| #define HAVE_DIRENT_H 1
| #define MAJOR_IN_SYSMACROS 1
| #define HAVE_NET_IF_H 1
| #define HAVE_LINUX_NETLINK_H 1
| #define HAVE_LINUX_QRTR_H 1
| #define HAVE_LINUX_VM_SOCKETS_H 1
| #define HAVE_LINUX_CAN_H 1
| #define HAVE_LINUX_CAN_BCM_H 1
| #define HAVE_LINUX_CAN_J1939_H 1
| #define HAVE_LINUX_CAN_RAW_H 1
| #define HAVE_CLOCK_T 1
| #define HAVE_MAKEDEV 1
| #define HAVE_HTOLE64 1
| #define _LARGEFILE_SOURCE 1
| #define _FILE_OFFSET_BITS 64
| #if defined(SCO_DS)
| #undef _OFF_T
| #endif
| #define RETSIGTYPE void
| #define HAVE_SSIZE_T 1
| #define HAVE___UINT128_T 1
| #define HAVE_GCC_UINT128_T 1
| #define SIZEOF_INT 4
| #define SIZEOF_LONG 8
| #define ALIGNOF_LONG 8
| #define SIZEOF_LONG_LONG 8
| #define SIZEOF_VOID_P 8
| #define SIZEOF_SHORT 2
| #define SIZEOF_FLOAT 4
| #define SIZEOF_DOUBLE 8
| #define SIZEOF_FPOS_T 16
| #define SIZEOF_SIZE_T 8
| #define ALIGNOF_SIZE_T 8
| #define SIZEOF_PID_T 4
| #define SIZEOF_UINTPTR_T 8
| #define ALIGNOF_MAX_ALIGN_T 16
| #define HAVE_LONG_DOUBLE 1
| #define SIZEOF_LONG_DOUBLE 16
| #define SIZEOF__BOOL 1
| #define SIZEOF_OFF_T 8
| #define SIZEOF_TIME_T 8
| #define SIZEOF_PTHREAD_T 8
| #define SIZEOF_PTHREAD_KEY_T 4
| #define PTHREAD_KEY_T_IS_COMPATIBLE_WITH_INT 1
| #define PY_HAVE_PERF_TRAMPOLINE 1
| #define HAVE_LIBDL 1
| #define HAVE_FFI_PREP_CIF_VAR 1
| #define HAVE_FFI_PREP_CLOSURE_LOC 1
| #define HAVE_FFI_CLOSURE_ALLOC 1
| #define WITH_DECIMAL_CONTEXTVAR 1
| #define HAVE_LIBSQLITE3 1
| #define HAVE_LIBSQLITE3 1
| #define HAVE_LIBSQLITE3 1
| #define HAVE_LIBSQLITE3 1
| #define HAVE_LIBSQLITE3 1
| #define HAVE_LIBSQLITE3 1
| #define HAVE_LIBSQLITE3 1
| #define HAVE_LIBSQLITE3 1
| #define HAVE_LIBSQLITE3 1
| #define PY_SQLITE_HAVE_SERIALIZE 1
| #define HAVE_GDBM_H 1
| #define _REENTRANT 1
| #define PTHREAD_SYSTEM_SCHED_SUPPORTED 1
| #define HAVE_PTHREAD_SIGMASK 1
| #define HAVE_PTHREAD_GETCPUCLOCKID 1
| #define ENABLE_IPV6 1
| #define HAVE_LINUX_CAN_RAW_FD_FRAMES 1
| #define HAVE_LINUX_CAN_RAW_JOIN_FILTERS 1
| #define WITH_DOC_STRINGS 1
| #define HAVE_STD_ATOMIC 1
| #define HAVE_BUILTIN_ATOMIC 1
| #define WITH_MIMALLOC 1
| #define WITH_PYMALLOC 1
| #define WITH_FREELISTS 1
| #define PY_COERCE_C_LOCALE 1
| #define HAVE_DLOPEN 1
| #define HAVE_DYNAMIC_LOADING 1
| #define HAVE_ACCEPT4 1
| #define HAVE_ALARM 1
| #define HAVE_BIND_TEXTDOMAIN_CODESET 1
| #define HAVE_CHMOD 1
| #define HAVE_CHOWN 1
| #define HAVE_CLOCK 1
| #define HAVE_CLOSEFROM 1
| #define HAVE_CLOSE_RANGE 1
| #define HAVE_CONFSTR 1
| #define HAVE_COPY_FILE_RANGE 1
| #define HAVE_CTERMID 1
| #define HAVE_DUP 1
| #define HAVE_DUP3 1
| #define HAVE_EXECV 1
| #define HAVE_EXPLICIT_BZERO 1
| #define HAVE_FACCESSAT 1
| #define HAVE_FCHMOD 1
| #define HAVE_FCHMODAT 1
| #define HAVE_FCHOWN 1
| #define HAVE_FCHOWNAT 1
| #define HAVE_FDOPENDIR 1
| #define HAVE_FEXECVE 1
| #define HAVE_FORK 1
| #define HAVE_FPATHCONF 1
| #define HAVE_FSTATAT 1
| #define HAVE_FTIME 1
| #define HAVE_FTRUNCATE 1
| #define HAVE_FUTIMENS 1
| #define HAVE_FUTIMES 1
| #define HAVE_FUTIMESAT 1
| #define HAVE_GAI_STRERROR 1
| #define HAVE_GETEGID 1
| #define HAVE_GETEUID 1
| #define HAVE_GETGID 1
| #define HAVE_GETGRENT 1
| #define HAVE_GETGRGID 1
| #define HAVE_GETGRGID_R 1
| #define HAVE_GETGRNAM_R 1
| #define HAVE_GETGROUPLIST 1
| #define HAVE_GETHOSTNAME 1
| #define HAVE_GETITIMER 1
| #define HAVE_GETLOADAVG 1
| #define HAVE_GETLOGIN 1
| #define HAVE_GETPEERNAME 1
| #define HAVE_GETPGID 1
| #define HAVE_GETPID 1
| #define HAVE_GETPPID 1
| #define HAVE_GETPRIORITY 1
| #define HAVE_GETPWENT 1
| #define HAVE_GETPWNAM_R 1
| #define HAVE_GETPWUID 1
| #define HAVE_GETPWUID_R 1
| #define HAVE_GETRESGID 1
| #define HAVE_GETRESUID 1
| #define HAVE_GETRUSAGE 1
| #define HAVE_GETSID 1
| #define HAVE_GETSPENT 1
| #define HAVE_GETSPNAM 1
| #define HAVE_GETUID 1
| #define HAVE_GETWD 1
| #define HAVE_GRANTPT 1
| #define HAVE_IF_NAMEINDEX 1
| #define HAVE_INITGROUPS 1
| #define HAVE_KILL 1
| #define HAVE_KILLPG 1
| #define HAVE_LCHOWN 1
| #define HAVE_LINKAT 1
| #define HAVE_LOCKF 1
| #define HAVE_LSTAT 1
| #define HAVE_LUTIMES 1
| #define HAVE_MADVISE 1
| #define HAVE_MBRTOWC 1
| #define HAVE_MEMRCHR 1
| #define HAVE_MKDIRAT 1
| #define HAVE_MKFIFO 1
| #define HAVE_MKFIFOAT 1
| #define HAVE_MKNOD 1
| #define HAVE_MKNODAT 1
| #define HAVE_MKTIME 1
| #define HAVE_MMAP 1
| #define HAVE_MREMAP 1
| #define HAVE_NICE 1
| #define HAVE_OPENAT 1
| #define HAVE_OPENDIR 1
| #define HAVE_PATHCONF 1
| #define HAVE_PAUSE 1
| #define HAVE_PIPE 1
| #define HAVE_PIPE2 1
| #define HAVE_POLL 1
| #define HAVE_POSIX_FADVISE 1
| #define HAVE_POSIX_FALLOCATE 1
| #define HAVE_POSIX_OPENPT 1
| #define HAVE_POSIX_SPAWN 1
| #define HAVE_POSIX_SPAWNP 1
| #define HAVE_POSIX_SPAWN_FILE_ACTIONS_ADDCLOSEFROM_NP 1
| #define HAVE_PREAD 1
| #define HAVE_PREADV 1
| #define HAVE_PREADV2 1
| #define HAVE_PROCESS_VM_READV 1
| #define HAVE_PTHREAD_CONDATTR_SETCLOCK 1
| #define HAVE_PTHREAD_KILL 1
| #define HAVE_PTSNAME 1
| #define HAVE_PTSNAME_R 1
| #define HAVE_PWRITE 1
| #define HAVE_PWRITEV 1
| #define HAVE_PWRITEV2 1
| #define HAVE_READLINK 1
| #define HAVE_READLINKAT 1
| #define HAVE_READV 1
| #define HAVE_REALPATH 1
| #define HAVE_RENAMEAT 1
| #define HAVE_SCHED_GET_PRIORITY_MAX 1
| #define HAVE_SCHED_RR_GET_INTERVAL 1
| #define HAVE_SCHED_SETAFFINITY 1
| #define HAVE_SCHED_SETPARAM 1
| #define HAVE_SCHED_SETSCHEDULER 1
| #define HAVE_SEM_CLOCKWAIT 1
| #define HAVE_SEM_GETVALUE 1
| #define HAVE_SEM_OPEN 1
| #define HAVE_SEM_TIMEDWAIT 1
| #define HAVE_SEM_UNLINK 1
| #define HAVE_SENDFILE 1
| #define HAVE_SETEGID 1
| #define HAVE_SETEUID 1
| #define HAVE_SETGID 1
| #define HAVE_SETHOSTNAME 1
| #define HAVE_SETITIMER 1
| #define HAVE_SETLOCALE 1
| #define HAVE_SETPGID 1
| #define HAVE_SETPGRP 1
| #define HAVE_SETPRIORITY 1
| #define HAVE_SETREGID 1
| #define HAVE_SETRESGID 1
| #define HAVE_SETRESUID 1
| #define HAVE_SETREUID 1
| #define HAVE_SETSID 1
| #define HAVE_SETUID 1
| #define HAVE_SETVBUF 1
| #define HAVE_SHUTDOWN 1
| #define HAVE_SIGACTION 1
| #define HAVE_SIGALTSTACK 1
| #define HAVE_SIGFILLSET 1
| #define HAVE_SIGINTERRUPT 1
| #define HAVE_SIGPENDING 1
| #define HAVE_SIGRELSE 1
| #define HAVE_SIGTIMEDWAIT 1
| #define HAVE_SIGWAIT 1
| #define HAVE_SIGWAITINFO 1
| #define HAVE_SNPRINTF 1
| #define HAVE_SPLICE 1
| #define HAVE_STRFTIME 1
| #define HAVE_STRSIGNAL 1
| #define HAVE_SYMLINKAT 1
| #define HAVE_SYNC 1
| #define HAVE_SYSCONF 1
| #define HAVE_TCGETPGRP 1
| #define HAVE_TCSETPGRP 1
| #define HAVE_TEMPNAM 1
| #define HAVE_TIMEGM 1
| #define HAVE_TIMES 1
| #define HAVE_TMPFILE 1
| #define HAVE_TMPNAM 1
| #define HAVE_TMPNAM_R 1
| #define HAVE_TRUNCATE 1
| #define HAVE_TTYNAME_R 1
| #define HAVE_UMASK 1
| #define HAVE_UNAME 1
| #define HAVE_UNLINKAT 1
| #define HAVE_UNLOCKPT 1
| #define HAVE_UTIMENSAT 1
| #define HAVE_UTIMES 1
| #define HAVE_VFORK 1
| #define HAVE_WAIT 1
| #define HAVE_WAIT3 1
| #define HAVE_WAIT4 1
| #define HAVE_WAITID 1
| #define HAVE_WAITPID 1
| #define HAVE_WCSCOLL 1
| #define HAVE_WCSFTIME 1
| #define HAVE_WCSXFRM 1
| #define HAVE_WMEMCMP 1
| #define HAVE_WRITEV 1
| #define HAVE_GETENTROPY 1
| #define HAVE_GETGROUPS 1
| #define HAVE_SYSTEM 1
| #define HAVE_DIRFD 1
| #define HAVE_CHROOT 1
| #define HAVE_LINK 1
| #define HAVE_SYMLINK 1
| #define HAVE_FCHDIR 1
| #define HAVE_FSYNC 1
| #define HAVE_FDATASYNC 1
| #define HAVE_EPOLL 1
| #define HAVE_EPOLL_CREATE1 1
| #define HAVE_PRLIMIT 1
| #define HAVE_MEMFD_CREATE 1
| #define HAVE_EVENTFD 1
| #define HAVE_TIMERFD_CREATE 1
| #define HAVE_FLOCK 1
| #define HAVE_GETPAGESIZE 1
| #define HAVE_ZLIB_COPY 1
| #define HAVE_BZLIB_H 1
| #define HAVE_HSTRERROR 1
| #define HAVE_GETSERVBYNAME 1
| #define HAVE_GETSERVBYPORT 1
| #define HAVE_GETHOSTBYNAME 1
| #define HAVE_GETHOSTBYADDR 1
| #define HAVE_GETPROTOBYNAME 1
| #define HAVE_INET_ATON 1
| #define HAVE_INET_NTOA 1
| #define HAVE_INET_PTON 1
| #define HAVE_GETPEERNAME 1
| #define HAVE_GETSOCKNAME 1
| #define HAVE_ACCEPT 1
| #define HAVE_BIND 1
| #define HAVE_CONNECT 1
| #define HAVE_LISTEN 1
| #define HAVE_RECVFROM 1
| #define HAVE_SENDTO 1
| #define HAVE_SETSOCKOPT 1
| #define HAVE_SOCKET 1
| #define HAVE_SETGROUPS 1
| #define HAVE_OPENPTY 1
| #define HAVE_LOGIN_TTY 1
| #define HAVE_FORKPTY 1
| #define HAVE_FSEEKO 1
| #define HAVE_FSTATVFS 1
| #define HAVE_FTELLO 1
| #define HAVE_STATVFS 1
| #define HAVE_DUP2 1
| #define HAVE_GETPGRP 1
| #define HAVE_SETPGRP 1
| #define HAVE_SETNS 1
| #define HAVE_UNSHARE 1
| #define HAVE_CLOCK_GETTIME 1
| #define HAVE_CLOCK_GETRES 1
| #define HAVE_CLOCK_SETTIME 1
| #define HAVE_CLOCK_NANOSLEEP 1
| #define HAVE_NANOSLEEP 1
| #define HAVE_DEVICE_MACROS 1
| #define SYS_SELECT_WITH_SYS_TIME 1
| #define HAVE_GETADDRINFO 1
| #define HAVE_GETNAMEINFO 1
| #define HAVE_STRUCT_TM_TM_ZONE 1
| #define HAVE_TM_ZONE 1
| #define HAVE_STRUCT_STAT_ST_RDEV 1
| #define HAVE_STRUCT_STAT_ST_BLKSIZE 1
| #define HAVE_STRUCT_STAT_ST_BLOCKS 1
| #define HAVE_STRUCT_PASSWD_PW_GECOS 1
| #define HAVE_STRUCT_PASSWD_PW_PASSWD 1
| #define HAVE_SIGINFO_T_SI_BAND 1
| #define HAVE_ADDRINFO 1
| #define HAVE_SOCKADDR_STORAGE 1
| #define HAVE_SOCKADDR_ALG 1
| #define HAVE_PROTOTYPES 1
| #define HAVE_SOCKETPAIR 1
| #define HAVE_GETHOSTBYNAME_R 1
| #define HAVE_GETHOSTBYNAME_R 1
| #define HAVE_GETHOSTBYNAME_R_6_ARG 1
| #define HAVE_GCC_ASM_FOR_X64 1
| #define DOUBLE_IS_LITTLE_ENDIAN_IEEE754 1
| #define HAVE_GCC_ASM_FOR_X87 1
| #define HAVE_ACOSH 1
| #define HAVE_ASINH 1
| #define HAVE_ATANH 1
| #define HAVE_ERF 1
| #define HAVE_ERFC 1
| #define HAVE_EXPM1 1
| #define HAVE_LOG1P 1
| #define HAVE_LOG2 1
| #define HAVE_DECL_RTLD_LAZY 1
| #define HAVE_DECL_RTLD_NOW 1
| #define HAVE_DECL_RTLD_GLOBAL 1
| #define HAVE_DECL_RTLD_LOCAL 1
| #define HAVE_DECL_RTLD_NODELETE 1
| #define HAVE_DECL_RTLD_NOLOAD 1
| #define HAVE_DECL_RTLD_DEEPBIND 1
| #define HAVE_DECL_RTLD_MEMBER 0
| #define HAVE_WCHAR_H 1
| #define SIZEOF_WCHAR_T 4
| #define HAVE_GETC_UNLOCKED 1
| #define HAVE_RL_COMPLETION_APPEND_CHARACTER 1
| #define HAVE_RL_COMPLETION_SUPPRESS_APPEND 1
| #define HAVE_RL_PRE_INPUT_HOOK 1
| #define HAVE_RL_COMPLETION_DISPLAY_MATCHES_HOOK 1
| #define HAVE_RL_RESIZE_TERMINAL 1
| #define HAVE_RL_COMPLETION_MATCHES 1
| #define HAVE_RL_CATCH_SIGNAL 1
| #define HAVE_RL_APPEND_HISTORY 1
| #define HAVE_RL_COMPDISP_FUNC_T 1
| #define Py_RL_STARTUP_HOOK_TAKES_ARGS 1
| /* end confdefs.h.  */
| 
| #include <poll.h>
| #include <unistd.h>
| 
| int main(void)
| {
|     struct pollfd poll_struct = { 42, POLLIN|POLLPRI|POLLOUT, 0 };
|     int poll_test;
| 
|     close (42);
| 
|     poll_test = poll(&poll_struct, 1, 0);
|     if (poll_test < 0)
|         return 0;
|     else if (poll_test == 0 && poll_struct.revents != POLLNVAL)
|         return 0;
|     else
|         return 1;
| }
| 
configure:25776: result: no
configure:25786: checking for working tzset()
configure:25864: gcc -o conftest    conftest.c -ldl  >&5
configure:25864: $? = 0
configure:25864: ./conftest
configure:25864: $? = 0
configure:25875: result: yes
configure:25885: checking for tv_nsec in struct stat
configure:25905: gcc -c   conftest.c >&5
configure:25905: $? = 0
configure:25913: result: yes
configure:25923: checking for tv_nsec2 in struct stat
configure:25943: gcc -c   conftest.c >&5
conftest.c: In function 'main':
conftest.c:476:3: error: 'struct stat' has no member named 'st_mtimespec'
  476 | st.st_mtimespec.tv_nsec = 1;
      |   ^
configure:25943: $? = 1
configure: failed program was:
| /* confdefs.h */
| #define _NETBSD_SOURCE 1
| #define __BSD_VISIBLE 1
| #define _DARWIN_C_SOURCE 1
| #define _PYTHONFRAMEWORK ""
| #define _XOPEN_SOURCE 700
| #define _XOPEN_SOURCE_EXTENDED 1
| #define _POSIX_C_SOURCE 200809L
| #define HAVE_STDIO_H 1
| #define HAVE_STDLIB_H 1
| #define HAVE_STRING_H 1
| #define HAVE_INTTYPES_H 1
| #define HAVE_STDINT_H 1
| #define HAVE_STRINGS_H 1
| #define HAVE_SYS_STAT_H 1
| #define HAVE_SYS_TYPES_H 1
| #define HAVE_UNISTD_H 1
| #define HAVE_WCHAR_H 1
| #define STDC_HEADERS 1
| #define _ALL_SOURCE 1
| #define _DARWIN_C_SOURCE 1
| #define _GNU_SOURCE 1
| #define _HPUX_ALT_XOPEN_SOCKET_API 1
| #define _NETBSD_SOURCE 1
| #define _OPENBSD_SOURCE 1
| #define _POSIX_PTHREAD_SEMANTICS 1
| #define __STDC_WANT_IEC_60559_ATTRIBS_EXT__ 1
| #define __STDC_WANT_IEC_60559_BFP_EXT__ 1
| #define __STDC_WANT_IEC_60559_DFP_EXT__ 1
| #define __STDC_WANT_IEC_60559_FUNCS_EXT__ 1
| #define __STDC_WANT_IEC_60559_TYPES_EXT__ 1
| #define __STDC_WANT_LIB_EXT2__ 1
| #define __STDC_WANT_MATH_SPEC_FUNCS__ 1
| #define _TANDEM_SOURCE 1
| #define __EXTENSIONS__ 1
| #define PY_SUPPORT_TIER 1
| #define STDC_HEADERS 1
| #define HAVE_ALLOCA_H 1
| #define HAVE_ASM_TYPES_H 1
| #define HAVE_DLFCN_H 1
| #define HAVE_ENDIAN_H 1
| #define HAVE_ERRNO_H 1
| #define HAVE_FCNTL_H 1
| #define HAVE_GRP_H 1
| #define HAVE_LANGINFO_H 1
| #define HAVE_LIBINTL_H 1
| #define HAVE_LINUX_AUXVEC_H 1
| #define HAVE_SYS_AUXV_H 1
| #define HAVE_LINUX_FS_H 1
| #define HAVE_LINUX_LIMITS_H 1
| #define HAVE_LINUX_MEMFD_H 1
| #define HAVE_LINUX_RANDOM_H 1
| #define HAVE_LINUX_SOUNDCARD_H 1
| #define HAVE_LINUX_TIPC_H 1
| #define HAVE_LINUX_WAIT_H 1
| #define HAVE_NETDB_H 1
| #define HAVE_NET_ETHERNET_H 1
| #define HAVE_NETINET_IN_H 1
| #define HAVE_NETPACKET_PACKET_H 1
| #define HAVE_POLL_H 1
| #define HAVE_PTHREAD_H 1
| #define HAVE_PTY_H 1
| #define HAVE_SCHED_H 1
| #define HAVE_SETJMP_H 1
| #define HAVE_SHADOW_H 1
| #define HAVE_SIGNAL_H 1
| #define HAVE_SPAWN_H 1
| #define HAVE_SYS_EPOLL_H 1
| #define HAVE_SYS_EVENTFD_H 1
| #define HAVE_SYS_FILE_H 1
| #define HAVE_SYS_IOCTL_H 1
| #define HAVE_SYS_MMAN_H 1
| #define HAVE_SYS_PARAM_H 1
| #define HAVE_SYS_POLL_H 1
| #define HAVE_SYS_RANDOM_H 1
| #define HAVE_SYS_RESOURCE_H 1
| #define HAVE_SYS_SELECT_H 1
| #define HAVE_SYS_SENDFILE_H 1
| #define HAVE_SYS_SOCKET_H 1
| #define HAVE_SYS_SOUNDCARD_H 1
| #define HAVE_SYS_STAT_H 1
| #define HAVE_SYS_STATVFS_H 1
| #define HAVE_SYS_SYSCALL_H 1
| #define HAVE_SYS_SYSMACROS_H 1
| #define HAVE_SYS_TIME_H 1
| #define HAVE_SYS_TIMES_H 1
| #define HAVE_SYS_TIMERFD_H 1
| #define HAVE_SYS_TYPES_H 1
| #define HAVE_SYS_UIO_H 1
| #define HAVE_SYS_UN_H 1
| #define HAVE_SYS_UTSNAME_H 1
| #define HAVE_SYS_WAIT_H 1
| #define HAVE_SYS_XATTR_H 1
| #define HAVE_SYSEXITS_H 1
| #define HAVE_SYSLOG_H 1
| #define HAVE_TERMIOS_H 1
| #define HAVE_UTIME_H 1
| #define HAVE_UTMP_H 1
| #define HAVE_DIRENT_H 1
| #define MAJOR_IN_SYSMACROS 1
| #define HAVE_NET_IF_H 1
| #define HAVE_LINUX_NETLINK_H 1
| #define HAVE_LINUX_QRTR_H 1
| #define HAVE_LINUX_VM_SOCKETS_H 1
| #define HAVE_LINUX_CAN_H 1
| #define HAVE_LINUX_CAN_BCM_H 1
| #define HAVE_LINUX_CAN_J1939_H 1
| #define HAVE_LINUX_CAN_RAW_H 1
| #define HAVE_CLOCK_T 1
| #define HAVE_MAKEDEV 1
| #define HAVE_HTOLE64 1
| #define _LARGEFILE_SOURCE 1
| #define _FILE_OFFSET_BITS 64
| #if defined(SCO_DS)
| #undef _OFF_T
| #endif
| #define RETSIGTYPE void
| #define HAVE_SSIZE_T 1
| #define HAVE___UINT128_T 1
| #define HAVE_GCC_UINT128_T 1
| #define SIZEOF_INT 4
| #define SIZEOF_LONG 8
| #define ALIGNOF_LONG 8
| #define SIZEOF_LONG_LONG 8
| #define SIZEOF_VOID_P 8
| #define SIZEOF_SHORT 2
| #define SIZEOF_FLOAT 4
| #define SIZEOF_DOUBLE 8
| #define SIZEOF_FPOS_T 16
| #define SIZEOF_SIZE_T 8
| #define ALIGNOF_SIZE_T 8
| #define SIZEOF_PID_T 4
| #define SIZEOF_UINTPTR_T 8
| #define ALIGNOF_MAX_ALIGN_T 16
| #define HAVE_LONG_DOUBLE 1
| #define SIZEOF_LONG_DOUBLE 16
| #define SIZEOF__BOOL 1
| #define SIZEOF_OFF_T 8
| #define SIZEOF_TIME_T 8
| #define SIZEOF_PTHREAD_T 8
| #define SIZEOF_PTHREAD_KEY_T 4
| #define PTHREAD_KEY_T_IS_COMPATIBLE_WITH_INT 1
| #define PY_HAVE_PERF_TRAMPOLINE 1
| #define HAVE_LIBDL 1
| #define HAVE_FFI_PREP_CIF_VAR 1
| #define HAVE_FFI_PREP_CLOSURE_LOC 1
| #define HAVE_FFI_CLOSURE_ALLOC 1
| #define WITH_DECIMAL_CONTEXTVAR 1
| #define HAVE_LIBSQLITE3 1
| #define HAVE_LIBSQLITE3 1
| #define HAVE_LIBSQLITE3 1
| #define HAVE_LIBSQLITE3 1
| #define HAVE_LIBSQLITE3 1
| #define HAVE_LIBSQLITE3 1
| #define HAVE_LIBSQLITE3 1
| #define HAVE_LIBSQLITE3 1
| #define HAVE_LIBSQLITE3 1
| #define PY_SQLITE_HAVE_SERIALIZE 1
| #define HAVE_GDBM_H 1
| #define _REENTRANT 1
| #define PTHREAD_SYSTEM_SCHED_SUPPORTED 1
| #define HAVE_PTHREAD_SIGMASK 1
| #define HAVE_PTHREAD_GETCPUCLOCKID 1
| #define ENABLE_IPV6 1
| #define HAVE_LINUX_CAN_RAW_FD_FRAMES 1
| #define HAVE_LINUX_CAN_RAW_JOIN_FILTERS 1
| #define WITH_DOC_STRINGS 1
| #define HAVE_STD_ATOMIC 1
| #define HAVE_BUILTIN_ATOMIC 1
| #define WITH_MIMALLOC 1
| #define WITH_PYMALLOC 1
| #define WITH_FREELISTS 1
| #define PY_COERCE_C_LOCALE 1
| #define HAVE_DLOPEN 1
| #define HAVE_DYNAMIC_LOADING 1
| #define HAVE_ACCEPT4 1
| #define HAVE_ALARM 1
| #define HAVE_BIND_TEXTDOMAIN_CODESET 1
| #define HAVE_CHMOD 1
| #define HAVE_CHOWN 1
| #define HAVE_CLOCK 1
| #define HAVE_CLOSEFROM 1
| #define HAVE_CLOSE_RANGE 1
| #define HAVE_CONFSTR 1
| #define HAVE_COPY_FILE_RANGE 1
| #define HAVE_CTERMID 1
| #define HAVE_DUP 1
| #define HAVE_DUP3 1
| #define HAVE_EXECV 1
| #define HAVE_EXPLICIT_BZERO 1
| #define HAVE_FACCESSAT 1
| #define HAVE_FCHMOD 1
| #define HAVE_FCHMODAT 1
| #define HAVE_FCHOWN 1
| #define HAVE_FCHOWNAT 1
| #define HAVE_FDOPENDIR 1
| #define HAVE_FEXECVE 1
| #define HAVE_FORK 1
| #define HAVE_FPATHCONF 1
| #define HAVE_FSTATAT 1
| #define HAVE_FTIME 1
| #define HAVE_FTRUNCATE 1
| #define HAVE_FUTIMENS 1
| #define HAVE_FUTIMES 1
| #define HAVE_FUTIMESAT 1
| #define HAVE_GAI_STRERROR 1
| #define HAVE_GETEGID 1
| #define HAVE_GETEUID 1
| #define HAVE_GETGID 1
| #define HAVE_GETGRENT 1
| #define HAVE_GETGRGID 1
| #define HAVE_GETGRGID_R 1
| #define HAVE_GETGRNAM_R 1
| #define HAVE_GETGROUPLIST 1
| #define HAVE_GETHOSTNAME 1
| #define HAVE_GETITIMER 1
| #define HAVE_GETLOADAVG 1
| #define HAVE_GETLOGIN 1
| #define HAVE_GETPEERNAME 1
| #define HAVE_GETPGID 1
| #define HAVE_GETPID 1
| #define HAVE_GETPPID 1
| #define HAVE_GETPRIORITY 1
| #define HAVE_GETPWENT 1
| #define HAVE_GETPWNAM_R 1
| #define HAVE_GETPWUID 1
| #define HAVE_GETPWUID_R 1
| #define HAVE_GETRESGID 1
| #define HAVE_GETRESUID 1
| #define HAVE_GETRUSAGE 1
| #define HAVE_GETSID 1
| #define HAVE_GETSPENT 1
| #define HAVE_GETSPNAM 1
| #define HAVE_GETUID 1
| #define HAVE_GETWD 1
| #define HAVE_GRANTPT 1
| #define HAVE_IF_NAMEINDEX 1
| #define HAVE_INITGROUPS 1
| #define HAVE_KILL 1
| #define HAVE_KILLPG 1
| #define HAVE_LCHOWN 1
| #define HAVE_LINKAT 1
| #define HAVE_LOCKF 1
| #define HAVE_LSTAT 1
| #define HAVE_LUTIMES 1
| #define HAVE_MADVISE 1
| #define HAVE_MBRTOWC 1
| #define HAVE_MEMRCHR 1
| #define HAVE_MKDIRAT 1
| #define HAVE_MKFIFO 1
| #define HAVE_MKFIFOAT 1
| #define HAVE_MKNOD 1
| #define HAVE_MKNODAT 1
| #define HAVE_MKTIME 1
| #define HAVE_MMAP 1
| #define HAVE_MREMAP 1
| #define HAVE_NICE 1
| #define HAVE_OPENAT 1
| #define HAVE_OPENDIR 1
| #define HAVE_PATHCONF 1
| #define HAVE_PAUSE 1
| #define HAVE_PIPE 1
| #define HAVE_PIPE2 1
| #define HAVE_POLL 1
| #define HAVE_POSIX_FADVISE 1
| #define HAVE_POSIX_FALLOCATE 1
| #define HAVE_POSIX_OPENPT 1
| #define HAVE_POSIX_SPAWN 1
| #define HAVE_POSIX_SPAWNP 1
| #define HAVE_POSIX_SPAWN_FILE_ACTIONS_ADDCLOSEFROM_NP 1
| #define HAVE_PREAD 1
| #define HAVE_PREADV 1
| #define HAVE_PREADV2 1
| #define HAVE_PROCESS_VM_READV 1
| #define HAVE_PTHREAD_CONDATTR_SETCLOCK 1
| #define HAVE_PTHREAD_KILL 1
| #define HAVE_PTSNAME 1
| #define HAVE_PTSNAME_R 1
| #define HAVE_PWRITE 1
| #define HAVE_PWRITEV 1
| #define HAVE_PWRITEV2 1
| #define HAVE_READLINK 1
| #define HAVE_READLINKAT 1
| #define HAVE_READV 1
| #define HAVE_REALPATH 1
| #define HAVE_RENAMEAT 1
| #define HAVE_SCHED_GET_PRIORITY_MAX 1
| #define HAVE_SCHED_RR_GET_INTERVAL 1
| #define HAVE_SCHED_SETAFFINITY 1
| #define HAVE_SCHED_SETPARAM 1
| #define HAVE_SCHED_SETSCHEDULER 1
| #define HAVE_SEM_CLOCKWAIT 1
| #define HAVE_SEM_GETVALUE 1
| #define HAVE_SEM_OPEN 1
| #define HAVE_SEM_TIMEDWAIT 1
| #define HAVE_SEM_UNLINK 1
| #define HAVE_SENDFILE 1
| #define HAVE_SETEGID 1
| #define HAVE_SETEUID 1
| #define HAVE_SETGID 1
| #define HAVE_SETHOSTNAME 1
| #define HAVE_SETITIMER 1
| #define HAVE_SETLOCALE 1
| #define HAVE_SETPGID 1
| #define HAVE_SETPGRP 1
| #define HAVE_SETPRIORITY 1
| #define HAVE_SETREGID 1
| #define HAVE_SETRESGID 1
| #define HAVE_SETRESUID 1
| #define HAVE_SETREUID 1
| #define HAVE_SETSID 1
| #define HAVE_SETUID 1
| #define HAVE_SETVBUF 1
| #define HAVE_SHUTDOWN 1
| #define HAVE_SIGACTION 1
| #define HAVE_SIGALTSTACK 1
| #define HAVE_SIGFILLSET 1
| #define HAVE_SIGINTERRUPT 1
| #define HAVE_SIGPENDING 1
| #define HAVE_SIGRELSE 1
| #define HAVE_SIGTIMEDWAIT 1
| #define HAVE_SIGWAIT 1
| #define HAVE_SIGWAITINFO 1
| #define HAVE_SNPRINTF 1
| #define HAVE_SPLICE 1
| #define HAVE_STRFTIME 1
| #define HAVE_STRSIGNAL 1
| #define HAVE_SYMLINKAT 1
| #define HAVE_SYNC 1
| #define HAVE_SYSCONF 1
| #define HAVE_TCGETPGRP 1
| #define HAVE_TCSETPGRP 1
| #define HAVE_TEMPNAM 1
| #define HAVE_TIMEGM 1
| #define HAVE_TIMES 1
| #define HAVE_TMPFILE 1
| #define HAVE_TMPNAM 1
| #define HAVE_TMPNAM_R 1
| #define HAVE_TRUNCATE 1
| #define HAVE_TTYNAME_R 1
| #define HAVE_UMASK 1
| #define HAVE_UNAME 1
| #define HAVE_UNLINKAT 1
| #define HAVE_UNLOCKPT 1
| #define HAVE_UTIMENSAT 1
| #define HAVE_UTIMES 1
| #define HAVE_VFORK 1
| #define HAVE_WAIT 1
| #define HAVE_WAIT3 1
| #define HAVE_WAIT4 1
| #define HAVE_WAITID 1
| #define HAVE_WAITPID 1
| #define HAVE_WCSCOLL 1
| #define HAVE_WCSFTIME 1
| #define HAVE_WCSXFRM 1
| #define HAVE_WMEMCMP 1
| #define HAVE_WRITEV 1
| #define HAVE_GETENTROPY 1
| #define HAVE_GETGROUPS 1
| #define HAVE_SYSTEM 1
| #define HAVE_DIRFD 1
| #define HAVE_CHROOT 1
| #define HAVE_LINK 1
| #define HAVE_SYMLINK 1
| #define HAVE_FCHDIR 1
| #define HAVE_FSYNC 1
| #define HAVE_FDATASYNC 1
| #define HAVE_EPOLL 1
| #define HAVE_EPOLL_CREATE1 1
| #define HAVE_PRLIMIT 1
| #define HAVE_MEMFD_CREATE 1
| #define HAVE_EVENTFD 1
| #define HAVE_TIMERFD_CREATE 1
| #define HAVE_FLOCK 1
| #define HAVE_GETPAGESIZE 1
| #define HAVE_ZLIB_COPY 1
| #define HAVE_BZLIB_H 1
| #define HAVE_HSTRERROR 1
| #define HAVE_GETSERVBYNAME 1
| #define HAVE_GETSERVBYPORT 1
| #define HAVE_GETHOSTBYNAME 1
| #define HAVE_GETHOSTBYADDR 1
| #define HAVE_GETPROTOBYNAME 1
| #define HAVE_INET_ATON 1
| #define HAVE_INET_NTOA 1
| #define HAVE_INET_PTON 1
| #define HAVE_GETPEERNAME 1
| #define HAVE_GETSOCKNAME 1
| #define HAVE_ACCEPT 1
| #define HAVE_BIND 1
| #define HAVE_CONNECT 1
| #define HAVE_LISTEN 1
| #define HAVE_RECVFROM 1
| #define HAVE_SENDTO 1
| #define HAVE_SETSOCKOPT 1
| #define HAVE_SOCKET 1
| #define HAVE_SETGROUPS 1
| #define HAVE_OPENPTY 1
| #define HAVE_LOGIN_TTY 1
| #define HAVE_FORKPTY 1
| #define HAVE_FSEEKO 1
| #define HAVE_FSTATVFS 1
| #define HAVE_FTELLO 1
| #define HAVE_STATVFS 1
| #define HAVE_DUP2 1
| #define HAVE_GETPGRP 1
| #define HAVE_SETPGRP 1
| #define HAVE_SETNS 1
| #define HAVE_UNSHARE 1
| #define HAVE_CLOCK_GETTIME 1
| #define HAVE_CLOCK_GETRES 1
| #define HAVE_CLOCK_SETTIME 1
| #define HAVE_CLOCK_NANOSLEEP 1
| #define HAVE_NANOSLEEP 1
| #define HAVE_DEVICE_MACROS 1
| #define SYS_SELECT_WITH_SYS_TIME 1
| #define HAVE_GETADDRINFO 1
| #define HAVE_GETNAMEINFO 1
| #define HAVE_STRUCT_TM_TM_ZONE 1
| #define HAVE_TM_ZONE 1
| #define HAVE_STRUCT_STAT_ST_RDEV 1
| #define HAVE_STRUCT_STAT_ST_BLKSIZE 1
| #define HAVE_STRUCT_STAT_ST_BLOCKS 1
| #define HAVE_STRUCT_PASSWD_PW_GECOS 1
| #define HAVE_STRUCT_PASSWD_PW_PASSWD 1
| #define HAVE_SIGINFO_T_SI_BAND 1
| #define HAVE_ADDRINFO 1
| #define HAVE_SOCKADDR_STORAGE 1
| #define HAVE_SOCKADDR_ALG 1
| #define HAVE_PROTOTYPES 1
| #define HAVE_SOCKETPAIR 1
| #define HAVE_GETHOSTBYNAME_R 1
| #define HAVE_GETHOSTBYNAME_R 1
| #define HAVE_GETHOSTBYNAME_R_6_ARG 1
| #define HAVE_GCC_ASM_FOR_X64 1
| #define DOUBLE_IS_LITTLE_ENDIAN_IEEE754 1
| #define HAVE_GCC_ASM_FOR_X87 1
| #define HAVE_ACOSH 1
| #define HAVE_ASINH 1
| #define HAVE_ATANH 1
| #define HAVE_ERF 1
| #define HAVE_ERFC 1
| #define HAVE_EXPM1 1
| #define HAVE_LOG1P 1
| #define HAVE_LOG2 1
| #define HAVE_DECL_RTLD_LAZY 1
| #define HAVE_DECL_RTLD_NOW 1
| #define HAVE_DECL_RTLD_GLOBAL 1
| #define HAVE_DECL_RTLD_LOCAL 1
| #define HAVE_DECL_RTLD_NODELETE 1
| #define HAVE_DECL_RTLD_NOLOAD 1
| #define HAVE_DECL_RTLD_DEEPBIND 1
| #define HAVE_DECL_RTLD_MEMBER 0
| #define HAVE_WCHAR_H 1
| #define SIZEOF_WCHAR_T 4
| #define HAVE_GETC_UNLOCKED 1
| #define HAVE_RL_COMPLETION_APPEND_CHARACTER 1
| #define HAVE_RL_COMPLETION_SUPPRESS_APPEND 1
| #define HAVE_RL_PRE_INPUT_HOOK 1
| #define HAVE_RL_COMPLETION_DISPLAY_MATCHES_HOOK 1
| #define HAVE_RL_RESIZE_TERMINAL 1
| #define HAVE_RL_COMPLETION_MATCHES 1
| #define HAVE_RL_CATCH_SIGNAL 1
| #define HAVE_RL_APPEND_HISTORY 1
| #define HAVE_RL_COMPDISP_FUNC_T 1
| #define Py_RL_STARTUP_HOOK_TAKES_ARGS 1
| #define HAVE_WORKING_TZSET 1
| #define HAVE_STAT_TV_NSEC 1
| /* end confdefs.h.  */
| #include <sys/stat.h>
| int
| main (void)
| {
| 
| struct stat st;
| st.st_mtimespec.tv_nsec = 1;
| 
|   ;
|   return 0;
| }
configure:25951: result: no
configure:25970: checking for ncursesw
configure:25977: $PKG_CONFIG --exists --print-errors "ncursesw"
configure:25980: $? = 0
configure:25994: $PKG_CONFIG --exists --print-errors "ncursesw"
configure:25997: $? = 0
configure:26035: result: yes
configure:26043: checking for panelw
configure:26050: $PKG_CONFIG --exists --print-errors "panelw"
configure:26053: $? = 0
configure:26067: $PKG_CONFIG --exists --print-errors "panelw"
configure:26070: $? = 0
configure:26108: result: yes
configure:26282: checking for ncursesw/curses.h
configure:26282: gcc -c   -D_DEFAULT_SOURCE -D_XOPEN_SOURCE=600 -D_DEFAULT_SOURCE -D_XOPEN_SOURCE=600 -D_DEFAULT_SOURCE -D_XOPEN_SOURCE=600 conftest.c >&5
conftest.c:6: warning: "_XOPEN_SOURCE" redefined
    6 | #define _XOPEN_SOURCE 700
      | 
<command-line>: note: this is the location of the previous definition
configure:26282: $? = 0
configure:26282: result: yes
configure:26288: checking for ncursesw/ncurses.h
configure:26288: gcc -c   -D_DEFAULT_SOURCE -D_XOPEN_SOURCE=600 -D_DEFAULT_SOURCE -D_XOPEN_SOURCE=600 -D_DEFAULT_SOURCE -D_XOPEN_SOURCE=600 conftest.c >&5
conftest.c:6: warning: "_XOPEN_SOURCE" redefined
    6 | #define _XOPEN_SOURCE 700
      | 
<command-line>: note: this is the location of the previous definition
configure:26288: $? = 0
configure:26288: result: yes
configure:26294: checking for ncursesw/panel.h
configure:26294: gcc -c   -D_DEFAULT_SOURCE -D_XOPEN_SOURCE=600 -D_DEFAULT_SOURCE -D_XOPEN_SOURCE=600 -D_DEFAULT_SOURCE -D_XOPEN_SOURCE=600 conftest.c >&5
conftest.c:6: warning: "_XOPEN_SOURCE" redefined
    6 | #define _XOPEN_SOURCE 700
      | 
<command-line>: note: this is the location of the previous definition
configure:26294: $? = 0
configure:26294: result: yes
configure:26300: checking for ncurses/curses.h
configure:26300: gcc -c   -D_DEFAULT_SOURCE -D_XOPEN_SOURCE=600 -D_DEFAULT_SOURCE -D_XOPEN_SOURCE=600 -D_DEFAULT_SOURCE -D_XOPEN_SOURCE=600 conftest.c >&5
conftest.c:6: warning: "_XOPEN_SOURCE" redefined
    6 | #define _XOPEN_SOURCE 700
      | 
<command-line>: note: this is the location of the previous definition
conftest.c:503:10: fatal error: ncurses/curses.h: No such file or directory
  503 | #include <ncurses/curses.h>
      |          ^~~~~~~~~~~~~~~~~~
compilation terminated.
configure:26300: $? = 1
configure: failed program was:
| /* confdefs.h */
| #define _NETBSD_SOURCE 1
| #define __BSD_VISIBLE 1
| #define _DARWIN_C_SOURCE 1
| #define _PYTHONFRAMEWORK ""
| #define _XOPEN_SOURCE 700
| #define _XOPEN_SOURCE_EXTENDED 1
| #define _POSIX_C_SOURCE 200809L
| #define HAVE_STDIO_H 1
| #define HAVE_STDLIB_H 1
| #define HAVE_STRING_H 1
| #define HAVE_INTTYPES_H 1
| #define HAVE_STDINT_H 1
| #define HAVE_STRINGS_H 1
| #define HAVE_SYS_STAT_H 1
| #define HAVE_SYS_TYPES_H 1
| #define HAVE_UNISTD_H 1
| #define HAVE_WCHAR_H 1
| #define STDC_HEADERS 1
| #define _ALL_SOURCE 1
| #define _DARWIN_C_SOURCE 1
| #define _GNU_SOURCE 1
| #define _HPUX_ALT_XOPEN_SOCKET_API 1
| #define _NETBSD_SOURCE 1
| #define _OPENBSD_SOURCE 1
| #define _POSIX_PTHREAD_SEMANTICS 1
| #define __STDC_WANT_IEC_60559_ATTRIBS_EXT__ 1
| #define __STDC_WANT_IEC_60559_BFP_EXT__ 1
| #define __STDC_WANT_IEC_60559_DFP_EXT__ 1
| #define __STDC_WANT_IEC_60559_FUNCS_EXT__ 1
| #define __STDC_WANT_IEC_60559_TYPES_EXT__ 1
| #define __STDC_WANT_LIB_EXT2__ 1
| #define __STDC_WANT_MATH_SPEC_FUNCS__ 1
| #define _TANDEM_SOURCE 1
| #define __EXTENSIONS__ 1
| #define PY_SUPPORT_TIER 1
| #define STDC_HEADERS 1
| #define HAVE_ALLOCA_H 1
| #define HAVE_ASM_TYPES_H 1
| #define HAVE_DLFCN_H 1
| #define HAVE_ENDIAN_H 1
| #define HAVE_ERRNO_H 1
| #define HAVE_FCNTL_H 1
| #define HAVE_GRP_H 1
| #define HAVE_LANGINFO_H 1
| #define HAVE_LIBINTL_H 1
| #define HAVE_LINUX_AUXVEC_H 1
| #define HAVE_SYS_AUXV_H 1
| #define HAVE_LINUX_FS_H 1
| #define HAVE_LINUX_LIMITS_H 1
| #define HAVE_LINUX_MEMFD_H 1
| #define HAVE_LINUX_RANDOM_H 1
| #define HAVE_LINUX_SOUNDCARD_H 1
| #define HAVE_LINUX_TIPC_H 1
| #define HAVE_LINUX_WAIT_H 1
| #define HAVE_NETDB_H 1
| #define HAVE_NET_ETHERNET_H 1
| #define HAVE_NETINET_IN_H 1
| #define HAVE_NETPACKET_PACKET_H 1
| #define HAVE_POLL_H 1
| #define HAVE_PTHREAD_H 1
| #define HAVE_PTY_H 1
| #define HAVE_SCHED_H 1
| #define HAVE_SETJMP_H 1
| #define HAVE_SHADOW_H 1
| #define HAVE_SIGNAL_H 1
| #define HAVE_SPAWN_H 1
| #define HAVE_SYS_EPOLL_H 1
| #define HAVE_SYS_EVENTFD_H 1
| #define HAVE_SYS_FILE_H 1
| #define HAVE_SYS_IOCTL_H 1
| #define HAVE_SYS_MMAN_H 1
| #define HAVE_SYS_PARAM_H 1
| #define HAVE_SYS_POLL_H 1
| #define HAVE_SYS_RANDOM_H 1
| #define HAVE_SYS_RESOURCE_H 1
| #define HAVE_SYS_SELECT_H 1
| #define HAVE_SYS_SENDFILE_H 1
| #define HAVE_SYS_SOCKET_H 1
| #define HAVE_SYS_SOUNDCARD_H 1
| #define HAVE_SYS_STAT_H 1
| #define HAVE_SYS_STATVFS_H 1
| #define HAVE_SYS_SYSCALL_H 1
| #define HAVE_SYS_SYSMACROS_H 1
| #define HAVE_SYS_TIME_H 1
| #define HAVE_SYS_TIMES_H 1
| #define HAVE_SYS_TIMERFD_H 1
| #define HAVE_SYS_TYPES_H 1
| #define HAVE_SYS_UIO_H 1
| #define HAVE_SYS_UN_H 1
| #define HAVE_SYS_UTSNAME_H 1
| #define HAVE_SYS_WAIT_H 1
| #define HAVE_SYS_XATTR_H 1
| #define HAVE_SYSEXITS_H 1
| #define HAVE_SYSLOG_H 1
| #define HAVE_TERMIOS_H 1
| #define HAVE_UTIME_H 1
| #define HAVE_UTMP_H 1
| #define HAVE_DIRENT_H 1
| #define MAJOR_IN_SYSMACROS 1
| #define HAVE_NET_IF_H 1
| #define HAVE_LINUX_NETLINK_H 1
| #define HAVE_LINUX_QRTR_H 1
| #define HAVE_LINUX_VM_SOCKETS_H 1
| #define HAVE_LINUX_CAN_H 1
| #define HAVE_LINUX_CAN_BCM_H 1
| #define HAVE_LINUX_CAN_J1939_H 1
| #define HAVE_LINUX_CAN_RAW_H 1
| #define HAVE_CLOCK_T 1
| #define HAVE_MAKEDEV 1
| #define HAVE_HTOLE64 1
| #define _LARGEFILE_SOURCE 1
| #define _FILE_OFFSET_BITS 64
| #if defined(SCO_DS)
| #undef _OFF_T
| #endif
| #define RETSIGTYPE void
| #define HAVE_SSIZE_T 1
| #define HAVE___UINT128_T 1
| #define HAVE_GCC_UINT128_T 1
| #define SIZEOF_INT 4
| #define SIZEOF_LONG 8
| #define ALIGNOF_LONG 8
| #define SIZEOF_LONG_LONG 8
| #define SIZEOF_VOID_P 8
| #define SIZEOF_SHORT 2
| #define SIZEOF_FLOAT 4
| #define SIZEOF_DOUBLE 8
| #define SIZEOF_FPOS_T 16
| #define SIZEOF_SIZE_T 8
| #define ALIGNOF_SIZE_T 8
| #define SIZEOF_PID_T 4
| #define SIZEOF_UINTPTR_T 8
| #define ALIGNOF_MAX_ALIGN_T 16
| #define HAVE_LONG_DOUBLE 1
| #define SIZEOF_LONG_DOUBLE 16
| #define SIZEOF__BOOL 1
| #define SIZEOF_OFF_T 8
| #define SIZEOF_TIME_T 8
| #define SIZEOF_PTHREAD_T 8
| #define SIZEOF_PTHREAD_KEY_T 4
| #define PTHREAD_KEY_T_IS_COMPATIBLE_WITH_INT 1
| #define PY_HAVE_PERF_TRAMPOLINE 1
| #define HAVE_LIBDL 1
| #define HAVE_FFI_PREP_CIF_VAR 1
| #define HAVE_FFI_PREP_CLOSURE_LOC 1
| #define HAVE_FFI_CLOSURE_ALLOC 1
| #define WITH_DECIMAL_CONTEXTVAR 1
| #define HAVE_LIBSQLITE3 1
| #define HAVE_LIBSQLITE3 1
| #define HAVE_LIBSQLITE3 1
| #define HAVE_LIBSQLITE3 1
| #define HAVE_LIBSQLITE3 1
| #define HAVE_LIBSQLITE3 1
| #define HAVE_LIBSQLITE3 1
| #define HAVE_LIBSQLITE3 1
| #define HAVE_LIBSQLITE3 1
| #define PY_SQLITE_HAVE_SERIALIZE 1
| #define HAVE_GDBM_H 1
| #define _REENTRANT 1
| #define PTHREAD_SYSTEM_SCHED_SUPPORTED 1
| #define HAVE_PTHREAD_SIGMASK 1
| #define HAVE_PTHREAD_GETCPUCLOCKID 1
| #define ENABLE_IPV6 1
| #define HAVE_LINUX_CAN_RAW_FD_FRAMES 1
| #define HAVE_LINUX_CAN_RAW_JOIN_FILTERS 1
| #define WITH_DOC_STRINGS 1
| #define HAVE_STD_ATOMIC 1
| #define HAVE_BUILTIN_ATOMIC 1
| #define WITH_MIMALLOC 1
| #define WITH_PYMALLOC 1
| #define WITH_FREELISTS 1
| #define PY_COERCE_C_LOCALE 1
| #define HAVE_DLOPEN 1
| #define HAVE_DYNAMIC_LOADING 1
| #define HAVE_ACCEPT4 1
| #define HAVE_ALARM 1
| #define HAVE_BIND_TEXTDOMAIN_CODESET 1
| #define HAVE_CHMOD 1
| #define HAVE_CHOWN 1
| #define HAVE_CLOCK 1
| #define HAVE_CLOSEFROM 1
| #define HAVE_CLOSE_RANGE 1
| #define HAVE_CONFSTR 1
| #define HAVE_COPY_FILE_RANGE 1
| #define HAVE_CTERMID 1
| #define HAVE_DUP 1
| #define HAVE_DUP3 1
| #define HAVE_EXECV 1
| #define HAVE_EXPLICIT_BZERO 1
| #define HAVE_FACCESSAT 1
| #define HAVE_FCHMOD 1
| #define HAVE_FCHMODAT 1
| #define HAVE_FCHOWN 1
| #define HAVE_FCHOWNAT 1
| #define HAVE_FDOPENDIR 1
| #define HAVE_FEXECVE 1
| #define HAVE_FORK 1
| #define HAVE_FPATHCONF 1
| #define HAVE_FSTATAT 1
| #define HAVE_FTIME 1
| #define HAVE_FTRUNCATE 1
| #define HAVE_FUTIMENS 1
| #define HAVE_FUTIMES 1
| #define HAVE_FUTIMESAT 1
| #define HAVE_GAI_STRERROR 1
| #define HAVE_GETEGID 1
| #define HAVE_GETEUID 1
| #define HAVE_GETGID 1
| #define HAVE_GETGRENT 1
| #define HAVE_GETGRGID 1
| #define HAVE_GETGRGID_R 1
| #define HAVE_GETGRNAM_R 1
| #define HAVE_GETGROUPLIST 1
| #define HAVE_GETHOSTNAME 1
| #define HAVE_GETITIMER 1
| #define HAVE_GETLOADAVG 1
| #define HAVE_GETLOGIN 1
| #define HAVE_GETPEERNAME 1
| #define HAVE_GETPGID 1
| #define HAVE_GETPID 1
| #define HAVE_GETPPID 1
| #define HAVE_GETPRIORITY 1
| #define HAVE_GETPWENT 1
| #define HAVE_GETPWNAM_R 1
| #define HAVE_GETPWUID 1
| #define HAVE_GETPWUID_R 1
| #define HAVE_GETRESGID 1
| #define HAVE_GETRESUID 1
| #define HAVE_GETRUSAGE 1
| #define HAVE_GETSID 1
| #define HAVE_GETSPENT 1
| #define HAVE_GETSPNAM 1
| #define HAVE_GETUID 1
| #define HAVE_GETWD 1
| #define HAVE_GRANTPT 1
| #define HAVE_IF_NAMEINDEX 1
| #define HAVE_INITGROUPS 1
| #define HAVE_KILL 1
| #define HAVE_KILLPG 1
| #define HAVE_LCHOWN 1
| #define HAVE_LINKAT 1
| #define HAVE_LOCKF 1
| #define HAVE_LSTAT 1
| #define HAVE_LUTIMES 1
| #define HAVE_MADVISE 1
| #define HAVE_MBRTOWC 1
| #define HAVE_MEMRCHR 1
| #define HAVE_MKDIRAT 1
| #define HAVE_MKFIFO 1
| #define HAVE_MKFIFOAT 1
| #define HAVE_MKNOD 1
| #define HAVE_MKNODAT 1
| #define HAVE_MKTIME 1
| #define HAVE_MMAP 1
| #define HAVE_MREMAP 1
| #define HAVE_NICE 1
| #define HAVE_OPENAT 1
| #define HAVE_OPENDIR 1
| #define HAVE_PATHCONF 1
| #define HAVE_PAUSE 1
| #define HAVE_PIPE 1
| #define HAVE_PIPE2 1
| #define HAVE_POLL 1
| #define HAVE_POSIX_FADVISE 1
| #define HAVE_POSIX_FALLOCATE 1
| #define HAVE_POSIX_OPENPT 1
| #define HAVE_POSIX_SPAWN 1
| #define HAVE_POSIX_SPAWNP 1
| #define HAVE_POSIX_SPAWN_FILE_ACTIONS_ADDCLOSEFROM_NP 1
| #define HAVE_PREAD 1
| #define HAVE_PREADV 1
| #define HAVE_PREADV2 1
| #define HAVE_PROCESS_VM_READV 1
| #define HAVE_PTHREAD_CONDATTR_SETCLOCK 1
| #define HAVE_PTHREAD_KILL 1
| #define HAVE_PTSNAME 1
| #define HAVE_PTSNAME_R 1
| #define HAVE_PWRITE 1
| #define HAVE_PWRITEV 1
| #define HAVE_PWRITEV2 1
| #define HAVE_READLINK 1
| #define HAVE_READLINKAT 1
| #define HAVE_READV 1
| #define HAVE_REALPATH 1
| #define HAVE_RENAMEAT 1
| #define HAVE_SCHED_GET_PRIORITY_MAX 1
| #define HAVE_SCHED_RR_GET_INTERVAL 1
| #define HAVE_SCHED_SETAFFINITY 1
| #define HAVE_SCHED_SETPARAM 1
| #define HAVE_SCHED_SETSCHEDULER 1
| #define HAVE_SEM_CLOCKWAIT 1
| #define HAVE_SEM_GETVALUE 1
| #define HAVE_SEM_OPEN 1
| #define HAVE_SEM_TIMEDWAIT 1
| #define HAVE_SEM_UNLINK 1
| #define HAVE_SENDFILE 1
| #define HAVE_SETEGID 1
| #define HAVE_SETEUID 1
| #define HAVE_SETGID 1
| #define HAVE_SETHOSTNAME 1
| #define HAVE_SETITIMER 1
| #define HAVE_SETLOCALE 1
| #define HAVE_SETPGID 1
| #define HAVE_SETPGRP 1
| #define HAVE_SETPRIORITY 1
| #define HAVE_SETREGID 1
| #define HAVE_SETRESGID 1
| #define HAVE_SETRESUID 1
| #define HAVE_SETREUID 1
| #define HAVE_SETSID 1
| #define HAVE_SETUID 1
| #define HAVE_SETVBUF 1
| #define HAVE_SHUTDOWN 1
| #define HAVE_SIGACTION 1
| #define HAVE_SIGALTSTACK 1
| #define HAVE_SIGFILLSET 1
| #define HAVE_SIGINTERRUPT 1
| #define HAVE_SIGPENDING 1
| #define HAVE_SIGRELSE 1
| #define HAVE_SIGTIMEDWAIT 1
| #define HAVE_SIGWAIT 1
| #define HAVE_SIGWAITINFO 1
| #define HAVE_SNPRINTF 1
| #define HAVE_SPLICE 1
| #define HAVE_STRFTIME 1
| #define HAVE_STRSIGNAL 1
| #define HAVE_SYMLINKAT 1
| #define HAVE_SYNC 1
| #define HAVE_SYSCONF 1
| #define HAVE_TCGETPGRP 1
| #define HAVE_TCSETPGRP 1
| #define HAVE_TEMPNAM 1
| #define HAVE_TIMEGM 1
| #define HAVE_TIMES 1
| #define HAVE_TMPFILE 1
| #define HAVE_TMPNAM 1
| #define HAVE_TMPNAM_R 1
| #define HAVE_TRUNCATE 1
| #define HAVE_TTYNAME_R 1
| #define HAVE_UMASK 1
| #define HAVE_UNAME 1
| #define HAVE_UNLINKAT 1
| #define HAVE_UNLOCKPT 1
| #define HAVE_UTIMENSAT 1
| #define HAVE_UTIMES 1
| #define HAVE_VFORK 1
| #define HAVE_WAIT 1
| #define HAVE_WAIT3 1
| #define HAVE_WAIT4 1
| #define HAVE_WAITID 1
| #define HAVE_WAITPID 1
| #define HAVE_WCSCOLL 1
| #define HAVE_WCSFTIME 1
| #define HAVE_WCSXFRM 1
| #define HAVE_WMEMCMP 1
| #define HAVE_WRITEV 1
| #define HAVE_GETENTROPY 1
| #define HAVE_GETGROUPS 1
| #define HAVE_SYSTEM 1
| #define HAVE_DIRFD 1
| #define HAVE_CHROOT 1
| #define HAVE_LINK 1
| #define HAVE_SYMLINK 1
| #define HAVE_FCHDIR 1
| #define HAVE_FSYNC 1
| #define HAVE_FDATASYNC 1
| #define HAVE_EPOLL 1
| #define HAVE_EPOLL_CREATE1 1
| #define HAVE_PRLIMIT 1
| #define HAVE_MEMFD_CREATE 1
| #define HAVE_EVENTFD 1
| #define HAVE_TIMERFD_CREATE 1
| #define HAVE_FLOCK 1
| #define HAVE_GETPAGESIZE 1
| #define HAVE_ZLIB_COPY 1
| #define HAVE_BZLIB_H 1
| #define HAVE_HSTRERROR 1
| #define HAVE_GETSERVBYNAME 1
| #define HAVE_GETSERVBYPORT 1
| #define HAVE_GETHOSTBYNAME 1
| #define HAVE_GETHOSTBYADDR 1
| #define HAVE_GETPROTOBYNAME 1
| #define HAVE_INET_ATON 1
| #define HAVE_INET_NTOA 1
| #define HAVE_INET_PTON 1
| #define HAVE_GETPEERNAME 1
| #define HAVE_GETSOCKNAME 1
| #define HAVE_ACCEPT 1
| #define HAVE_BIND 1
| #define HAVE_CONNECT 1
| #define HAVE_LISTEN 1
| #define HAVE_RECVFROM 1
| #define HAVE_SENDTO 1
| #define HAVE_SETSOCKOPT 1
| #define HAVE_SOCKET 1
| #define HAVE_SETGROUPS 1
| #define HAVE_OPENPTY 1
| #define HAVE_LOGIN_TTY 1
| #define HAVE_FORKPTY 1
| #define HAVE_FSEEKO 1
| #define HAVE_FSTATVFS 1
| #define HAVE_FTELLO 1
| #define HAVE_STATVFS 1
| #define HAVE_DUP2 1
| #define HAVE_GETPGRP 1
| #define HAVE_SETPGRP 1
| #define HAVE_SETNS 1
| #define HAVE_UNSHARE 1
| #define HAVE_CLOCK_GETTIME 1
| #define HAVE_CLOCK_GETRES 1
| #define HAVE_CLOCK_SETTIME 1
| #define HAVE_CLOCK_NANOSLEEP 1
| #define HAVE_NANOSLEEP 1
| #define HAVE_DEVICE_MACROS 1
| #define SYS_SELECT_WITH_SYS_TIME 1
| #define HAVE_GETADDRINFO 1
| #define HAVE_GETNAMEINFO 1
| #define HAVE_STRUCT_TM_TM_ZONE 1
| #define HAVE_TM_ZONE 1
| #define HAVE_STRUCT_STAT_ST_RDEV 1
| #define HAVE_STRUCT_STAT_ST_BLKSIZE 1
| #define HAVE_STRUCT_STAT_ST_BLOCKS 1
| #define HAVE_STRUCT_PASSWD_PW_GECOS 1
| #define HAVE_STRUCT_PASSWD_PW_PASSWD 1
| #define HAVE_SIGINFO_T_SI_BAND 1
| #define HAVE_ADDRINFO 1
| #define HAVE_SOCKADDR_STORAGE 1
| #define HAVE_SOCKADDR_ALG 1
| #define HAVE_PROTOTYPES 1
| #define HAVE_SOCKETPAIR 1
| #define HAVE_GETHOSTBYNAME_R 1
| #define HAVE_GETHOSTBYNAME_R 1
| #define HAVE_GETHOSTBYNAME_R_6_ARG 1
| #define HAVE_GCC_ASM_FOR_X64 1
| #define DOUBLE_IS_LITTLE_ENDIAN_IEEE754 1
| #define HAVE_GCC_ASM_FOR_X87 1
| #define HAVE_ACOSH 1
| #define HAVE_ASINH 1
| #define HAVE_ATANH 1
| #define HAVE_ERF 1
| #define HAVE_ERFC 1
| #define HAVE_EXPM1 1
| #define HAVE_LOG1P 1
| #define HAVE_LOG2 1
| #define HAVE_DECL_RTLD_LAZY 1
| #define HAVE_DECL_RTLD_NOW 1
| #define HAVE_DECL_RTLD_GLOBAL 1
| #define HAVE_DECL_RTLD_LOCAL 1
| #define HAVE_DECL_RTLD_NODELETE 1
| #define HAVE_DECL_RTLD_NOLOAD 1
| #define HAVE_DECL_RTLD_DEEPBIND 1
| #define HAVE_DECL_RTLD_MEMBER 0
| #define HAVE_WCHAR_H 1
| #define SIZEOF_WCHAR_T 4
| #define HAVE_GETC_UNLOCKED 1
| #define HAVE_RL_COMPLETION_APPEND_CHARACTER 1
| #define HAVE_RL_COMPLETION_SUPPRESS_APPEND 1
| #define HAVE_RL_PRE_INPUT_HOOK 1
| #define HAVE_RL_COMPLETION_DISPLAY_MATCHES_HOOK 1
| #define HAVE_RL_RESIZE_TERMINAL 1
| #define HAVE_RL_COMPLETION_MATCHES 1
| #define HAVE_RL_CATCH_SIGNAL 1
| #define HAVE_RL_APPEND_HISTORY 1
| #define HAVE_RL_COMPDISP_FUNC_T 1
| #define Py_RL_STARTUP_HOOK_TAKES_ARGS 1
| #define HAVE_WORKING_TZSET 1
| #define HAVE_STAT_TV_NSEC 1
| #define HAVE_NCURSESW 1
| #define HAVE_PANELW 1
| #define HAVE_NCURSESW_CURSES_H 1
| #define HAVE_NCURSESW_NCURSES_H 1
| #define HAVE_NCURSESW_PANEL_H 1
| /* end confdefs.h.  */
| #include <stddef.h>
| #ifdef HAVE_STDIO_H
| # include <stdio.h>
| #endif
| #ifdef HAVE_STDLIB_H
| # include <stdlib.h>
| #endif
| #ifdef HAVE_STRING_H
| # include <string.h>
| #endif
| #ifdef HAVE_INTTYPES_H
| # include <inttypes.h>
| #endif
| #ifdef HAVE_STDINT_H
| # include <stdint.h>
| #endif
| #ifdef HAVE_STRINGS_H
| # include <strings.h>
| #endif
| #ifdef HAVE_SYS_TYPES_H
| # include <sys/types.h>
| #endif
| #ifdef HAVE_SYS_STAT_H
| # include <sys/stat.h>
| #endif
| #ifdef HAVE_UNISTD_H
| # include <unistd.h>
| #endif
| #include <ncurses/curses.h>
configure:26300: result: no
configure:26306: checking for ncurses/ncurses.h
configure:26306: gcc -c   -D_DEFAULT_SOURCE -D_XOPEN_SOURCE=600 -D_DEFAULT_SOURCE -D_XOPEN_SOURCE=600 -D_DEFAULT_SOURCE -D_XOPEN_SOURCE=600 conftest.c >&5
conftest.c:6: warning: "_XOPEN_SOURCE" redefined
    6 | #define _XOPEN_SOURCE 700
      | 
<command-line>: note: this is the location of the previous definition
conftest.c:503:10: fatal error: ncurses/ncurses.h: No such file or directory
  503 | #include <ncurses/ncurses.h>
      |          ^~~~~~~~~~~~~~~~~~~
compilation terminated.
configure:26306: $? = 1
configure: failed program was:
| /* confdefs.h */
| #define _NETBSD_SOURCE 1
| #define __BSD_VISIBLE 1
| #define _DARWIN_C_SOURCE 1
| #define _PYTHONFRAMEWORK ""
| #define _XOPEN_SOURCE 700
| #define _XOPEN_SOURCE_EXTENDED 1
| #define _POSIX_C_SOURCE 200809L
| #define HAVE_STDIO_H 1
| #define HAVE_STDLIB_H 1
| #define HAVE_STRING_H 1
| #define HAVE_INTTYPES_H 1
| #define HAVE_STDINT_H 1
| #define HAVE_STRINGS_H 1
| #define HAVE_SYS_STAT_H 1
| #define HAVE_SYS_TYPES_H 1
| #define HAVE_UNISTD_H 1
| #define HAVE_WCHAR_H 1
| #define STDC_HEADERS 1
| #define _ALL_SOURCE 1
| #define _DARWIN_C_SOURCE 1
| #define _GNU_SOURCE 1
| #define _HPUX_ALT_XOPEN_SOCKET_API 1
| #define _NETBSD_SOURCE 1
| #define _OPENBSD_SOURCE 1
| #define _POSIX_PTHREAD_SEMANTICS 1
| #define __STDC_WANT_IEC_60559_ATTRIBS_EXT__ 1
| #define __STDC_WANT_IEC_60559_BFP_EXT__ 1
| #define __STDC_WANT_IEC_60559_DFP_EXT__ 1
| #define __STDC_WANT_IEC_60559_FUNCS_EXT__ 1
| #define __STDC_WANT_IEC_60559_TYPES_EXT__ 1
| #define __STDC_WANT_LIB_EXT2__ 1
| #define __STDC_WANT_MATH_SPEC_FUNCS__ 1
| #define _TANDEM_SOURCE 1
| #define __EXTENSIONS__ 1
| #define PY_SUPPORT_TIER 1
| #define STDC_HEADERS 1
| #define HAVE_ALLOCA_H 1
| #define HAVE_ASM_TYPES_H 1
| #define HAVE_DLFCN_H 1
| #define HAVE_ENDIAN_H 1
| #define HAVE_ERRNO_H 1
| #define HAVE_FCNTL_H 1
| #define HAVE_GRP_H 1
| #define HAVE_LANGINFO_H 1
| #define HAVE_LIBINTL_H 1
| #define HAVE_LINUX_AUXVEC_H 1
| #define HAVE_SYS_AUXV_H 1
| #define HAVE_LINUX_FS_H 1
| #define HAVE_LINUX_LIMITS_H 1
| #define HAVE_LINUX_MEMFD_H 1
| #define HAVE_LINUX_RANDOM_H 1
| #define HAVE_LINUX_SOUNDCARD_H 1
| #define HAVE_LINUX_TIPC_H 1
| #define HAVE_LINUX_WAIT_H 1
| #define HAVE_NETDB_H 1
| #define HAVE_NET_ETHERNET_H 1
| #define HAVE_NETINET_IN_H 1
| #define HAVE_NETPACKET_PACKET_H 1
| #define HAVE_POLL_H 1
| #define HAVE_PTHREAD_H 1
| #define HAVE_PTY_H 1
| #define HAVE_SCHED_H 1
| #define HAVE_SETJMP_H 1
| #define HAVE_SHADOW_H 1
| #define HAVE_SIGNAL_H 1
| #define HAVE_SPAWN_H 1
| #define HAVE_SYS_EPOLL_H 1
| #define HAVE_SYS_EVENTFD_H 1
| #define HAVE_SYS_FILE_H 1
| #define HAVE_SYS_IOCTL_H 1
| #define HAVE_SYS_MMAN_H 1
| #define HAVE_SYS_PARAM_H 1
| #define HAVE_SYS_POLL_H 1
| #define HAVE_SYS_RANDOM_H 1
| #define HAVE_SYS_RESOURCE_H 1
| #define HAVE_SYS_SELECT_H 1
| #define HAVE_SYS_SENDFILE_H 1
| #define HAVE_SYS_SOCKET_H 1
| #define HAVE_SYS_SOUNDCARD_H 1
| #define HAVE_SYS_STAT_H 1
| #define HAVE_SYS_STATVFS_H 1
| #define HAVE_SYS_SYSCALL_H 1
| #define HAVE_SYS_SYSMACROS_H 1
| #define HAVE_SYS_TIME_H 1
| #define HAVE_SYS_TIMES_H 1
| #define HAVE_SYS_TIMERFD_H 1
| #define HAVE_SYS_TYPES_H 1
| #define HAVE_SYS_UIO_H 1
| #define HAVE_SYS_UN_H 1
| #define HAVE_SYS_UTSNAME_H 1
| #define HAVE_SYS_WAIT_H 1
| #define HAVE_SYS_XATTR_H 1
| #define HAVE_SYSEXITS_H 1
| #define HAVE_SYSLOG_H 1
| #define HAVE_TERMIOS_H 1
| #define HAVE_UTIME_H 1
| #define HAVE_UTMP_H 1
| #define HAVE_DIRENT_H 1
| #define MAJOR_IN_SYSMACROS 1
| #define HAVE_NET_IF_H 1
| #define HAVE_LINUX_NETLINK_H 1
| #define HAVE_LINUX_QRTR_H 1
| #define HAVE_LINUX_VM_SOCKETS_H 1
| #define HAVE_LINUX_CAN_H 1
| #define HAVE_LINUX_CAN_BCM_H 1
| #define HAVE_LINUX_CAN_J1939_H 1
| #define HAVE_LINUX_CAN_RAW_H 1
| #define HAVE_CLOCK_T 1
| #define HAVE_MAKEDEV 1
| #define HAVE_HTOLE64 1
| #define _LARGEFILE_SOURCE 1
| #define _FILE_OFFSET_BITS 64
| #if defined(SCO_DS)
| #undef _OFF_T
| #endif
| #define RETSIGTYPE void
| #define HAVE_SSIZE_T 1
| #define HAVE___UINT128_T 1
| #define HAVE_GCC_UINT128_T 1
| #define SIZEOF_INT 4
| #define SIZEOF_LONG 8
| #define ALIGNOF_LONG 8
| #define SIZEOF_LONG_LONG 8
| #define SIZEOF_VOID_P 8
| #define SIZEOF_SHORT 2
| #define SIZEOF_FLOAT 4
| #define SIZEOF_DOUBLE 8
| #define SIZEOF_FPOS_T 16
| #define SIZEOF_SIZE_T 8
| #define ALIGNOF_SIZE_T 8
| #define SIZEOF_PID_T 4
| #define SIZEOF_UINTPTR_T 8
| #define ALIGNOF_MAX_ALIGN_T 16
| #define HAVE_LONG_DOUBLE 1
| #define SIZEOF_LONG_DOUBLE 16
| #define SIZEOF__BOOL 1
| #define SIZEOF_OFF_T 8
| #define SIZEOF_TIME_T 8
| #define SIZEOF_PTHREAD_T 8
| #define SIZEOF_PTHREAD_KEY_T 4
| #define PTHREAD_KEY_T_IS_COMPATIBLE_WITH_INT 1
| #define PY_HAVE_PERF_TRAMPOLINE 1
| #define HAVE_LIBDL 1
| #define HAVE_FFI_PREP_CIF_VAR 1
| #define HAVE_FFI_PREP_CLOSURE_LOC 1
| #define HAVE_FFI_CLOSURE_ALLOC 1
| #define WITH_DECIMAL_CONTEXTVAR 1
| #define HAVE_LIBSQLITE3 1
| #define HAVE_LIBSQLITE3 1
| #define HAVE_LIBSQLITE3 1
| #define HAVE_LIBSQLITE3 1
| #define HAVE_LIBSQLITE3 1
| #define HAVE_LIBSQLITE3 1
| #define HAVE_LIBSQLITE3 1
| #define HAVE_LIBSQLITE3 1
| #define HAVE_LIBSQLITE3 1
| #define PY_SQLITE_HAVE_SERIALIZE 1
| #define HAVE_GDBM_H 1
| #define _REENTRANT 1
| #define PTHREAD_SYSTEM_SCHED_SUPPORTED 1
| #define HAVE_PTHREAD_SIGMASK 1
| #define HAVE_PTHREAD_GETCPUCLOCKID 1
| #define ENABLE_IPV6 1
| #define HAVE_LINUX_CAN_RAW_FD_FRAMES 1
| #define HAVE_LINUX_CAN_RAW_JOIN_FILTERS 1
| #define WITH_DOC_STRINGS 1
| #define HAVE_STD_ATOMIC 1
| #define HAVE_BUILTIN_ATOMIC 1
| #define WITH_MIMALLOC 1
| #define WITH_PYMALLOC 1
| #define WITH_FREELISTS 1
| #define PY_COERCE_C_LOCALE 1
| #define HAVE_DLOPEN 1
| #define HAVE_DYNAMIC_LOADING 1
| #define HAVE_ACCEPT4 1
| #define HAVE_ALARM 1
| #define HAVE_BIND_TEXTDOMAIN_CODESET 1
| #define HAVE_CHMOD 1
| #define HAVE_CHOWN 1
| #define HAVE_CLOCK 1
| #define HAVE_CLOSEFROM 1
| #define HAVE_CLOSE_RANGE 1
| #define HAVE_CONFSTR 1
| #define HAVE_COPY_FILE_RANGE 1
| #define HAVE_CTERMID 1
| #define HAVE_DUP 1
| #define HAVE_DUP3 1
| #define HAVE_EXECV 1
| #define HAVE_EXPLICIT_BZERO 1
| #define HAVE_FACCESSAT 1
| #define HAVE_FCHMOD 1
| #define HAVE_FCHMODAT 1
| #define HAVE_FCHOWN 1
| #define HAVE_FCHOWNAT 1
| #define HAVE_FDOPENDIR 1
| #define HAVE_FEXECVE 1
| #define HAVE_FORK 1
| #define HAVE_FPATHCONF 1
| #define HAVE_FSTATAT 1
| #define HAVE_FTIME 1
| #define HAVE_FTRUNCATE 1
| #define HAVE_FUTIMENS 1
| #define HAVE_FUTIMES 1
| #define HAVE_FUTIMESAT 1
| #define HAVE_GAI_STRERROR 1
| #define HAVE_GETEGID 1
| #define HAVE_GETEUID 1
| #define HAVE_GETGID 1
| #define HAVE_GETGRENT 1
| #define HAVE_GETGRGID 1
| #define HAVE_GETGRGID_R 1
| #define HAVE_GETGRNAM_R 1
| #define HAVE_GETGROUPLIST 1
| #define HAVE_GETHOSTNAME 1
| #define HAVE_GETITIMER 1
| #define HAVE_GETLOADAVG 1
| #define HAVE_GETLOGIN 1
| #define HAVE_GETPEERNAME 1
| #define HAVE_GETPGID 1
| #define HAVE_GETPID 1
| #define HAVE_GETPPID 1
| #define HAVE_GETPRIORITY 1
| #define HAVE_GETPWENT 1
| #define HAVE_GETPWNAM_R 1
| #define HAVE_GETPWUID 1
| #define HAVE_GETPWUID_R 1
| #define HAVE_GETRESGID 1
| #define HAVE_GETRESUID 1
| #define HAVE_GETRUSAGE 1
| #define HAVE_GETSID 1
| #define HAVE_GETSPENT 1
| #define HAVE_GETSPNAM 1
| #define HAVE_GETUID 1
| #define HAVE_GETWD 1
| #define HAVE_GRANTPT 1
| #define HAVE_IF_NAMEINDEX 1
| #define HAVE_INITGROUPS 1
| #define HAVE_KILL 1
| #define HAVE_KILLPG 1
| #define HAVE_LCHOWN 1
| #define HAVE_LINKAT 1
| #define HAVE_LOCKF 1
| #define HAVE_LSTAT 1
| #define HAVE_LUTIMES 1
| #define HAVE_MADVISE 1
| #define HAVE_MBRTOWC 1
| #define HAVE_MEMRCHR 1
| #define HAVE_MKDIRAT 1
| #define HAVE_MKFIFO 1
| #define HAVE_MKFIFOAT 1
| #define HAVE_MKNOD 1
| #define HAVE_MKNODAT 1
| #define HAVE_MKTIME 1
| #define HAVE_MMAP 1
| #define HAVE_MREMAP 1
| #define HAVE_NICE 1
| #define HAVE_OPENAT 1
| #define HAVE_OPENDIR 1
| #define HAVE_PATHCONF 1
| #define HAVE_PAUSE 1
| #define HAVE_PIPE 1
| #define HAVE_PIPE2 1
| #define HAVE_POLL 1
| #define HAVE_POSIX_FADVISE 1
| #define HAVE_POSIX_FALLOCATE 1
| #define HAVE_POSIX_OPENPT 1
| #define HAVE_POSIX_SPAWN 1
| #define HAVE_POSIX_SPAWNP 1
| #define HAVE_POSIX_SPAWN_FILE_ACTIONS_ADDCLOSEFROM_NP 1
| #define HAVE_PREAD 1
| #define HAVE_PREADV 1
| #define HAVE_PREADV2 1
| #define HAVE_PROCESS_VM_READV 1
| #define HAVE_PTHREAD_CONDATTR_SETCLOCK 1
| #define HAVE_PTHREAD_KILL 1
| #define HAVE_PTSNAME 1
| #define HAVE_PTSNAME_R 1
| #define HAVE_PWRITE 1
| #define HAVE_PWRITEV 1
| #define HAVE_PWRITEV2 1
| #define HAVE_READLINK 1
| #define HAVE_READLINKAT 1
| #define HAVE_READV 1
| #define HAVE_REALPATH 1
| #define HAVE_RENAMEAT 1
| #define HAVE_SCHED_GET_PRIORITY_MAX 1
| #define HAVE_SCHED_RR_GET_INTERVAL 1
| #define HAVE_SCHED_SETAFFINITY 1
| #define HAVE_SCHED_SETPARAM 1
| #define HAVE_SCHED_SETSCHEDULER 1
| #define HAVE_SEM_CLOCKWAIT 1
| #define HAVE_SEM_GETVALUE 1
| #define HAVE_SEM_OPEN 1
| #define HAVE_SEM_TIMEDWAIT 1
| #define HAVE_SEM_UNLINK 1
| #define HAVE_SENDFILE 1
| #define HAVE_SETEGID 1
| #define HAVE_SETEUID 1
| #define HAVE_SETGID 1
| #define HAVE_SETHOSTNAME 1
| #define HAVE_SETITIMER 1
| #define HAVE_SETLOCALE 1
| #define HAVE_SETPGID 1
| #define HAVE_SETPGRP 1
| #define HAVE_SETPRIORITY 1
| #define HAVE_SETREGID 1
| #define HAVE_SETRESGID 1
| #define HAVE_SETRESUID 1
| #define HAVE_SETREUID 1
| #define HAVE_SETSID 1
| #define HAVE_SETUID 1
| #define HAVE_SETVBUF 1
| #define HAVE_SHUTDOWN 1
| #define HAVE_SIGACTION 1
| #define HAVE_SIGALTSTACK 1
| #define HAVE_SIGFILLSET 1
| #define HAVE_SIGINTERRUPT 1
| #define HAVE_SIGPENDING 1
| #define HAVE_SIGRELSE 1
| #define HAVE_SIGTIMEDWAIT 1
| #define HAVE_SIGWAIT 1
| #define HAVE_SIGWAITINFO 1
| #define HAVE_SNPRINTF 1
| #define HAVE_SPLICE 1
| #define HAVE_STRFTIME 1
| #define HAVE_STRSIGNAL 1
| #define HAVE_SYMLINKAT 1
| #define HAVE_SYNC 1
| #define HAVE_SYSCONF 1
| #define HAVE_TCGETPGRP 1
| #define HAVE_TCSETPGRP 1
| #define HAVE_TEMPNAM 1
| #define HAVE_TIMEGM 1
| #define HAVE_TIMES 1
| #define HAVE_TMPFILE 1
| #define HAVE_TMPNAM 1
| #define HAVE_TMPNAM_R 1
| #define HAVE_TRUNCATE 1
| #define HAVE_TTYNAME_R 1
| #define HAVE_UMASK 1
| #define HAVE_UNAME 1
| #define HAVE_UNLINKAT 1
| #define HAVE_UNLOCKPT 1
| #define HAVE_UTIMENSAT 1
| #define HAVE_UTIMES 1
| #define HAVE_VFORK 1
| #define HAVE_WAIT 1
| #define HAVE_WAIT3 1
| #define HAVE_WAIT4 1
| #define HAVE_WAITID 1
| #define HAVE_WAITPID 1
| #define HAVE_WCSCOLL 1
| #define HAVE_WCSFTIME 1
| #define HAVE_WCSXFRM 1
| #define HAVE_WMEMCMP 1
| #define HAVE_WRITEV 1
| #define HAVE_GETENTROPY 1
| #define HAVE_GETGROUPS 1
| #define HAVE_SYSTEM 1
| #define HAVE_DIRFD 1
| #define HAVE_CHROOT 1
| #define HAVE_LINK 1
| #define HAVE_SYMLINK 1
| #define HAVE_FCHDIR 1
| #define HAVE_FSYNC 1
| #define HAVE_FDATASYNC 1
| #define HAVE_EPOLL 1
| #define HAVE_EPOLL_CREATE1 1
| #define HAVE_PRLIMIT 1
| #define HAVE_MEMFD_CREATE 1
| #define HAVE_EVENTFD 1
| #define HAVE_TIMERFD_CREATE 1
| #define HAVE_FLOCK 1
| #define HAVE_GETPAGESIZE 1
| #define HAVE_ZLIB_COPY 1
| #define HAVE_BZLIB_H 1
| #define HAVE_HSTRERROR 1
| #define HAVE_GETSERVBYNAME 1
| #define HAVE_GETSERVBYPORT 1
| #define HAVE_GETHOSTBYNAME 1
| #define HAVE_GETHOSTBYADDR 1
| #define HAVE_GETPROTOBYNAME 1
| #define HAVE_INET_ATON 1
| #define HAVE_INET_NTOA 1
| #define HAVE_INET_PTON 1
| #define HAVE_GETPEERNAME 1
| #define HAVE_GETSOCKNAME 1
| #define HAVE_ACCEPT 1
| #define HAVE_BIND 1
| #define HAVE_CONNECT 1
| #define HAVE_LISTEN 1
| #define HAVE_RECVFROM 1
| #define HAVE_SENDTO 1
| #define HAVE_SETSOCKOPT 1
| #define HAVE_SOCKET 1
| #define HAVE_SETGROUPS 1
| #define HAVE_OPENPTY 1
| #define HAVE_LOGIN_TTY 1
| #define HAVE_FORKPTY 1
| #define HAVE_FSEEKO 1
| #define HAVE_FSTATVFS 1
| #define HAVE_FTELLO 1
| #define HAVE_STATVFS 1
| #define HAVE_DUP2 1
| #define HAVE_GETPGRP 1
| #define HAVE_SETPGRP 1
| #define HAVE_SETNS 1
| #define HAVE_UNSHARE 1
| #define HAVE_CLOCK_GETTIME 1
| #define HAVE_CLOCK_GETRES 1
| #define HAVE_CLOCK_SETTIME 1
| #define HAVE_CLOCK_NANOSLEEP 1
| #define HAVE_NANOSLEEP 1
| #define HAVE_DEVICE_MACROS 1
| #define SYS_SELECT_WITH_SYS_TIME 1
| #define HAVE_GETADDRINFO 1
| #define HAVE_GETNAMEINFO 1
| #define HAVE_STRUCT_TM_TM_ZONE 1
| #define HAVE_TM_ZONE 1
| #define HAVE_STRUCT_STAT_ST_RDEV 1
| #define HAVE_STRUCT_STAT_ST_BLKSIZE 1
| #define HAVE_STRUCT_STAT_ST_BLOCKS 1
| #define HAVE_STRUCT_PASSWD_PW_GECOS 1
| #define HAVE_STRUCT_PASSWD_PW_PASSWD 1
| #define HAVE_SIGINFO_T_SI_BAND 1
| #define HAVE_ADDRINFO 1
| #define HAVE_SOCKADDR_STORAGE 1
| #define HAVE_SOCKADDR_ALG 1
| #define HAVE_PROTOTYPES 1
| #define HAVE_SOCKETPAIR 1
| #define HAVE_GETHOSTBYNAME_R 1
| #define HAVE_GETHOSTBYNAME_R 1
| #define HAVE_GETHOSTBYNAME_R_6_ARG 1
| #define HAVE_GCC_ASM_FOR_X64 1
| #define DOUBLE_IS_LITTLE_ENDIAN_IEEE754 1
| #define HAVE_GCC_ASM_FOR_X87 1
| #define HAVE_ACOSH 1
| #define HAVE_ASINH 1
| #define HAVE_ATANH 1
| #define HAVE_ERF 1
| #define HAVE_ERFC 1
| #define HAVE_EXPM1 1
| #define HAVE_LOG1P 1
| #define HAVE_LOG2 1
| #define HAVE_DECL_RTLD_LAZY 1
| #define HAVE_DECL_RTLD_NOW 1
| #define HAVE_DECL_RTLD_GLOBAL 1
| #define HAVE_DECL_RTLD_LOCAL 1
| #define HAVE_DECL_RTLD_NODELETE 1
| #define HAVE_DECL_RTLD_NOLOAD 1
| #define HAVE_DECL_RTLD_DEEPBIND 1
| #define HAVE_DECL_RTLD_MEMBER 0
| #define HAVE_WCHAR_H 1
| #define SIZEOF_WCHAR_T 4
| #define HAVE_GETC_UNLOCKED 1
| #define HAVE_RL_COMPLETION_APPEND_CHARACTER 1
| #define HAVE_RL_COMPLETION_SUPPRESS_APPEND 1
| #define HAVE_RL_PRE_INPUT_HOOK 1
| #define HAVE_RL_COMPLETION_DISPLAY_MATCHES_HOOK 1
| #define HAVE_RL_RESIZE_TERMINAL 1
| #define HAVE_RL_COMPLETION_MATCHES 1
| #define HAVE_RL_CATCH_SIGNAL 1
| #define HAVE_RL_APPEND_HISTORY 1
| #define HAVE_RL_COMPDISP_FUNC_T 1
| #define Py_RL_STARTUP_HOOK_TAKES_ARGS 1
| #define HAVE_WORKING_TZSET 1
| #define HAVE_STAT_TV_NSEC 1
| #define HAVE_NCURSESW 1
| #define HAVE_PANELW 1
| #define HAVE_NCURSESW_CURSES_H 1
| #define HAVE_NCURSESW_NCURSES_H 1
| #define HAVE_NCURSESW_PANEL_H 1
| /* end confdefs.h.  */
| #include <stddef.h>
| #ifdef HAVE_STDIO_H
| # include <stdio.h>
| #endif
| #ifdef HAVE_STDLIB_H
| # include <stdlib.h>
| #endif
| #ifdef HAVE_STRING_H
| # include <string.h>
| #endif
| #ifdef HAVE_INTTYPES_H
| # include <inttypes.h>
| #endif
| #ifdef HAVE_STDINT_H
| # include <stdint.h>
| #endif
| #ifdef HAVE_STRINGS_H
| # include <strings.h>
| #endif
| #ifdef HAVE_SYS_TYPES_H
| # include <sys/types.h>
| #endif
| #ifdef HAVE_SYS_STAT_H
| # include <sys/stat.h>
| #endif
| #ifdef HAVE_UNISTD_H
| # include <unistd.h>
| #endif
| #include <ncurses/ncurses.h>
configure:26306: result: no
configure:26312: checking for ncurses/panel.h
configure:26312: gcc -c   -D_DEFAULT_SOURCE -D_XOPEN_SOURCE=600 -D_DEFAULT_SOURCE -D_XOPEN_SOURCE=600 -D_DEFAULT_SOURCE -D_XOPEN_SOURCE=600 conftest.c >&5
conftest.c:6: warning: "_XOPEN_SOURCE" redefined
    6 | #define _XOPEN_SOURCE 700
      | 
<command-line>: note: this is the location of the previous definition
conftest.c:503:10: fatal error: ncurses/panel.h: No such file or directory
  503 | #include <ncurses/panel.h>
      |          ^~~~~~~~~~~~~~~~~
compilation terminated.
configure:26312: $? = 1
configure: failed program was:
| /* confdefs.h */
| #define _NETBSD_SOURCE 1
| #define __BSD_VISIBLE 1
| #define _DARWIN_C_SOURCE 1
| #define _PYTHONFRAMEWORK ""
| #define _XOPEN_SOURCE 700
| #define _XOPEN_SOURCE_EXTENDED 1
| #define _POSIX_C_SOURCE 200809L
| #define HAVE_STDIO_H 1
| #define HAVE_STDLIB_H 1
| #define HAVE_STRING_H 1
| #define HAVE_INTTYPES_H 1
| #define HAVE_STDINT_H 1
| #define HAVE_STRINGS_H 1
| #define HAVE_SYS_STAT_H 1
| #define HAVE_SYS_TYPES_H 1
| #define HAVE_UNISTD_H 1
| #define HAVE_WCHAR_H 1
| #define STDC_HEADERS 1
| #define _ALL_SOURCE 1
| #define _DARWIN_C_SOURCE 1
| #define _GNU_SOURCE 1
| #define _HPUX_ALT_XOPEN_SOCKET_API 1
| #define _NETBSD_SOURCE 1
| #define _OPENBSD_SOURCE 1
| #define _POSIX_PTHREAD_SEMANTICS 1
| #define __STDC_WANT_IEC_60559_ATTRIBS_EXT__ 1
| #define __STDC_WANT_IEC_60559_BFP_EXT__ 1
| #define __STDC_WANT_IEC_60559_DFP_EXT__ 1
| #define __STDC_WANT_IEC_60559_FUNCS_EXT__ 1
| #define __STDC_WANT_IEC_60559_TYPES_EXT__ 1
| #define __STDC_WANT_LIB_EXT2__ 1
| #define __STDC_WANT_MATH_SPEC_FUNCS__ 1
| #define _TANDEM_SOURCE 1
| #define __EXTENSIONS__ 1
| #define PY_SUPPORT_TIER 1
| #define STDC_HEADERS 1
| #define HAVE_ALLOCA_H 1
| #define HAVE_ASM_TYPES_H 1
| #define HAVE_DLFCN_H 1
| #define HAVE_ENDIAN_H 1
| #define HAVE_ERRNO_H 1
| #define HAVE_FCNTL_H 1
| #define HAVE_GRP_H 1
| #define HAVE_LANGINFO_H 1
| #define HAVE_LIBINTL_H 1
| #define HAVE_LINUX_AUXVEC_H 1
| #define HAVE_SYS_AUXV_H 1
| #define HAVE_LINUX_FS_H 1
| #define HAVE_LINUX_LIMITS_H 1
| #define HAVE_LINUX_MEMFD_H 1
| #define HAVE_LINUX_RANDOM_H 1
| #define HAVE_LINUX_SOUNDCARD_H 1
| #define HAVE_LINUX_TIPC_H 1
| #define HAVE_LINUX_WAIT_H 1
| #define HAVE_NETDB_H 1
| #define HAVE_NET_ETHERNET_H 1
| #define HAVE_NETINET_IN_H 1
| #define HAVE_NETPACKET_PACKET_H 1
| #define HAVE_POLL_H 1
| #define HAVE_PTHREAD_H 1
| #define HAVE_PTY_H 1
| #define HAVE_SCHED_H 1
| #define HAVE_SETJMP_H 1
| #define HAVE_SHADOW_H 1
| #define HAVE_SIGNAL_H 1
| #define HAVE_SPAWN_H 1
| #define HAVE_SYS_EPOLL_H 1
| #define HAVE_SYS_EVENTFD_H 1
| #define HAVE_SYS_FILE_H 1
| #define HAVE_SYS_IOCTL_H 1
| #define HAVE_SYS_MMAN_H 1
| #define HAVE_SYS_PARAM_H 1
| #define HAVE_SYS_POLL_H 1
| #define HAVE_SYS_RANDOM_H 1
| #define HAVE_SYS_RESOURCE_H 1
| #define HAVE_SYS_SELECT_H 1
| #define HAVE_SYS_SENDFILE_H 1
| #define HAVE_SYS_SOCKET_H 1
| #define HAVE_SYS_SOUNDCARD_H 1
| #define HAVE_SYS_STAT_H 1
| #define HAVE_SYS_STATVFS_H 1
| #define HAVE_SYS_SYSCALL_H 1
| #define HAVE_SYS_SYSMACROS_H 1
| #define HAVE_SYS_TIME_H 1
| #define HAVE_SYS_TIMES_H 1
| #define HAVE_SYS_TIMERFD_H 1
| #define HAVE_SYS_TYPES_H 1
| #define HAVE_SYS_UIO_H 1
| #define HAVE_SYS_UN_H 1
| #define HAVE_SYS_UTSNAME_H 1
| #define HAVE_SYS_WAIT_H 1
| #define HAVE_SYS_XATTR_H 1
| #define HAVE_SYSEXITS_H 1
| #define HAVE_SYSLOG_H 1
| #define HAVE_TERMIOS_H 1
| #define HAVE_UTIME_H 1
| #define HAVE_UTMP_H 1
| #define HAVE_DIRENT_H 1
| #define MAJOR_IN_SYSMACROS 1
| #define HAVE_NET_IF_H 1
| #define HAVE_LINUX_NETLINK_H 1
| #define HAVE_LINUX_QRTR_H 1
| #define HAVE_LINUX_VM_SOCKETS_H 1
| #define HAVE_LINUX_CAN_H 1
| #define HAVE_LINUX_CAN_BCM_H 1
| #define HAVE_LINUX_CAN_J1939_H 1
| #define HAVE_LINUX_CAN_RAW_H 1
| #define HAVE_CLOCK_T 1
| #define HAVE_MAKEDEV 1
| #define HAVE_HTOLE64 1
| #define _LARGEFILE_SOURCE 1
| #define _FILE_OFFSET_BITS 64
| #if defined(SCO_DS)
| #undef _OFF_T
| #endif
| #define RETSIGTYPE void
| #define HAVE_SSIZE_T 1
| #define HAVE___UINT128_T 1
| #define HAVE_GCC_UINT128_T 1
| #define SIZEOF_INT 4
| #define SIZEOF_LONG 8
| #define ALIGNOF_LONG 8
| #define SIZEOF_LONG_LONG 8
| #define SIZEOF_VOID_P 8
| #define SIZEOF_SHORT 2
| #define SIZEOF_FLOAT 4
| #define SIZEOF_DOUBLE 8
| #define SIZEOF_FPOS_T 16
| #define SIZEOF_SIZE_T 8
| #define ALIGNOF_SIZE_T 8
| #define SIZEOF_PID_T 4
| #define SIZEOF_UINTPTR_T 8
| #define ALIGNOF_MAX_ALIGN_T 16
| #define HAVE_LONG_DOUBLE 1
| #define SIZEOF_LONG_DOUBLE 16
| #define SIZEOF__BOOL 1
| #define SIZEOF_OFF_T 8
| #define SIZEOF_TIME_T 8
| #define SIZEOF_PTHREAD_T 8
| #define SIZEOF_PTHREAD_KEY_T 4
| #define PTHREAD_KEY_T_IS_COMPATIBLE_WITH_INT 1
| #define PY_HAVE_PERF_TRAMPOLINE 1
| #define HAVE_LIBDL 1
| #define HAVE_FFI_PREP_CIF_VAR 1
| #define HAVE_FFI_PREP_CLOSURE_LOC 1
| #define HAVE_FFI_CLOSURE_ALLOC 1
| #define WITH_DECIMAL_CONTEXTVAR 1
| #define HAVE_LIBSQLITE3 1
| #define HAVE_LIBSQLITE3 1
| #define HAVE_LIBSQLITE3 1
| #define HAVE_LIBSQLITE3 1
| #define HAVE_LIBSQLITE3 1
| #define HAVE_LIBSQLITE3 1
| #define HAVE_LIBSQLITE3 1
| #define HAVE_LIBSQLITE3 1
| #define HAVE_LIBSQLITE3 1
| #define PY_SQLITE_HAVE_SERIALIZE 1
| #define HAVE_GDBM_H 1
| #define _REENTRANT 1
| #define PTHREAD_SYSTEM_SCHED_SUPPORTED 1
| #define HAVE_PTHREAD_SIGMASK 1
| #define HAVE_PTHREAD_GETCPUCLOCKID 1
| #define ENABLE_IPV6 1
| #define HAVE_LINUX_CAN_RAW_FD_FRAMES 1
| #define HAVE_LINUX_CAN_RAW_JOIN_FILTERS 1
| #define WITH_DOC_STRINGS 1
| #define HAVE_STD_ATOMIC 1
| #define HAVE_BUILTIN_ATOMIC 1
| #define WITH_MIMALLOC 1
| #define WITH_PYMALLOC 1
| #define WITH_FREELISTS 1
| #define PY_COERCE_C_LOCALE 1
| #define HAVE_DLOPEN 1
| #define HAVE_DYNAMIC_LOADING 1
| #define HAVE_ACCEPT4 1
| #define HAVE_ALARM 1
| #define HAVE_BIND_TEXTDOMAIN_CODESET 1
| #define HAVE_CHMOD 1
| #define HAVE_CHOWN 1
| #define HAVE_CLOCK 1
| #define HAVE_CLOSEFROM 1
| #define HAVE_CLOSE_RANGE 1
| #define HAVE_CONFSTR 1
| #define HAVE_COPY_FILE_RANGE 1
| #define HAVE_CTERMID 1
| #define HAVE_DUP 1
| #define HAVE_DUP3 1
| #define HAVE_EXECV 1
| #define HAVE_EXPLICIT_BZERO 1
| #define HAVE_FACCESSAT 1
| #define HAVE_FCHMOD 1
| #define HAVE_FCHMODAT 1
| #define HAVE_FCHOWN 1
| #define HAVE_FCHOWNAT 1
| #define HAVE_FDOPENDIR 1
| #define HAVE_FEXECVE 1
| #define HAVE_FORK 1
| #define HAVE_FPATHCONF 1
| #define HAVE_FSTATAT 1
| #define HAVE_FTIME 1
| #define HAVE_FTRUNCATE 1
| #define HAVE_FUTIMENS 1
| #define HAVE_FUTIMES 1
| #define HAVE_FUTIMESAT 1
| #define HAVE_GAI_STRERROR 1
| #define HAVE_GETEGID 1
| #define HAVE_GETEUID 1
| #define HAVE_GETGID 1
| #define HAVE_GETGRENT 1
| #define HAVE_GETGRGID 1
| #define HAVE_GETGRGID_R 1
| #define HAVE_GETGRNAM_R 1
| #define HAVE_GETGROUPLIST 1
| #define HAVE_GETHOSTNAME 1
| #define HAVE_GETITIMER 1
| #define HAVE_GETLOADAVG 1
| #define HAVE_GETLOGIN 1
| #define HAVE_GETPEERNAME 1
| #define HAVE_GETPGID 1
| #define HAVE_GETPID 1
| #define HAVE_GETPPID 1
| #define HAVE_GETPRIORITY 1
| #define HAVE_GETPWENT 1
| #define HAVE_GETPWNAM_R 1
| #define HAVE_GETPWUID 1
| #define HAVE_GETPWUID_R 1
| #define HAVE_GETRESGID 1
| #define HAVE_GETRESUID 1
| #define HAVE_GETRUSAGE 1
| #define HAVE_GETSID 1
| #define HAVE_GETSPENT 1
| #define HAVE_GETSPNAM 1
| #define HAVE_GETUID 1
| #define HAVE_GETWD 1
| #define HAVE_GRANTPT 1
| #define HAVE_IF_NAMEINDEX 1
| #define HAVE_INITGROUPS 1
| #define HAVE_KILL 1
| #define HAVE_KILLPG 1
| #define HAVE_LCHOWN 1
| #define HAVE_LINKAT 1
| #define HAVE_LOCKF 1
| #define HAVE_LSTAT 1
| #define HAVE_LUTIMES 1
| #define HAVE_MADVISE 1
| #define HAVE_MBRTOWC 1
| #define HAVE_MEMRCHR 1
| #define HAVE_MKDIRAT 1
| #define HAVE_MKFIFO 1
| #define HAVE_MKFIFOAT 1
| #define HAVE_MKNOD 1
| #define HAVE_MKNODAT 1
| #define HAVE_MKTIME 1
| #define HAVE_MMAP 1
| #define HAVE_MREMAP 1
| #define HAVE_NICE 1
| #define HAVE_OPENAT 1
| #define HAVE_OPENDIR 1
| #define HAVE_PATHCONF 1
| #define HAVE_PAUSE 1
| #define HAVE_PIPE 1
| #define HAVE_PIPE2 1
| #define HAVE_POLL 1
| #define HAVE_POSIX_FADVISE 1
| #define HAVE_POSIX_FALLOCATE 1
| #define HAVE_POSIX_OPENPT 1
| #define HAVE_POSIX_SPAWN 1
| #define HAVE_POSIX_SPAWNP 1
| #define HAVE_POSIX_SPAWN_FILE_ACTIONS_ADDCLOSEFROM_NP 1
| #define HAVE_PREAD 1
| #define HAVE_PREADV 1
| #define HAVE_PREADV2 1
| #define HAVE_PROCESS_VM_READV 1
| #define HAVE_PTHREAD_CONDATTR_SETCLOCK 1
| #define HAVE_PTHREAD_KILL 1
| #define HAVE_PTSNAME 1
| #define HAVE_PTSNAME_R 1
| #define HAVE_PWRITE 1
| #define HAVE_PWRITEV 1
| #define HAVE_PWRITEV2 1
| #define HAVE_READLINK 1
| #define HAVE_READLINKAT 1
| #define HAVE_READV 1
| #define HAVE_REALPATH 1
| #define HAVE_RENAMEAT 1
| #define HAVE_SCHED_GET_PRIORITY_MAX 1
| #define HAVE_SCHED_RR_GET_INTERVAL 1
| #define HAVE_SCHED_SETAFFINITY 1
| #define HAVE_SCHED_SETPARAM 1
| #define HAVE_SCHED_SETSCHEDULER 1
| #define HAVE_SEM_CLOCKWAIT 1
| #define HAVE_SEM_GETVALUE 1
| #define HAVE_SEM_OPEN 1
| #define HAVE_SEM_TIMEDWAIT 1
| #define HAVE_SEM_UNLINK 1
| #define HAVE_SENDFILE 1
| #define HAVE_SETEGID 1
| #define HAVE_SETEUID 1
| #define HAVE_SETGID 1
| #define HAVE_SETHOSTNAME 1
| #define HAVE_SETITIMER 1
| #define HAVE_SETLOCALE 1
| #define HAVE_SETPGID 1
| #define HAVE_SETPGRP 1
| #define HAVE_SETPRIORITY 1
| #define HAVE_SETREGID 1
| #define HAVE_SETRESGID 1
| #define HAVE_SETRESUID 1
| #define HAVE_SETREUID 1
| #define HAVE_SETSID 1
| #define HAVE_SETUID 1
| #define HAVE_SETVBUF 1
| #define HAVE_SHUTDOWN 1
| #define HAVE_SIGACTION 1
| #define HAVE_SIGALTSTACK 1
| #define HAVE_SIGFILLSET 1
| #define HAVE_SIGINTERRUPT 1
| #define HAVE_SIGPENDING 1
| #define HAVE_SIGRELSE 1
| #define HAVE_SIGTIMEDWAIT 1
| #define HAVE_SIGWAIT 1
| #define HAVE_SIGWAITINFO 1
| #define HAVE_SNPRINTF 1
| #define HAVE_SPLICE 1
| #define HAVE_STRFTIME 1
| #define HAVE_STRSIGNAL 1
| #define HAVE_SYMLINKAT 1
| #define HAVE_SYNC 1
| #define HAVE_SYSCONF 1
| #define HAVE_TCGETPGRP 1
| #define HAVE_TCSETPGRP 1
| #define HAVE_TEMPNAM 1
| #define HAVE_TIMEGM 1
| #define HAVE_TIMES 1
| #define HAVE_TMPFILE 1
| #define HAVE_TMPNAM 1
| #define HAVE_TMPNAM_R 1
| #define HAVE_TRUNCATE 1
| #define HAVE_TTYNAME_R 1
| #define HAVE_UMASK 1
| #define HAVE_UNAME 1
| #define HAVE_UNLINKAT 1
| #define HAVE_UNLOCKPT 1
| #define HAVE_UTIMENSAT 1
| #define HAVE_UTIMES 1
| #define HAVE_VFORK 1
| #define HAVE_WAIT 1
| #define HAVE_WAIT3 1
| #define HAVE_WAIT4 1
| #define HAVE_WAITID 1
| #define HAVE_WAITPID 1
| #define HAVE_WCSCOLL 1
| #define HAVE_WCSFTIME 1
| #define HAVE_WCSXFRM 1
| #define HAVE_WMEMCMP 1
| #define HAVE_WRITEV 1
| #define HAVE_GETENTROPY 1
| #define HAVE_GETGROUPS 1
| #define HAVE_SYSTEM 1
| #define HAVE_DIRFD 1
| #define HAVE_CHROOT 1
| #define HAVE_LINK 1
| #define HAVE_SYMLINK 1
| #define HAVE_FCHDIR 1
| #define HAVE_FSYNC 1
| #define HAVE_FDATASYNC 1
| #define HAVE_EPOLL 1
| #define HAVE_EPOLL_CREATE1 1
| #define HAVE_PRLIMIT 1
| #define HAVE_MEMFD_CREATE 1
| #define HAVE_EVENTFD 1
| #define HAVE_TIMERFD_CREATE 1
| #define HAVE_FLOCK 1
| #define HAVE_GETPAGESIZE 1
| #define HAVE_ZLIB_COPY 1
| #define HAVE_BZLIB_H 1
| #define HAVE_HSTRERROR 1
| #define HAVE_GETSERVBYNAME 1
| #define HAVE_GETSERVBYPORT 1
| #define HAVE_GETHOSTBYNAME 1
| #define HAVE_GETHOSTBYADDR 1
| #define HAVE_GETPROTOBYNAME 1
| #define HAVE_INET_ATON 1
| #define HAVE_INET_NTOA 1
| #define HAVE_INET_PTON 1
| #define HAVE_GETPEERNAME 1
| #define HAVE_GETSOCKNAME 1
| #define HAVE_ACCEPT 1
| #define HAVE_BIND 1
| #define HAVE_CONNECT 1
| #define HAVE_LISTEN 1
| #define HAVE_RECVFROM 1
| #define HAVE_SENDTO 1
| #define HAVE_SETSOCKOPT 1
| #define HAVE_SOCKET 1
| #define HAVE_SETGROUPS 1
| #define HAVE_OPENPTY 1
| #define HAVE_LOGIN_TTY 1
| #define HAVE_FORKPTY 1
| #define HAVE_FSEEKO 1
| #define HAVE_FSTATVFS 1
| #define HAVE_FTELLO 1
| #define HAVE_STATVFS 1
| #define HAVE_DUP2 1
| #define HAVE_GETPGRP 1
| #define HAVE_SETPGRP 1
| #define HAVE_SETNS 1
| #define HAVE_UNSHARE 1
| #define HAVE_CLOCK_GETTIME 1
| #define HAVE_CLOCK_GETRES 1
| #define HAVE_CLOCK_SETTIME 1
| #define HAVE_CLOCK_NANOSLEEP 1
| #define HAVE_NANOSLEEP 1
| #define HAVE_DEVICE_MACROS 1
| #define SYS_SELECT_WITH_SYS_TIME 1
| #define HAVE_GETADDRINFO 1
| #define HAVE_GETNAMEINFO 1
| #define HAVE_STRUCT_TM_TM_ZONE 1
| #define HAVE_TM_ZONE 1
| #define HAVE_STRUCT_STAT_ST_RDEV 1
| #define HAVE_STRUCT_STAT_ST_BLKSIZE 1
| #define HAVE_STRUCT_STAT_ST_BLOCKS 1
| #define HAVE_STRUCT_PASSWD_PW_GECOS 1
| #define HAVE_STRUCT_PASSWD_PW_PASSWD 1
| #define HAVE_SIGINFO_T_SI_BAND 1
| #define HAVE_ADDRINFO 1
| #define HAVE_SOCKADDR_STORAGE 1
| #define HAVE_SOCKADDR_ALG 1
| #define HAVE_PROTOTYPES 1
| #define HAVE_SOCKETPAIR 1
| #define HAVE_GETHOSTBYNAME_R 1
| #define HAVE_GETHOSTBYNAME_R 1
| #define HAVE_GETHOSTBYNAME_R_6_ARG 1
| #define HAVE_GCC_ASM_FOR_X64 1
| #define DOUBLE_IS_LITTLE_ENDIAN_IEEE754 1
| #define HAVE_GCC_ASM_FOR_X87 1
| #define HAVE_ACOSH 1
| #define HAVE_ASINH 1
| #define HAVE_ATANH 1
| #define HAVE_ERF 1
| #define HAVE_ERFC 1
| #define HAVE_EXPM1 1
| #define HAVE_LOG1P 1
| #define HAVE_LOG2 1
| #define HAVE_DECL_RTLD_LAZY 1
| #define HAVE_DECL_RTLD_NOW 1
| #define HAVE_DECL_RTLD_GLOBAL 1
| #define HAVE_DECL_RTLD_LOCAL 1
| #define HAVE_DECL_RTLD_NODELETE 1
| #define HAVE_DECL_RTLD_NOLOAD 1
| #define HAVE_DECL_RTLD_DEEPBIND 1
| #define HAVE_DECL_RTLD_MEMBER 0
| #define HAVE_WCHAR_H 1
| #define SIZEOF_WCHAR_T 4
| #define HAVE_GETC_UNLOCKED 1
| #define HAVE_RL_COMPLETION_APPEND_CHARACTER 1
| #define HAVE_RL_COMPLETION_SUPPRESS_APPEND 1
| #define HAVE_RL_PRE_INPUT_HOOK 1
| #define HAVE_RL_COMPLETION_DISPLAY_MATCHES_HOOK 1
| #define HAVE_RL_RESIZE_TERMINAL 1
| #define HAVE_RL_COMPLETION_MATCHES 1
| #define HAVE_RL_CATCH_SIGNAL 1
| #define HAVE_RL_APPEND_HISTORY 1
| #define HAVE_RL_COMPDISP_FUNC_T 1
| #define Py_RL_STARTUP_HOOK_TAKES_ARGS 1
| #define HAVE_WORKING_TZSET 1
| #define HAVE_STAT_TV_NSEC 1
| #define HAVE_NCURSESW 1
| #define HAVE_PANELW 1
| #define HAVE_NCURSESW_CURSES_H 1
| #define HAVE_NCURSESW_NCURSES_H 1
| #define HAVE_NCURSESW_PANEL_H 1
| /* end confdefs.h.  */
| #include <stddef.h>
| #ifdef HAVE_STDIO_H
| # include <stdio.h>
| #endif
| #ifdef HAVE_STDLIB_H
| # include <stdlib.h>
| #endif
| #ifdef HAVE_STRING_H
| # include <string.h>
| #endif
| #ifdef HAVE_INTTYPES_H
| # include <inttypes.h>
| #endif
| #ifdef HAVE_STDINT_H
| # include <stdint.h>
| #endif
| #ifdef HAVE_STRINGS_H
| # include <strings.h>
| #endif
| #ifdef HAVE_SYS_TYPES_H
| # include <sys/types.h>
| #endif
| #ifdef HAVE_SYS_STAT_H
| # include <sys/stat.h>
| #endif
| #ifdef HAVE_UNISTD_H
| # include <unistd.h>
| #endif
| #include <ncurses/panel.h>
configure:26312: result: no
configure:26318: checking for curses.h
configure:26318: gcc -c   -D_DEFAULT_SOURCE -D_XOPEN_SOURCE=600 -D_DEFAULT_SOURCE -D_XOPEN_SOURCE=600 -D_DEFAULT_SOURCE -D_XOPEN_SOURCE=600 conftest.c >&5
conftest.c:6: warning: "_XOPEN_SOURCE" redefined
    6 | #define _XOPEN_SOURCE 700
      | 
<command-line>: note: this is the location of the previous definition
configure:26318: $? = 0
configure:26318: result: yes
configure:26324: checking for ncurses.h
configure:26324: gcc -c   -D_DEFAULT_SOURCE -D_XOPEN_SOURCE=600 -D_DEFAULT_SOURCE -D_XOPEN_SOURCE=600 -D_DEFAULT_SOURCE -D_XOPEN_SOURCE=600 conftest.c >&5
conftest.c:6: warning: "_XOPEN_SOURCE" redefined
    6 | #define _XOPEN_SOURCE 700
      | 
<command-line>: note: this is the location of the previous definition
configure:26324: $? = 0
configure:26324: result: yes
configure:26330: checking for panel.h
configure:26330: gcc -c   -D_DEFAULT_SOURCE -D_XOPEN_SOURCE=600 -D_DEFAULT_SOURCE -D_XOPEN_SOURCE=600 -D_DEFAULT_SOURCE -D_XOPEN_SOURCE=600 conftest.c >&5
conftest.c:6: warning: "_XOPEN_SOURCE" redefined
    6 | #define _XOPEN_SOURCE 700
      | 
<command-line>: note: this is the location of the previous definition
configure:26330: $? = 0
configure:26330: result: yes
configure:26341: checking for library containing initscr
configure:26371: gcc -o conftest   -D_DEFAULT_SOURCE -D_XOPEN_SOURCE=600 -D_DEFAULT_SOURCE -D_XOPEN_SOURCE=600 -D_DEFAULT_SOURCE -D_XOPEN_SOURCE=600  conftest.c -ldl  -lncursesw -ltinfo -lpanelw >&5
conftest.c:6: warning: "_XOPEN_SOURCE" redefined
    6 | #define _XOPEN_SOURCE 700
      | 
<command-line>: note: this is the location of the previous definition
configure:26371: $? = 0
configure:26391: result: none required
configure:26406: checking for library containing update_panels
configure:26436: gcc -o conftest   -D_DEFAULT_SOURCE -D_XOPEN_SOURCE=600 -D_DEFAULT_SOURCE -D_XOPEN_SOURCE=600 -D_DEFAULT_SOURCE -D_XOPEN_SOURCE=600  conftest.c -ldl  -lncursesw -ltinfo -lpanelw >&5
conftest.c:6: warning: "_XOPEN_SOURCE" redefined
    6 | #define _XOPEN_SOURCE 700
      | 
<command-line>: note: this is the location of the previous definition
configure:26436: $? = 0
configure:26456: result: none required
configure:26490: checking for term.h
configure:26490: gcc -c   -D_DEFAULT_SOURCE -D_XOPEN_SOURCE=600 -D_DEFAULT_SOURCE -D_XOPEN_SOURCE=600 -D_DEFAULT_SOURCE -D_XOPEN_SOURCE=600 conftest.c >&5
conftest.c:6: warning: "_XOPEN_SOURCE" redefined
    6 | #define _XOPEN_SOURCE 700
      | 
<command-line>: note: this is the location of the previous definition
configure:26490: $? = 0
configure:26490: result: yes
configure:26515: checking whether mvwdelch is an expression
configure:26550: gcc -c   -D_DEFAULT_SOURCE -D_XOPEN_SOURCE=600 -D_DEFAULT_SOURCE -D_XOPEN_SOURCE=600 -D_DEFAULT_SOURCE -D_XOPEN_SOURCE=600 conftest.c >&5
conftest.c:6: warning: "_XOPEN_SOURCE" redefined
    6 | #define _XOPEN_SOURCE 700
      | 
<command-line>: note: this is the location of the previous definition
configure:26550: $? = 0
configure:26558: result: yes
configure:26568: checking whether WINDOW has _flags
configure:26603: gcc -c   -D_DEFAULT_SOURCE -D_XOPEN_SOURCE=600 -D_DEFAULT_SOURCE -D_XOPEN_SOURCE=600 -D_DEFAULT_SOURCE -D_XOPEN_SOURCE=600 conftest.c >&5
conftest.c:6: warning: "_XOPEN_SOURCE" redefined
    6 | #define _XOPEN_SOURCE 700
      | 
<command-line>: note: this is the location of the previous definition
configure:26603: $? = 0
configure:26611: result: yes
configure:26626: checking for curses function is_pad
configure:26662: gcc -c   -D_DEFAULT_SOURCE -D_XOPEN_SOURCE=600 -D_DEFAULT_SOURCE -D_XOPEN_SOURCE=600 -D_DEFAULT_SOURCE -D_XOPEN_SOURCE=600 conftest.c >&5
conftest.c:6: warning: "_XOPEN_SOURCE" redefined
    6 | #define _XOPEN_SOURCE 700
      | 
<command-line>: note: this is the location of the previous definition
configure:26662: $? = 0
configure:26671: result: yes
configure:26684: checking for curses function is_term_resized
configure:26720: gcc -c   -D_DEFAULT_SOURCE -D_XOPEN_SOURCE=600 -D_DEFAULT_SOURCE -D_XOPEN_SOURCE=600 -D_DEFAULT_SOURCE -D_XOPEN_SOURCE=600 conftest.c >&5
conftest.c:6: warning: "_XOPEN_SOURCE" redefined
    6 | #define _XOPEN_SOURCE 700
      | 
<command-line>: note: this is the location of the previous definition
configure:26720: $? = 0
configure:26729: result: yes
configure:26742: checking for curses function resize_term
configure:26778: gcc -c   -D_DEFAULT_SOURCE -D_XOPEN_SOURCE=600 -D_DEFAULT_SOURCE -D_XOPEN_SOURCE=600 -D_DEFAULT_SOURCE -D_XOPEN_SOURCE=600 conftest.c >&5
conftest.c:6: warning: "_XOPEN_SOURCE" redefined
    6 | #define _XOPEN_SOURCE 700
      | 
<command-line>: note: this is the location of the previous definition
configure:26778: $? = 0
configure:26787: result: yes
configure:26800: checking for curses function resizeterm
configure:26836: gcc -c   -D_DEFAULT_SOURCE -D_XOPEN_SOURCE=600 -D_DEFAULT_SOURCE -D_XOPEN_SOURCE=600 -D_DEFAULT_SOURCE -D_XOPEN_SOURCE=600 conftest.c >&5
conftest.c:6: warning: "_XOPEN_SOURCE" redefined
    6 | #define _XOPEN_SOURCE 700
      | 
<command-line>: note: this is the location of the previous definition
configure:26836: $? = 0
configure:26845: result: yes
configure:26858: checking for curses function immedok
configure:26894: gcc -c   -D_DEFAULT_SOURCE -D_XOPEN_SOURCE=600 -D_DEFAULT_SOURCE -D_XOPEN_SOURCE=600 -D_DEFAULT_SOURCE -D_XOPEN_SOURCE=600 conftest.c >&5
conftest.c:6: warning: "_XOPEN_SOURCE" redefined
    6 | #define _XOPEN_SOURCE 700
      | 
<command-line>: note: this is the location of the previous definition
configure:26894: $? = 0
configure:26903: result: yes
configure:26916: checking for curses function syncok
configure:26952: gcc -c   -D_DEFAULT_SOURCE -D_XOPEN_SOURCE=600 -D_DEFAULT_SOURCE -D_XOPEN_SOURCE=600 -D_DEFAULT_SOURCE -D_XOPEN_SOURCE=600 conftest.c >&5
conftest.c:6: warning: "_XOPEN_SOURCE" redefined
    6 | #define _XOPEN_SOURCE 700
      | 
<command-line>: note: this is the location of the previous definition
configure:26952: $? = 0
configure:26961: result: yes
configure:26974: checking for curses function wchgat
configure:27010: gcc -c   -D_DEFAULT_SOURCE -D_XOPEN_SOURCE=600 -D_DEFAULT_SOURCE -D_XOPEN_SOURCE=600 -D_DEFAULT_SOURCE -D_XOPEN_SOURCE=600 conftest.c >&5
conftest.c:6: warning: "_XOPEN_SOURCE" redefined
    6 | #define _XOPEN_SOURCE 700
      | 
<command-line>: note: this is the location of the previous definition
configure:27010: $? = 0
configure:27019: result: yes
configure:27032: checking for curses function filter
configure:27068: gcc -c   -D_DEFAULT_SOURCE -D_XOPEN_SOURCE=600 -D_DEFAULT_SOURCE -D_XOPEN_SOURCE=600 -D_DEFAULT_SOURCE -D_XOPEN_SOURCE=600 conftest.c >&5
conftest.c:6: warning: "_XOPEN_SOURCE" redefined
    6 | #define _XOPEN_SOURCE 700
      | 
<command-line>: note: this is the location of the previous definition
configure:27068: $? = 0
configure:27077: result: yes
configure:27090: checking for curses function has_key
configure:27126: gcc -c   -D_DEFAULT_SOURCE -D_XOPEN_SOURCE=600 -D_DEFAULT_SOURCE -D_XOPEN_SOURCE=600 -D_DEFAULT_SOURCE -D_XOPEN_SOURCE=600 conftest.c >&5
conftest.c:6: warning: "_XOPEN_SOURCE" redefined
    6 | #define _XOPEN_SOURCE 700
      | 
<command-line>: note: this is the location of the previous definition
configure:27126: $? = 0
configure:27135: result: yes
configure:27148: checking for curses function typeahead
configure:27184: gcc -c   -D_DEFAULT_SOURCE -D_XOPEN_SOURCE=600 -D_DEFAULT_SOURCE -D_XOPEN_SOURCE=600 -D_DEFAULT_SOURCE -D_XOPEN_SOURCE=600 conftest.c >&5
conftest.c:6: warning: "_XOPEN_SOURCE" redefined
    6 | #define _XOPEN_SOURCE 700
      | 
<command-line>: note: this is the location of the previous definition
configure:27184: $? = 0
configure:27193: result: yes
configure:27206: checking for curses function use_env
configure:27242: gcc -c   -D_DEFAULT_SOURCE -D_XOPEN_SOURCE=600 -D_DEFAULT_SOURCE -D_XOPEN_SOURCE=600 -D_DEFAULT_SOURCE -D_XOPEN_SOURCE=600 conftest.c >&5
conftest.c:6: warning: "_XOPEN_SOURCE" redefined
    6 | #define _XOPEN_SOURCE 700
      | 
<command-line>: note: this is the location of the previous definition
configure:27242: $? = 0
configure:27251: result: yes
configure:27271: checking for device files
configure:27295: checking for /dev/ptmx
configure:27309: result: yes
configure:27321: checking for /dev/ptc
configure:27335: result: no
configure:27354: checking for socklen_t
configure:27354: gcc -c   conftest.c >&5
configure:27354: $? = 0
configure:27354: gcc -c   conftest.c >&5
conftest.c: In function 'main':
conftest.c:505:24: error: expected expression before ')' token
  505 | if (sizeof ((socklen_t)))
      |                        ^
configure:27354: $? = 1
configure: failed program was:
| /* confdefs.h */
| #define _NETBSD_SOURCE 1
| #define __BSD_VISIBLE 1
| #define _DARWIN_C_SOURCE 1
| #define _PYTHONFRAMEWORK ""
| #define _XOPEN_SOURCE 700
| #define _XOPEN_SOURCE_EXTENDED 1
| #define _POSIX_C_SOURCE 200809L
| #define HAVE_STDIO_H 1
| #define HAVE_STDLIB_H 1
| #define HAVE_STRING_H 1
| #define HAVE_INTTYPES_H 1
| #define HAVE_STDINT_H 1
| #define HAVE_STRINGS_H 1
| #define HAVE_SYS_STAT_H 1
| #define HAVE_SYS_TYPES_H 1
| #define HAVE_UNISTD_H 1
| #define HAVE_WCHAR_H 1
| #define STDC_HEADERS 1
| #define _ALL_SOURCE 1
| #define _DARWIN_C_SOURCE 1
| #define _GNU_SOURCE 1
| #define _HPUX_ALT_XOPEN_SOCKET_API 1
| #define _NETBSD_SOURCE 1
| #define _OPENBSD_SOURCE 1
| #define _POSIX_PTHREAD_SEMANTICS 1
| #define __STDC_WANT_IEC_60559_ATTRIBS_EXT__ 1
| #define __STDC_WANT_IEC_60559_BFP_EXT__ 1
| #define __STDC_WANT_IEC_60559_DFP_EXT__ 1
| #define __STDC_WANT_IEC_60559_FUNCS_EXT__ 1
| #define __STDC_WANT_IEC_60559_TYPES_EXT__ 1
| #define __STDC_WANT_LIB_EXT2__ 1
| #define __STDC_WANT_MATH_SPEC_FUNCS__ 1
| #define _TANDEM_SOURCE 1
| #define __EXTENSIONS__ 1
| #define PY_SUPPORT_TIER 1
| #define STDC_HEADERS 1
| #define HAVE_ALLOCA_H 1
| #define HAVE_ASM_TYPES_H 1
| #define HAVE_DLFCN_H 1
| #define HAVE_ENDIAN_H 1
| #define HAVE_ERRNO_H 1
| #define HAVE_FCNTL_H 1
| #define HAVE_GRP_H 1
| #define HAVE_LANGINFO_H 1
| #define HAVE_LIBINTL_H 1
| #define HAVE_LINUX_AUXVEC_H 1
| #define HAVE_SYS_AUXV_H 1
| #define HAVE_LINUX_FS_H 1
| #define HAVE_LINUX_LIMITS_H 1
| #define HAVE_LINUX_MEMFD_H 1
| #define HAVE_LINUX_RANDOM_H 1
| #define HAVE_LINUX_SOUNDCARD_H 1
| #define HAVE_LINUX_TIPC_H 1
| #define HAVE_LINUX_WAIT_H 1
| #define HAVE_NETDB_H 1
| #define HAVE_NET_ETHERNET_H 1
| #define HAVE_NETINET_IN_H 1
| #define HAVE_NETPACKET_PACKET_H 1
| #define HAVE_POLL_H 1
| #define HAVE_PTHREAD_H 1
| #define HAVE_PTY_H 1
| #define HAVE_SCHED_H 1
| #define HAVE_SETJMP_H 1
| #define HAVE_SHADOW_H 1
| #define HAVE_SIGNAL_H 1
| #define HAVE_SPAWN_H 1
| #define HAVE_SYS_EPOLL_H 1
| #define HAVE_SYS_EVENTFD_H 1
| #define HAVE_SYS_FILE_H 1
| #define HAVE_SYS_IOCTL_H 1
| #define HAVE_SYS_MMAN_H 1
| #define HAVE_SYS_PARAM_H 1
| #define HAVE_SYS_POLL_H 1
| #define HAVE_SYS_RANDOM_H 1
| #define HAVE_SYS_RESOURCE_H 1
| #define HAVE_SYS_SELECT_H 1
| #define HAVE_SYS_SENDFILE_H 1
| #define HAVE_SYS_SOCKET_H 1
| #define HAVE_SYS_SOUNDCARD_H 1
| #define HAVE_SYS_STAT_H 1
| #define HAVE_SYS_STATVFS_H 1
| #define HAVE_SYS_SYSCALL_H 1
| #define HAVE_SYS_SYSMACROS_H 1
| #define HAVE_SYS_TIME_H 1
| #define HAVE_SYS_TIMES_H 1
| #define HAVE_SYS_TIMERFD_H 1
| #define HAVE_SYS_TYPES_H 1
| #define HAVE_SYS_UIO_H 1
| #define HAVE_SYS_UN_H 1
| #define HAVE_SYS_UTSNAME_H 1
| #define HAVE_SYS_WAIT_H 1
| #define HAVE_SYS_XATTR_H 1
| #define HAVE_SYSEXITS_H 1
| #define HAVE_SYSLOG_H 1
| #define HAVE_TERMIOS_H 1
| #define HAVE_UTIME_H 1
| #define HAVE_UTMP_H 1
| #define HAVE_DIRENT_H 1
| #define MAJOR_IN_SYSMACROS 1
| #define HAVE_NET_IF_H 1
| #define HAVE_LINUX_NETLINK_H 1
| #define HAVE_LINUX_QRTR_H 1
| #define HAVE_LINUX_VM_SOCKETS_H 1
| #define HAVE_LINUX_CAN_H 1
| #define HAVE_LINUX_CAN_BCM_H 1
| #define HAVE_LINUX_CAN_J1939_H 1
| #define HAVE_LINUX_CAN_RAW_H 1
| #define HAVE_CLOCK_T 1
| #define HAVE_MAKEDEV 1
| #define HAVE_HTOLE64 1
| #define _LARGEFILE_SOURCE 1
| #define _FILE_OFFSET_BITS 64
| #if defined(SCO_DS)
| #undef _OFF_T
| #endif
| #define RETSIGTYPE void
| #define HAVE_SSIZE_T 1
| #define HAVE___UINT128_T 1
| #define HAVE_GCC_UINT128_T 1
| #define SIZEOF_INT 4
| #define SIZEOF_LONG 8
| #define ALIGNOF_LONG 8
| #define SIZEOF_LONG_LONG 8
| #define SIZEOF_VOID_P 8
| #define SIZEOF_SHORT 2
| #define SIZEOF_FLOAT 4
| #define SIZEOF_DOUBLE 8
| #define SIZEOF_FPOS_T 16
| #define SIZEOF_SIZE_T 8
| #define ALIGNOF_SIZE_T 8
| #define SIZEOF_PID_T 4
| #define SIZEOF_UINTPTR_T 8
| #define ALIGNOF_MAX_ALIGN_T 16
| #define HAVE_LONG_DOUBLE 1
| #define SIZEOF_LONG_DOUBLE 16
| #define SIZEOF__BOOL 1
| #define SIZEOF_OFF_T 8
| #define SIZEOF_TIME_T 8
| #define SIZEOF_PTHREAD_T 8
| #define SIZEOF_PTHREAD_KEY_T 4
| #define PTHREAD_KEY_T_IS_COMPATIBLE_WITH_INT 1
| #define PY_HAVE_PERF_TRAMPOLINE 1
| #define HAVE_LIBDL 1
| #define HAVE_FFI_PREP_CIF_VAR 1
| #define HAVE_FFI_PREP_CLOSURE_LOC 1
| #define HAVE_FFI_CLOSURE_ALLOC 1
| #define WITH_DECIMAL_CONTEXTVAR 1
| #define HAVE_LIBSQLITE3 1
| #define HAVE_LIBSQLITE3 1
| #define HAVE_LIBSQLITE3 1
| #define HAVE_LIBSQLITE3 1
| #define HAVE_LIBSQLITE3 1
| #define HAVE_LIBSQLITE3 1
| #define HAVE_LIBSQLITE3 1
| #define HAVE_LIBSQLITE3 1
| #define HAVE_LIBSQLITE3 1
| #define PY_SQLITE_HAVE_SERIALIZE 1
| #define HAVE_GDBM_H 1
| #define _REENTRANT 1
| #define PTHREAD_SYSTEM_SCHED_SUPPORTED 1
| #define HAVE_PTHREAD_SIGMASK 1
| #define HAVE_PTHREAD_GETCPUCLOCKID 1
| #define ENABLE_IPV6 1
| #define HAVE_LINUX_CAN_RAW_FD_FRAMES 1
| #define HAVE_LINUX_CAN_RAW_JOIN_FILTERS 1
| #define WITH_DOC_STRINGS 1
| #define HAVE_STD_ATOMIC 1
| #define HAVE_BUILTIN_ATOMIC 1
| #define WITH_MIMALLOC 1
| #define WITH_PYMALLOC 1
| #define WITH_FREELISTS 1
| #define PY_COERCE_C_LOCALE 1
| #define HAVE_DLOPEN 1
| #define HAVE_DYNAMIC_LOADING 1
| #define HAVE_ACCEPT4 1
| #define HAVE_ALARM 1
| #define HAVE_BIND_TEXTDOMAIN_CODESET 1
| #define HAVE_CHMOD 1
| #define HAVE_CHOWN 1
| #define HAVE_CLOCK 1
| #define HAVE_CLOSEFROM 1
| #define HAVE_CLOSE_RANGE 1
| #define HAVE_CONFSTR 1
| #define HAVE_COPY_FILE_RANGE 1
| #define HAVE_CTERMID 1
| #define HAVE_DUP 1
| #define HAVE_DUP3 1
| #define HAVE_EXECV 1
| #define HAVE_EXPLICIT_BZERO 1
| #define HAVE_FACCESSAT 1
| #define HAVE_FCHMOD 1
| #define HAVE_FCHMODAT 1
| #define HAVE_FCHOWN 1
| #define HAVE_FCHOWNAT 1
| #define HAVE_FDOPENDIR 1
| #define HAVE_FEXECVE 1
| #define HAVE_FORK 1
| #define HAVE_FPATHCONF 1
| #define HAVE_FSTATAT 1
| #define HAVE_FTIME 1
| #define HAVE_FTRUNCATE 1
| #define HAVE_FUTIMENS 1
| #define HAVE_FUTIMES 1
| #define HAVE_FUTIMESAT 1
| #define HAVE_GAI_STRERROR 1
| #define HAVE_GETEGID 1
| #define HAVE_GETEUID 1
| #define HAVE_GETGID 1
| #define HAVE_GETGRENT 1
| #define HAVE_GETGRGID 1
| #define HAVE_GETGRGID_R 1
| #define HAVE_GETGRNAM_R 1
| #define HAVE_GETGROUPLIST 1
| #define HAVE_GETHOSTNAME 1
| #define HAVE_GETITIMER 1
| #define HAVE_GETLOADAVG 1
| #define HAVE_GETLOGIN 1
| #define HAVE_GETPEERNAME 1
| #define HAVE_GETPGID 1
| #define HAVE_GETPID 1
| #define HAVE_GETPPID 1
| #define HAVE_GETPRIORITY 1
| #define HAVE_GETPWENT 1
| #define HAVE_GETPWNAM_R 1
| #define HAVE_GETPWUID 1
| #define HAVE_GETPWUID_R 1
| #define HAVE_GETRESGID 1
| #define HAVE_GETRESUID 1
| #define HAVE_GETRUSAGE 1
| #define HAVE_GETSID 1
| #define HAVE_GETSPENT 1
| #define HAVE_GETSPNAM 1
| #define HAVE_GETUID 1
| #define HAVE_GETWD 1
| #define HAVE_GRANTPT 1
| #define HAVE_IF_NAMEINDEX 1
| #define HAVE_INITGROUPS 1
| #define HAVE_KILL 1
| #define HAVE_KILLPG 1
| #define HAVE_LCHOWN 1
| #define HAVE_LINKAT 1
| #define HAVE_LOCKF 1
| #define HAVE_LSTAT 1
| #define HAVE_LUTIMES 1
| #define HAVE_MADVISE 1
| #define HAVE_MBRTOWC 1
| #define HAVE_MEMRCHR 1
| #define HAVE_MKDIRAT 1
| #define HAVE_MKFIFO 1
| #define HAVE_MKFIFOAT 1
| #define HAVE_MKNOD 1
| #define HAVE_MKNODAT 1
| #define HAVE_MKTIME 1
| #define HAVE_MMAP 1
| #define HAVE_MREMAP 1
| #define HAVE_NICE 1
| #define HAVE_OPENAT 1
| #define HAVE_OPENDIR 1
| #define HAVE_PATHCONF 1
| #define HAVE_PAUSE 1
| #define HAVE_PIPE 1
| #define HAVE_PIPE2 1
| #define HAVE_POLL 1
| #define HAVE_POSIX_FADVISE 1
| #define HAVE_POSIX_FALLOCATE 1
| #define HAVE_POSIX_OPENPT 1
| #define HAVE_POSIX_SPAWN 1
| #define HAVE_POSIX_SPAWNP 1
| #define HAVE_POSIX_SPAWN_FILE_ACTIONS_ADDCLOSEFROM_NP 1
| #define HAVE_PREAD 1
| #define HAVE_PREADV 1
| #define HAVE_PREADV2 1
| #define HAVE_PROCESS_VM_READV 1
| #define HAVE_PTHREAD_CONDATTR_SETCLOCK 1
| #define HAVE_PTHREAD_KILL 1
| #define HAVE_PTSNAME 1
| #define HAVE_PTSNAME_R 1
| #define HAVE_PWRITE 1
| #define HAVE_PWRITEV 1
| #define HAVE_PWRITEV2 1
| #define HAVE_READLINK 1
| #define HAVE_READLINKAT 1
| #define HAVE_READV 1
| #define HAVE_REALPATH 1
| #define HAVE_RENAMEAT 1
| #define HAVE_SCHED_GET_PRIORITY_MAX 1
| #define HAVE_SCHED_RR_GET_INTERVAL 1
| #define HAVE_SCHED_SETAFFINITY 1
| #define HAVE_SCHED_SETPARAM 1
| #define HAVE_SCHED_SETSCHEDULER 1
| #define HAVE_SEM_CLOCKWAIT 1
| #define HAVE_SEM_GETVALUE 1
| #define HAVE_SEM_OPEN 1
| #define HAVE_SEM_TIMEDWAIT 1
| #define HAVE_SEM_UNLINK 1
| #define HAVE_SENDFILE 1
| #define HAVE_SETEGID 1
| #define HAVE_SETEUID 1
| #define HAVE_SETGID 1
| #define HAVE_SETHOSTNAME 1
| #define HAVE_SETITIMER 1
| #define HAVE_SETLOCALE 1
| #define HAVE_SETPGID 1
| #define HAVE_SETPGRP 1
| #define HAVE_SETPRIORITY 1
| #define HAVE_SETREGID 1
| #define HAVE_SETRESGID 1
| #define HAVE_SETRESUID 1
| #define HAVE_SETREUID 1
| #define HAVE_SETSID 1
| #define HAVE_SETUID 1
| #define HAVE_SETVBUF 1
| #define HAVE_SHUTDOWN 1
| #define HAVE_SIGACTION 1
| #define HAVE_SIGALTSTACK 1
| #define HAVE_SIGFILLSET 1
| #define HAVE_SIGINTERRUPT 1
| #define HAVE_SIGPENDING 1
| #define HAVE_SIGRELSE 1
| #define HAVE_SIGTIMEDWAIT 1
| #define HAVE_SIGWAIT 1
| #define HAVE_SIGWAITINFO 1
| #define HAVE_SNPRINTF 1
| #define HAVE_SPLICE 1
| #define HAVE_STRFTIME 1
| #define HAVE_STRSIGNAL 1
| #define HAVE_SYMLINKAT 1
| #define HAVE_SYNC 1
| #define HAVE_SYSCONF 1
| #define HAVE_TCGETPGRP 1
| #define HAVE_TCSETPGRP 1
| #define HAVE_TEMPNAM 1
| #define HAVE_TIMEGM 1
| #define HAVE_TIMES 1
| #define HAVE_TMPFILE 1
| #define HAVE_TMPNAM 1
| #define HAVE_TMPNAM_R 1
| #define HAVE_TRUNCATE 1
| #define HAVE_TTYNAME_R 1
| #define HAVE_UMASK 1
| #define HAVE_UNAME 1
| #define HAVE_UNLINKAT 1
| #define HAVE_UNLOCKPT 1
| #define HAVE_UTIMENSAT 1
| #define HAVE_UTIMES 1
| #define HAVE_VFORK 1
| #define HAVE_WAIT 1
| #define HAVE_WAIT3 1
| #define HAVE_WAIT4 1
| #define HAVE_WAITID 1
| #define HAVE_WAITPID 1
| #define HAVE_WCSCOLL 1
| #define HAVE_WCSFTIME 1
| #define HAVE_WCSXFRM 1
| #define HAVE_WMEMCMP 1
| #define HAVE_WRITEV 1
| #define HAVE_GETENTROPY 1
| #define HAVE_GETGROUPS 1
| #define HAVE_SYSTEM 1
| #define HAVE_DIRFD 1
| #define HAVE_CHROOT 1
| #define HAVE_LINK 1
| #define HAVE_SYMLINK 1
| #define HAVE_FCHDIR 1
| #define HAVE_FSYNC 1
| #define HAVE_FDATASYNC 1
| #define HAVE_EPOLL 1
| #define HAVE_EPOLL_CREATE1 1
| #define HAVE_PRLIMIT 1
| #define HAVE_MEMFD_CREATE 1
| #define HAVE_EVENTFD 1
| #define HAVE_TIMERFD_CREATE 1
| #define HAVE_FLOCK 1
| #define HAVE_GETPAGESIZE 1
| #define HAVE_ZLIB_COPY 1
| #define HAVE_BZLIB_H 1
| #define HAVE_HSTRERROR 1
| #define HAVE_GETSERVBYNAME 1
| #define HAVE_GETSERVBYPORT 1
| #define HAVE_GETHOSTBYNAME 1
| #define HAVE_GETHOSTBYADDR 1
| #define HAVE_GETPROTOBYNAME 1
| #define HAVE_INET_ATON 1
| #define HAVE_INET_NTOA 1
| #define HAVE_INET_PTON 1
| #define HAVE_GETPEERNAME 1
| #define HAVE_GETSOCKNAME 1
| #define HAVE_ACCEPT 1
| #define HAVE_BIND 1
| #define HAVE_CONNECT 1
| #define HAVE_LISTEN 1
| #define HAVE_RECVFROM 1
| #define HAVE_SENDTO 1
| #define HAVE_SETSOCKOPT 1
| #define HAVE_SOCKET 1
| #define HAVE_SETGROUPS 1
| #define HAVE_OPENPTY 1
| #define HAVE_LOGIN_TTY 1
| #define HAVE_FORKPTY 1
| #define HAVE_FSEEKO 1
| #define HAVE_FSTATVFS 1
| #define HAVE_FTELLO 1
| #define HAVE_STATVFS 1
| #define HAVE_DUP2 1
| #define HAVE_GETPGRP 1
| #define HAVE_SETPGRP 1
| #define HAVE_SETNS 1
| #define HAVE_UNSHARE 1
| #define HAVE_CLOCK_GETTIME 1
| #define HAVE_CLOCK_GETRES 1
| #define HAVE_CLOCK_SETTIME 1
| #define HAVE_CLOCK_NANOSLEEP 1
| #define HAVE_NANOSLEEP 1
| #define HAVE_DEVICE_MACROS 1
| #define SYS_SELECT_WITH_SYS_TIME 1
| #define HAVE_GETADDRINFO 1
| #define HAVE_GETNAMEINFO 1
| #define HAVE_STRUCT_TM_TM_ZONE 1
| #define HAVE_TM_ZONE 1
| #define HAVE_STRUCT_STAT_ST_RDEV 1
| #define HAVE_STRUCT_STAT_ST_BLKSIZE 1
| #define HAVE_STRUCT_STAT_ST_BLOCKS 1
| #define HAVE_STRUCT_PASSWD_PW_GECOS 1
| #define HAVE_STRUCT_PASSWD_PW_PASSWD 1
| #define HAVE_SIGINFO_T_SI_BAND 1
| #define HAVE_ADDRINFO 1
| #define HAVE_SOCKADDR_STORAGE 1
| #define HAVE_SOCKADDR_ALG 1
| #define HAVE_PROTOTYPES 1
| #define HAVE_SOCKETPAIR 1
| #define HAVE_GETHOSTBYNAME_R 1
| #define HAVE_GETHOSTBYNAME_R 1
| #define HAVE_GETHOSTBYNAME_R_6_ARG 1
| #define HAVE_GCC_ASM_FOR_X64 1
| #define DOUBLE_IS_LITTLE_ENDIAN_IEEE754 1
| #define HAVE_GCC_ASM_FOR_X87 1
| #define HAVE_ACOSH 1
| #define HAVE_ASINH 1
| #define HAVE_ATANH 1
| #define HAVE_ERF 1
| #define HAVE_ERFC 1
| #define HAVE_EXPM1 1
| #define HAVE_LOG1P 1
| #define HAVE_LOG2 1
| #define HAVE_DECL_RTLD_LAZY 1
| #define HAVE_DECL_RTLD_NOW 1
| #define HAVE_DECL_RTLD_GLOBAL 1
| #define HAVE_DECL_RTLD_LOCAL 1
| #define HAVE_DECL_RTLD_NODELETE 1
| #define HAVE_DECL_RTLD_NOLOAD 1
| #define HAVE_DECL_RTLD_DEEPBIND 1
| #define HAVE_DECL_RTLD_MEMBER 0
| #define HAVE_WCHAR_H 1
| #define SIZEOF_WCHAR_T 4
| #define HAVE_GETC_UNLOCKED 1
| #define HAVE_RL_COMPLETION_APPEND_CHARACTER 1
| #define HAVE_RL_COMPLETION_SUPPRESS_APPEND 1
| #define HAVE_RL_PRE_INPUT_HOOK 1
| #define HAVE_RL_COMPLETION_DISPLAY_MATCHES_HOOK 1
| #define HAVE_RL_RESIZE_TERMINAL 1
| #define HAVE_RL_COMPLETION_MATCHES 1
| #define HAVE_RL_CATCH_SIGNAL 1
| #define HAVE_RL_APPEND_HISTORY 1
| #define HAVE_RL_COMPDISP_FUNC_T 1
| #define Py_RL_STARTUP_HOOK_TAKES_ARGS 1
| #define HAVE_WORKING_TZSET 1
| #define HAVE_STAT_TV_NSEC 1
| #define HAVE_NCURSESW 1
| #define HAVE_PANELW 1
| #define HAVE_NCURSESW_CURSES_H 1
| #define HAVE_NCURSESW_NCURSES_H 1
| #define HAVE_NCURSESW_PANEL_H 1
| #define HAVE_CURSES_H 1
| #define HAVE_NCURSES_H 1
| #define HAVE_PANEL_H 1
| #define HAVE_TERM_H 1
| #define MVWDELCH_IS_EXPRESSION 1
| #define WINDOW_HAS_FLAGS 1
| #define HAVE_CURSES_IS_PAD 1
| #define HAVE_CURSES_IS_TERM_RESIZED 1
| #define HAVE_CURSES_RESIZE_TERM 1
| #define HAVE_CURSES_RESIZETERM 1
| #define HAVE_CURSES_IMMEDOK 1
| #define HAVE_CURSES_SYNCOK 1
| #define HAVE_CURSES_WCHGAT 1
| #define HAVE_CURSES_FILTER 1
| #define HAVE_CURSES_HAS_KEY 1
| #define HAVE_CURSES_TYPEAHEAD 1
| #define HAVE_CURSES_USE_ENV 1
| #define HAVE_DEV_PTMX 1
| /* end confdefs.h.  */
| 
| #ifdef HAVE_SYS_TYPES_H
| #include <sys/types.h>
| #endif
| #ifdef HAVE_SYS_SOCKET_H
| #include <sys/socket.h>
| #endif
| 
| 
| int
| main (void)
| {
| if (sizeof ((socklen_t)))
| 	    return 0;
|   ;
|   return 0;
| }
configure:27354: result: yes
configure:27376: checking for broken mbstowcs
configure:27400: gcc -o conftest    conftest.c -ldl  >&5
configure:27400: $? = 0
configure:27400: ./conftest
configure:27400: $? = 0
configure:27411: result: no
configure:27421: checking for --with-computed-gotos
configure:27446: result: no value specified
configure:27451: checking whether gcc supports computed gotos
configure:27480: gcc -o conftest    conftest.c -ldl  >&5
configure:27480: $? = 0
configure:27480: ./conftest
configure:27480: $? = 0
configure:27491: result: yes
configure:27541: checking for build directories
configure:27548: result: done
configure:27552: checking for -O2
configure:27572: gcc -c -O2  conftest.c >&5
configure:27572: $? = 0
configure:27582: result: yes
configure:27587: checking for glibc _FORTIFY_SOURCE/memmove bug
configure:27617: gcc -o conftest -O2 -D_FORTIFY_SOURCE=2   conftest.c -ldl  >&5
configure:27617: $? = 0
configure:27617: ./conftest
configure:27617: $? = 0
configure:27628: result: no
configure:27642: checking for gcc ipa-pure-const bug
configure:27670: gcc -o conftest -O2   conftest.c -ldl  >&5
configure:27670: $? = 0
configure:27670: ./conftest
configure:27670: $? = 0
configure:27681: result: no
configure:27693: checking for ensurepip
configure:27726: result: upgrade
configure:27731: checking if the dirent structure of a d_type field
configure:27751: gcc -o conftest    conftest.c -ldl  >&5
configure:27751: $? = 0
configure:27761: result: yes
configure:27774: checking for the Linux getrandom() syscall
configure:27801: gcc -o conftest    conftest.c -ldl  >&5
configure:27801: $? = 0
configure:27811: result: yes
configure:27825: checking for the getrandom() function
configure:27850: gcc -o conftest    conftest.c -ldl  >&5
configure:27850: $? = 0
configure:27860: result: yes
configure:27881: checking for library containing shm_open
configure:27911: gcc -o conftest    conftest.c -ldl  >&5
configure:27911: $? = 0
configure:27931: result: none required
configure:27958: checking for shm_open
configure:27958: gcc -o conftest    conftest.c -ldl  >&5
configure:27958: $? = 0
configure:27958: result: yes
configure:27958: checking for shm_unlink
configure:27958: gcc -o conftest    conftest.c -ldl  >&5
configure:27958: $? = 0
configure:27958: result: yes
configure:28047: checking for pkg-config
configure:28079: result: /usr/bin/pkg-config
configure:28149: checking whether compiling and linking against OpenSSL works
Trying link with OPENSSL_LDFLAGS=; OPENSSL_LIBS=-lssl -lcrypto; OPENSSL_INCLUDES=
configure:28171: gcc -o conftest      conftest.c -lssl -lcrypto -ldl  >&5
configure:28171: $? = 0
configure:28174: result: yes
configure:28213: checking for --with-openssl-rpath
configure:28254: result: 
configure:28307: checking whether OpenSSL provides required ssl module APIs
configure:28340: gcc -o conftest       conftest.c -ldl  -lssl -lcrypto >&5
configure:28340: $? = 0
configure:28350: result: yes
configure:28370: checking whether OpenSSL provides required hashlib module APIs
configure:28400: gcc -o conftest       conftest.c -ldl   -lcrypto >&5
configure:28400: $? = 0
configure:28410: result: yes
configure:28424: checking for --with-ssl-default-suites
configure:28452: result: python
configure:28462: checking for --with-builtin-hashlib-hashes
configure:28484: result: md5,sha1,sha2,sha3,blake2
configure:28516: checking for libb2
configure:28523: $PKG_CONFIG --exists --print-errors "libb2"
Package libb2 was not found in the pkg-config search path.
Perhaps you should add the directory containing `libb2.pc'
to the PKG_CONFIG_PATH environment variable
No package 'libb2' found
configure:28526: $? = 1
configure:28540: $PKG_CONFIG --exists --print-errors "libb2"
Package libb2 was not found in the pkg-config search path.
Perhaps you should add the directory containing `libb2.pc'
to the PKG_CONFIG_PATH environment variable
No package 'libb2' found
configure:28543: $? = 1
configure:28557: result: no
No package 'libb2' found
configure:28595: checking for --disable-test-modules
configure:28620: result: yes
configure:28641: checking whether libatomic is needed by <pyatomic.h>
configure:28687: gcc -o conftest   -I. -I./Include   conftest.c -ldl  >&5
configure:28687: $? = 0
configure:28696: result: no
configure:29331: checking for stdlib extension module _multiprocessing
configure:29365: result: yes
configure:29369: checking for stdlib extension module _posixshmem
configure:29403: result: yes
configure:29498: checking for stdlib extension module fcntl
configure:29532: result: yes
configure:29536: checking for stdlib extension module mmap
configure:29570: result: yes
configure:29574: checking for stdlib extension module _socket
configure:29608: result: yes
configure:29613: checking for stdlib extension module grp
configure:29648: result: yes
configure:29652: checking for stdlib extension module pwd
configure:29686: result: yes
configure:29690: checking for stdlib extension module resource
configure:29724: result: yes
configure:29728: checking for stdlib extension module _scproxy
configure:29762: result: n/a
configure:29766: checking for stdlib extension module syslog
configure:29800: result: yes
configure:29804: checking for stdlib extension module termios
configure:29838: result: yes
configure:29843: checking for stdlib extension module pyexpat
configure:29877: result: yes
configure:29881: checking for stdlib extension module _elementtree
configure:29915: result: yes
configure:30096: checking for stdlib extension module _md5
configure:30130: result: yes
configure:30134: checking for stdlib extension module _sha1
configure:30168: result: yes
configure:30172: checking for stdlib extension module _sha2
configure:30206: result: yes
configure:30210: checking for stdlib extension module _sha3
configure:30244: result: yes
configure:30248: checking for stdlib extension module _blake2
configure:30282: result: yes
configure:30287: checking for stdlib extension module _ctypes
configure:30321: result: yes
configure:30325: checking for stdlib extension module _curses
configure:30360: result: yes
configure:30364: checking for stdlib extension module _curses_panel
configure:30399: result: yes
configure:30403: checking for stdlib extension module _decimal
configure:30437: result: yes
configure:30441: checking for stdlib extension module _dbm
configure:30475: result: missing
configure:30479: checking for stdlib extension module _gdbm
configure:30513: result: yes
configure:30517: checking for stdlib extension module readline
configure:30551: result: yes
configure:30555: checking for stdlib extension module _sqlite3
configure:30589: result: yes
configure:30593: checking for stdlib extension module _tkinter
configure:30627: result: missing
configure:30631: checking for stdlib extension module _uuid
configure:30665: result: missing
configure:30670: checking for stdlib extension module zlib
configure:30704: result: yes
configure:30730: checking for stdlib extension module _bz2
configure:30764: result: yes
configure:30768: checking for stdlib extension module _lzma
configure:30802: result: missing
configure:30807: checking for stdlib extension module _ssl
configure:30841: result: yes
configure:30845: checking for stdlib extension module _hashlib
configure:30879: result: yes
configure:30884: checking for stdlib extension module _testcapi
configure:30918: result: yes
configure:30922: checking for stdlib extension module _testclinic
configure:30956: result: yes
configure:30960: checking for stdlib extension module _testclinic_limited
configure:30994: result: yes
configure:30998: checking for stdlib extension module _testlimitedcapi
configure:31032: result: yes
configure:31036: checking for stdlib extension module _testinternalcapi
configure:31070: result: yes
configure:31074: checking for stdlib extension module _testbuffer
configure:31108: result: yes
configure:31112: checking for stdlib extension module _testimportmultiple
configure:31146: result: yes
configure:31150: checking for stdlib extension module _testmultiphase
configure:31184: result: yes
configure:31188: checking for stdlib extension module _testsinglephase
configure:31222: result: yes
configure:31226: checking for stdlib extension module _testexternalinspection
configure:31260: result: yes
configure:31264: checking for stdlib extension module xxsubtype
configure:31298: result: yes
configure:31302: checking for stdlib extension module _xxtestfuzz
configure:31336: result: yes
configure:31340: checking for stdlib extension module _ctypes_test
configure:31374: result: yes
configure:31379: checking for stdlib extension module xxlimited
configure:31413: result: yes
configure:31417: checking for stdlib extension module xxlimited_35
configure:31451: result: yes
configure:31905: creating ./config.status

## ---------------------- ##
## Running config.status. ##
## ---------------------- ##

This file was extended by python config.status 3.13, which was
generated by GNU Autoconf 2.71.  Invocation command line was

  CONFIG_FILES    = 
  CONFIG_HEADERS  = 
  CONFIG_LINKS    = 
  CONFIG_COMMANDS = 
  $ ./config.status 

on lappbtf

config.status:1789: creating Makefile.pre
config.status:1789: creating Misc/python.pc
config.status:1789: creating Misc/python-embed.pc
config.status:1789: creating Misc/python-config.sh
config.status:1789: creating Modules/Setup.bootstrap
config.status:1789: creating Modules/Setup.stdlib
config.status:1789: creating Modules/ld_so_aix
config.status:1789: creating pyconfig.h
configure:33088: creating Modules/Setup.local
configure:33095: creating Makefile

## ---------------- ##
## Cache variables. ##
## ---------------- ##

ac_cv_aligned_required=no
ac_cv_alignof_long=8
ac_cv_alignof_max_align_t=16
ac_cv_alignof_size_t=8
ac_cv_broken_mbstowcs=no
ac_cv_broken_nice=no
ac_cv_broken_poll=no
ac_cv_broken_sem_getvalue=no
ac_cv_broken_unsetenv=no
ac_cv_buggy_getaddrinfo=no
ac_cv_build=x86_64-pc-linux-gnu
ac_cv_builtin_atomic=yes
ac_cv_c_bigendian=no
ac_cv_c_compiler_gnu=yes
ac_cv_c_const=yes
ac_cv_c_undeclared_builtin_options='none needed'
ac_cv_can_raw_fd_frames=yes
ac_cv_can_raw_join_filters=yes
ac_cv_cc_name=gcc
ac_cv_cc_supports_fstrict_overflow=yes
ac_cv_cc_supports_og=yes
ac_cv_compile_o2=yes
ac_cv_computed_gotos=yes
ac_cv_cxx_thread=no
ac_cv_defined_IPV6_INRIA_VERSION_netinet_in_h=no
ac_cv_defined___GLIBC___features_h=yes
ac_cv_defined___KAME___netinet_in_h=no
ac_cv_device_macros=yes
ac_cv_dirent_d_type=yes
ac_cv_disable_int_conversion_warning=yes
ac_cv_disable_missing_field_initializers_warning=yes
ac_cv_disable_unused_parameter_warning=yes
ac_cv_enable_extra_warning=yes
ac_cv_enable_implicit_function_declaration_error=yes
ac_cv_enable_sign_compare_warning=yes
ac_cv_enable_strict_prototypes_warning=yes
ac_cv_enable_unreachable_code_warning=no
ac_cv_enable_visibility=yes
ac_cv_env_BOLT_APPLY_FLAGS_set=
ac_cv_env_BOLT_APPLY_FLAGS_value=
ac_cv_env_BOLT_COMMON_FLAGS_set=
ac_cv_env_BOLT_COMMON_FLAGS_value=
ac_cv_env_BOLT_INSTRUMENT_FLAGS_set=
ac_cv_env_BOLT_INSTRUMENT_FLAGS_value=
ac_cv_env_BZIP2_CFLAGS_set=
ac_cv_env_BZIP2_CFLAGS_value=
ac_cv_env_BZIP2_LIBS_set=
ac_cv_env_BZIP2_LIBS_value=
ac_cv_env_CC_set=
ac_cv_env_CC_value=
ac_cv_env_CFLAGS_set=
ac_cv_env_CFLAGS_value=
ac_cv_env_CPPFLAGS_set=
ac_cv_env_CPPFLAGS_value=
ac_cv_env_CPP_set=
ac_cv_env_CPP_value=
ac_cv_env_CURSES_CFLAGS_set=
ac_cv_env_CURSES_CFLAGS_value=
ac_cv_env_CURSES_LIBS_set=
ac_cv_env_CURSES_LIBS_value=
ac_cv_env_GDBM_CFLAGS_set=
ac_cv_env_GDBM_CFLAGS_value=
ac_cv_env_GDBM_LIBS_set=
ac_cv_env_GDBM_LIBS_value=
ac_cv_env_HOSTRUNNER_set=
ac_cv_env_HOSTRUNNER_value=
ac_cv_env_LDFLAGS_set=
ac_cv_env_LDFLAGS_value=
ac_cv_env_LIBB2_CFLAGS_set=
ac_cv_env_LIBB2_CFLAGS_value=
ac_cv_env_LIBB2_LIBS_set=
ac_cv_env_LIBB2_LIBS_value=
ac_cv_env_LIBEDIT_CFLAGS_set=
ac_cv_env_LIBEDIT_CFLAGS_value=
ac_cv_env_LIBEDIT_LIBS_set=
ac_cv_env_LIBEDIT_LIBS_value=
ac_cv_env_LIBFFI_CFLAGS_set=
ac_cv_env_LIBFFI_CFLAGS_value=
ac_cv_env_LIBFFI_LIBS_set=
ac_cv_env_LIBFFI_LIBS_value=
ac_cv_env_LIBLZMA_CFLAGS_set=
ac_cv_env_LIBLZMA_CFLAGS_value=
ac_cv_env_LIBLZMA_LIBS_set=
ac_cv_env_LIBLZMA_LIBS_value=
ac_cv_env_LIBMPDEC_CFLAGS_set=
ac_cv_env_LIBMPDEC_CFLAGS_value=
ac_cv_env_LIBMPDEC_LIBS_set=
ac_cv_env_LIBMPDEC_LIBS_value=
ac_cv_env_LIBREADLINE_CFLAGS_set=
ac_cv_env_LIBREADLINE_CFLAGS_value=
ac_cv_env_LIBREADLINE_LIBS_set=
ac_cv_env_LIBREADLINE_LIBS_value=
ac_cv_env_LIBSQLITE3_CFLAGS_set=
ac_cv_env_LIBSQLITE3_CFLAGS_value=
ac_cv_env_LIBSQLITE3_LIBS_set=
ac_cv_env_LIBSQLITE3_LIBS_value=
ac_cv_env_LIBS_set=
ac_cv_env_LIBS_value=
ac_cv_env_LIBUUID_CFLAGS_set=
ac_cv_env_LIBUUID_CFLAGS_value=
ac_cv_env_LIBUUID_LIBS_set=
ac_cv_env_LIBUUID_LIBS_value=
ac_cv_env_MACHDEP_set=
ac_cv_env_MACHDEP_value=
ac_cv_env_PANEL_CFLAGS_set=
ac_cv_env_PANEL_CFLAGS_value=
ac_cv_env_PANEL_LIBS_set=
ac_cv_env_PANEL_LIBS_value=
ac_cv_env_PKG_CONFIG_LIBDIR_set=
ac_cv_env_PKG_CONFIG_LIBDIR_value=
ac_cv_env_PKG_CONFIG_PATH_set=
ac_cv_env_PKG_CONFIG_PATH_value=
ac_cv_env_PKG_CONFIG_set=
ac_cv_env_PKG_CONFIG_value=
ac_cv_env_PROFILE_TASK_set=
ac_cv_env_PROFILE_TASK_value=
ac_cv_env_TCLTK_CFLAGS_set=
ac_cv_env_TCLTK_CFLAGS_value=
ac_cv_env_TCLTK_LIBS_set=
ac_cv_env_TCLTK_LIBS_value=
ac_cv_env_X11_CFLAGS_set=
ac_cv_env_X11_CFLAGS_value=
ac_cv_env_X11_LIBS_set=
ac_cv_env_X11_LIBS_value=
ac_cv_env_ZLIB_CFLAGS_set=
ac_cv_env_ZLIB_CFLAGS_value=
ac_cv_env_ZLIB_LIBS_set=
ac_cv_env_ZLIB_LIBS_value=
ac_cv_env_build_alias_set=
ac_cv_env_build_alias_value=
ac_cv_env_host_alias_set=
ac_cv_env_host_alias_value=
ac_cv_env_target_alias_set=
ac_cv_env_target_alias_value=
ac_cv_file__dev_ptc=no
ac_cv_file__dev_ptmx=yes
ac_cv_flock_decl=yes
ac_cv_func___fpu_control=yes
ac_cv_func__dyld_shared_cache_contains_path=no
ac_cv_func__getpty=no
ac_cv_func_accept4=yes
ac_cv_func_accept=yes
ac_cv_func_acosh=yes
ac_cv_func_alarm=yes
ac_cv_func_asinh=yes
ac_cv_func_atanh=yes
ac_cv_func_bind=yes
ac_cv_func_bind_textdomain_codeset=yes
ac_cv_func_chmod=yes
ac_cv_func_chown=yes
ac_cv_func_chroot=yes
ac_cv_func_clock=yes
ac_cv_func_clock_getres=yes
ac_cv_func_clock_gettime=yes
ac_cv_func_clock_nanosleep=yes
ac_cv_func_clock_settime=yes
ac_cv_func_close_range=yes
ac_cv_func_closefrom=yes
ac_cv_func_confstr=yes
ac_cv_func_connect=yes
ac_cv_func_copy_file_range=yes
ac_cv_func_ctermid=yes
ac_cv_func_ctermid_r=no
ac_cv_func_dlopen=yes
ac_cv_func_dup2=yes
ac_cv_func_dup3=yes
ac_cv_func_dup=yes
ac_cv_func_epoll_create1=yes
ac_cv_func_epoll_create=yes
ac_cv_func_erf=yes
ac_cv_func_erfc=yes
ac_cv_func_eventfd=yes
ac_cv_func_execv=yes
ac_cv_func_explicit_bzero=yes
ac_cv_func_explicit_memset=no
ac_cv_func_expm1=yes
ac_cv_func_faccessat=yes
ac_cv_func_fchdir=yes
ac_cv_func_fchmod=yes
ac_cv_func_fchmodat=yes
ac_cv_func_fchown=yes
ac_cv_func_fchownat=yes
ac_cv_func_fdatasync=yes
ac_cv_func_fdopendir=yes
ac_cv_func_fdwalk=no
ac_cv_func_fexecve=yes
ac_cv_func_ffi_closure_alloc=yes
ac_cv_func_ffi_prep_cif_var=yes
ac_cv_func_ffi_prep_closure_loc=yes
ac_cv_func_flock=yes
ac_cv_func_fork1=no
ac_cv_func_fork=yes
ac_cv_func_forkpty=yes
ac_cv_func_fpathconf=yes
ac_cv_func_fseek64=no
ac_cv_func_fseeko=yes
ac_cv_func_fstatat=yes
ac_cv_func_fstatvfs=yes
ac_cv_func_fsync=yes
ac_cv_func_ftell64=no
ac_cv_func_ftello=yes
ac_cv_func_ftime=yes
ac_cv_func_ftruncate=yes
ac_cv_func_futimens=yes
ac_cv_func_futimes=yes
ac_cv_func_futimesat=yes
ac_cv_func_gai_strerror=yes
ac_cv_func_getaddrinfo=yes
ac_cv_func_getegid=yes
ac_cv_func_getentropy=yes
ac_cv_func_geteuid=yes
ac_cv_func_getgid=yes
ac_cv_func_getgrent=yes
ac_cv_func_getgrgid=yes
ac_cv_func_getgrgid_r=yes
ac_cv_func_getgrnam_r=yes
ac_cv_func_getgrouplist=yes
ac_cv_func_getgroups=yes
ac_cv_func_gethostbyaddr=yes
ac_cv_func_gethostbyname=yes
ac_cv_func_gethostbyname_r=yes
ac_cv_func_gethostname=yes
ac_cv_func_getitimer=yes
ac_cv_func_getloadavg=yes
ac_cv_func_getlogin=yes
ac_cv_func_getnameinfo=yes
ac_cv_func_getpagesize=yes
ac_cv_func_getpeername=yes
ac_cv_func_getpgid=yes
ac_cv_func_getpgrp=yes
ac_cv_func_getpid=yes
ac_cv_func_getppid=yes
ac_cv_func_getpriority=yes
ac_cv_func_getprotobyname=yes
ac_cv_func_getpwent=yes
ac_cv_func_getpwnam_r=yes
ac_cv_func_getpwuid=yes
ac_cv_func_getpwuid_r=yes
ac_cv_func_getrandom=yes
ac_cv_func_getresgid=yes
ac_cv_func_getresuid=yes
ac_cv_func_getrusage=yes
ac_cv_func_getservbyname=yes
ac_cv_func_getservbyport=yes
ac_cv_func_getsid=yes
ac_cv_func_getsockname=yes
ac_cv_func_getspent=yes
ac_cv_func_getspnam=yes
ac_cv_func_getuid=yes
ac_cv_func_getwd=yes
ac_cv_func_grantpt=yes
ac_cv_func_hstrerror=yes
ac_cv_func_if_nameindex=yes
ac_cv_func_inet_aton=yes
ac_cv_func_inet_ntoa=yes
ac_cv_func_inet_pton=yes
ac_cv_func_initgroups=yes
ac_cv_func_kill=yes
ac_cv_func_killpg=yes
ac_cv_func_kqueue=no
ac_cv_func_lchown=yes
ac_cv_func_le64toh=yes
ac_cv_func_link=yes
ac_cv_func_linkat=yes
ac_cv_func_listen=yes
ac_cv_func_lockf=yes
ac_cv_func_log1p=yes
ac_cv_func_log2=yes
ac_cv_func_lstat=yes
ac_cv_func_lutimes=yes
ac_cv_func_madvise=yes
ac_cv_func_makedev=yes
ac_cv_func_mbrtowc=yes
ac_cv_func_memfd_create=yes
ac_cv_func_memrchr=yes
ac_cv_func_mkdirat=yes
ac_cv_func_mkfifo=yes
ac_cv_func_mkfifoat=yes
ac_cv_func_mknod=yes
ac_cv_func_mknodat=yes
ac_cv_func_mktime=yes
ac_cv_func_mmap=yes
ac_cv_func_mremap=yes
ac_cv_func_nanosleep=yes
ac_cv_func_nice=yes
ac_cv_func_openat=yes
ac_cv_func_opendir=yes
ac_cv_func_openpty=yes
ac_cv_func_pathconf=yes
ac_cv_func_pause=yes
ac_cv_func_pipe2=yes
ac_cv_func_pipe=yes
ac_cv_func_plock=no
ac_cv_func_poll=yes
ac_cv_func_posix_fadvise=yes
ac_cv_func_posix_fallocate=yes
ac_cv_func_posix_openpt=yes
ac_cv_func_posix_spawn=yes
ac_cv_func_posix_spawn_file_actions_addclosefrom_np=yes
ac_cv_func_posix_spawnp=yes
ac_cv_func_pread=yes
ac_cv_func_preadv2=yes
ac_cv_func_preadv=yes
ac_cv_func_prlimit=yes
ac_cv_func_process_vm_readv=yes
ac_cv_func_pthread_cond_timedwait_relative_np=no
ac_cv_func_pthread_condattr_setclock=yes
ac_cv_func_pthread_getcpuclockid=yes
ac_cv_func_pthread_init=no
ac_cv_func_pthread_kill=yes
ac_cv_func_pthread_sigmask=yes
ac_cv_func_ptsname=yes
ac_cv_func_ptsname_r=yes
ac_cv_func_pwrite=yes
ac_cv_func_pwritev2=yes
ac_cv_func_pwritev=yes
ac_cv_func_readlink=yes
ac_cv_func_readlinkat=yes
ac_cv_func_readv=yes
ac_cv_func_realpath=yes
ac_cv_func_recvfrom=yes
ac_cv_func_renameat=yes
ac_cv_func_rtpSpawn=no
ac_cv_func_sched_get_priority_max=yes
ac_cv_func_sched_rr_get_interval=yes
ac_cv_func_sched_setaffinity=yes
ac_cv_func_sched_setparam=yes
ac_cv_func_sched_setscheduler=yes
ac_cv_func_sem_clockwait=yes
ac_cv_func_sem_getvalue=yes
ac_cv_func_sem_open=yes
ac_cv_func_sem_timedwait=yes
ac_cv_func_sem_unlink=yes
ac_cv_func_sendfile=yes
ac_cv_func_sendto=yes
ac_cv_func_setegid=yes
ac_cv_func_seteuid=yes
ac_cv_func_setgid=yes
ac_cv_func_setgroups=yes
ac_cv_func_sethostname=yes
ac_cv_func_setitimer=yes
ac_cv_func_setlocale=yes
ac_cv_func_setns=yes
ac_cv_func_setpgid=yes
ac_cv_func_setpgrp=yes
ac_cv_func_setpriority=yes
ac_cv_func_setregid=yes
ac_cv_func_setresgid=yes
ac_cv_func_setresuid=yes
ac_cv_func_setreuid=yes
ac_cv_func_setsid=yes
ac_cv_func_setsockopt=yes
ac_cv_func_setuid=yes
ac_cv_func_setvbuf=yes
ac_cv_func_shm_open=yes
ac_cv_func_shm_unlink=yes
ac_cv_func_shutdown=yes
ac_cv_func_sigaction=yes
ac_cv_func_sigaltstack=yes
ac_cv_func_sigfillset=yes
ac_cv_func_siginterrupt=yes
ac_cv_func_sigpending=yes
ac_cv_func_sigrelse=yes
ac_cv_func_sigtimedwait=yes
ac_cv_func_sigwait=yes
ac_cv_func_sigwaitinfo=yes
ac_cv_func_snprintf=yes
ac_cv_func_socket=yes
ac_cv_func_socketpair=yes
ac_cv_func_splice=yes
ac_cv_func_statvfs=yes
ac_cv_func_strftime=yes
ac_cv_func_strlcpy=no
ac_cv_func_strsignal=yes
ac_cv_func_symlink=yes
ac_cv_func_symlinkat=yes
ac_cv_func_sync=yes
ac_cv_func_sysconf=yes
ac_cv_func_system=yes
ac_cv_func_tcgetpgrp=yes
ac_cv_func_tcsetpgrp=yes
ac_cv_func_tempnam=yes
ac_cv_func_timegm=yes
ac_cv_func_timerfd_create=yes
ac_cv_func_times=yes
ac_cv_func_tmpfile=yes
ac_cv_func_tmpnam=yes
ac_cv_func_tmpnam_r=yes
ac_cv_func_truncate=yes
ac_cv_func_ttyname_r=yes
ac_cv_func_umask=yes
ac_cv_func_uname=yes
ac_cv_func_unlinkat=yes
ac_cv_func_unlockpt=yes
ac_cv_func_unshare=yes
ac_cv_func_utimensat=yes
ac_cv_func_utimes=yes
ac_cv_func_vfork=yes
ac_cv_func_wait3=yes
ac_cv_func_wait4=yes
ac_cv_func_wait=yes
ac_cv_func_waitid=yes
ac_cv_func_waitpid=yes
ac_cv_func_wcscoll=yes
ac_cv_func_wcsftime=yes
ac_cv_func_wcsxfrm=yes
ac_cv_func_wmemcmp=yes
ac_cv_func_writev=yes
ac_cv_function_prototypes=yes
ac_cv_gcc_asm_for_mc68881=no
ac_cv_gcc_asm_for_x64=yes
ac_cv_gcc_asm_for_x87=yes
ac_cv_gcc_compat=yes
ac_cv_getrandom_syscall=yes
ac_cv_have_chflags=no
ac_cv_have_decl_RTLD_DEEPBIND=yes
ac_cv_have_decl_RTLD_GLOBAL=yes
ac_cv_have_decl_RTLD_LAZY=yes
ac_cv_have_decl_RTLD_LOCAL=yes
ac_cv_have_decl_RTLD_MEMBER=no
ac_cv_have_decl_RTLD_NODELETE=yes
ac_cv_have_decl_RTLD_NOLOAD=yes
ac_cv_have_decl_RTLD_NOW=yes
ac_cv_have_decl_dirfd=yes
ac_cv_have_decl_rl_catch_signals=yes
ac_cv_have_decl_rl_completion_append_character=yes
ac_cv_have_decl_rl_completion_suppress_append=yes
ac_cv_have_getc_unlocked=yes
ac_cv_have_lchflags=no
ac_cv_have_pthread_t=yes
ac_cv_header_alloca_h=yes
ac_cv_header_asm_types_h=yes
ac_cv_header_bluetooth_bluetooth_h=no
ac_cv_header_bluetooth_h=no
ac_cv_header_bzlib_h=yes
ac_cv_header_conio_h=no
ac_cv_header_curses_h=yes
ac_cv_header_db_h=no
ac_cv_header_direct_h=no
ac_cv_header_dirent_dirent_h=yes
ac_cv_header_dlfcn_h=yes
ac_cv_header_endian_h=yes
ac_cv_header_errno_h=yes
ac_cv_header_fcntl_h=yes
ac_cv_header_gdbm_dash_ndbm_h=no
ac_cv_header_gdbm_h=yes
ac_cv_header_gdbm_slash_ndbm_h=no
ac_cv_header_grp_h=yes
ac_cv_header_inttypes_h=yes
ac_cv_header_io_h=no
ac_cv_header_langinfo_h=yes
ac_cv_header_libintl_h=yes
ac_cv_header_libutil_h=no
ac_cv_header_linux_auxvec_h=yes
ac_cv_header_linux_can_bcm_h=yes
ac_cv_header_linux_can_h=yes
ac_cv_header_linux_can_j1939_h=yes
ac_cv_header_linux_can_raw_h=yes
ac_cv_header_linux_fs_h=yes
ac_cv_header_linux_limits_h=yes
ac_cv_header_linux_memfd_h=yes
ac_cv_header_linux_netlink_h=yes
ac_cv_header_linux_qrtr_h=yes
ac_cv_header_linux_random_h=yes
ac_cv_header_linux_soundcard_h=yes
ac_cv_header_linux_tipc_h=yes
ac_cv_header_linux_vm_sockets_h=yes
ac_cv_header_linux_wait_h=yes
ac_cv_header_lzma_h=no
ac_cv_header_minix_config_h=no
ac_cv_header_ncurses_curses_h=no
ac_cv_header_ncurses_h=yes
ac_cv_header_ncurses_ncurses_h=no
ac_cv_header_ncurses_panel_h=no
ac_cv_header_ncursesw_curses_h=yes
ac_cv_header_ncursesw_ncurses_h=yes
ac_cv_header_ncursesw_panel_h=yes
ac_cv_header_ndbm_h=no
ac_cv_header_net_ethernet_h=yes
ac_cv_header_net_if_h=yes
ac_cv_header_netcan_can_h=no
ac_cv_header_netdb_h=yes
ac_cv_header_netinet_in_h=yes
ac_cv_header_netlink_netlink_h=no
ac_cv_header_netpacket_packet_h=yes
ac_cv_header_panel_h=yes
ac_cv_header_poll_h=yes
ac_cv_header_process_h=no
ac_cv_header_pthread_h=yes
ac_cv_header_pty_h=yes
ac_cv_header_sched_h=yes
ac_cv_header_setjmp_h=yes
ac_cv_header_shadow_h=yes
ac_cv_header_signal_h=yes
ac_cv_header_spawn_h=yes
ac_cv_header_sqlite3_h=yes
ac_cv_header_stdatomic_h=yes
ac_cv_header_stdint_h=yes
ac_cv_header_stdio_h=yes
ac_cv_header_stdlib_h=yes
ac_cv_header_string_h=yes
ac_cv_header_strings_h=yes
ac_cv_header_stropts_h=no
ac_cv_header_sys_audioio_h=no
ac_cv_header_sys_auxv_h=yes
ac_cv_header_sys_bsdtty_h=no
ac_cv_header_sys_devpoll_h=no
ac_cv_header_sys_endian_h=no
ac_cv_header_sys_epoll_h=yes
ac_cv_header_sys_event_h=no
ac_cv_header_sys_eventfd_h=yes
ac_cv_header_sys_file_h=yes
ac_cv_header_sys_ioctl_h=yes
ac_cv_header_sys_kern_control_h=no
ac_cv_header_sys_loadavg_h=no
ac_cv_header_sys_lock_h=no
ac_cv_header_sys_memfd_h=no
ac_cv_header_sys_mkdev_h=no
ac_cv_header_sys_mman_h=yes
ac_cv_header_sys_modem_h=no
ac_cv_header_sys_param_h=yes
ac_cv_header_sys_pidfd_h=no
ac_cv_header_sys_poll_h=yes
ac_cv_header_sys_random_h=yes
ac_cv_header_sys_resource_h=yes
ac_cv_header_sys_select_h=yes
ac_cv_header_sys_sendfile_h=yes
ac_cv_header_sys_socket_h=yes
ac_cv_header_sys_soundcard_h=yes
ac_cv_header_sys_stat_h=yes
ac_cv_header_sys_statvfs_h=yes
ac_cv_header_sys_sys_domain_h=no
ac_cv_header_sys_syscall_h=yes
ac_cv_header_sys_sysmacros_h=yes
ac_cv_header_sys_termio_h=no
ac_cv_header_sys_time_h=yes
ac_cv_header_sys_timerfd_h=yes
ac_cv_header_sys_times_h=yes
ac_cv_header_sys_types_h=yes
ac_cv_header_sys_uio_h=yes
ac_cv_header_sys_un_h=yes
ac_cv_header_sys_utsname_h=yes
ac_cv_header_sys_wait_h=yes
ac_cv_header_sys_xattr_h=yes
ac_cv_header_sysexits_h=yes
ac_cv_header_syslog_h=yes
ac_cv_header_term_h=yes
ac_cv_header_termios_h=yes
ac_cv_header_time_altzone=no
ac_cv_header_unistd_h=yes
ac_cv_header_util_h=no
ac_cv_header_utime_h=yes
ac_cv_header_utmp_h=yes
ac_cv_header_uuid_h=no
ac_cv_header_uuid_uuid_h=no
ac_cv_header_wchar_h=yes
ac_cv_host=x86_64-pc-linux-gnu
ac_cv_kpthread=no
ac_cv_kthread=no
ac_cv_lib_bz2_BZ2_bzCompress=yes
ac_cv_lib_c_inet_aton=yes
ac_cv_lib_curses_filter=yes
ac_cv_lib_curses_has_key=yes
ac_cv_lib_curses_immedok=yes
ac_cv_lib_curses_is_pad=yes
ac_cv_lib_curses_is_term_resized=yes
ac_cv_lib_curses_resize_term=yes
ac_cv_lib_curses_resizeterm=yes
ac_cv_lib_curses_syncok=yes
ac_cv_lib_curses_typeahead=yes
ac_cv_lib_curses_use_env=yes
ac_cv_lib_curses_wchgat=yes
ac_cv_lib_dl_dlopen=yes
ac_cv_lib_dld_shl_load=no
ac_cv_lib_gdbm_gdbm_open=yes
ac_cv_lib_intl_textdomain=no
ac_cv_lib_nsl_t_open=no
ac_cv_lib_sendfile_sendfile=no
ac_cv_lib_socket_socket=no
ac_cv_lib_sqlite3_sqlite3_bind_double=yes
ac_cv_lib_sqlite3_sqlite3_column_decltype=yes
ac_cv_lib_sqlite3_sqlite3_column_double=yes
ac_cv_lib_sqlite3_sqlite3_complete=yes
ac_cv_lib_sqlite3_sqlite3_load_extension=yes
ac_cv_lib_sqlite3_sqlite3_progress_handler=yes
ac_cv_lib_sqlite3_sqlite3_result_double=yes
ac_cv_lib_sqlite3_sqlite3_serialize=yes
ac_cv_lib_sqlite3_sqlite3_set_authorizer=yes
ac_cv_lib_sqlite3_sqlite3_trace_v2=yes
ac_cv_lib_sqlite3_sqlite3_value_double=yes
ac_cv_libatomic_needed=no
ac_cv_member_siginfo_t_si_band=yes
ac_cv_member_struct_passwd_pw_gecos=yes
ac_cv_member_struct_passwd_pw_passwd=yes
ac_cv_member_struct_stat_st_birthtime=no
ac_cv_member_struct_stat_st_blksize=yes
ac_cv_member_struct_stat_st_blocks=yes
ac_cv_member_struct_stat_st_flags=no
ac_cv_member_struct_stat_st_gen=no
ac_cv_member_struct_stat_st_rdev=yes
ac_cv_member_struct_tm_tm_zone=yes
ac_cv_mvwdelch_is_expression=yes
ac_cv_no_strict_aliasing=no
ac_cv_objext=o
ac_cv_path_EGREP='/usr/bin/grep -E'
ac_cv_path_GREP=/usr/bin/grep
ac_cv_path_SED=/usr/bin/sed
ac_cv_path_ac_pt_PKG_CONFIG=/usr/bin/pkg-config
ac_cv_path_install='/usr/bin/install -c'
ac_cv_path_mkdir=/usr/bin/mkdir
ac_cv_posix_semaphores_enabled=yes
ac_cv_prog_CPP='gcc -E'
ac_cv_prog_PYTHON_FOR_REGEN=python3.11
ac_cv_prog_TRUE=true
ac_cv_prog_ac_ct_AR=ar
ac_cv_prog_ac_ct_CC=gcc
ac_cv_prog_ac_ct_PKG_CONFIG=/usr/bin/pkg-config
ac_cv_prog_cc_c11=
ac_cv_prog_cc_g=yes
ac_cv_prog_cc_stdc=
ac_cv_pthread=no
ac_cv_pthread_is_default=yes
ac_cv_pthread_key_t_is_arithmetic_type=yes
ac_cv_pthread_system_supported=yes
ac_cv_readline_append_history=yes
ac_cv_readline_rl_completion_display_matches_hook=yes
ac_cv_readline_rl_completion_matches=yes
ac_cv_readline_rl_pre_input_hook=yes
ac_cv_readline_rl_resize_terminal=yes
ac_cv_readline_rl_startup_hook_takes_args=yes
ac_cv_rshift_extends_sign=yes
ac_cv_safe_to_define___extensions__=yes
ac_cv_search_initscr='none required'
ac_cv_search_login_tty='none required'
ac_cv_search_opendir='none required'
ac_cv_search_sem_init='none required'
ac_cv_search_shm_open='none required'
ac_cv_search_update_panels='none required'
ac_cv_should_define__xopen_source=no
ac_cv_sizeof__Bool=1
ac_cv_sizeof_double=8
ac_cv_sizeof_float=4
ac_cv_sizeof_fpos_t=16
ac_cv_sizeof_int=4
ac_cv_sizeof_long=8
ac_cv_sizeof_long_double=16
ac_cv_sizeof_long_long=8
ac_cv_sizeof_off_t=8
ac_cv_sizeof_pid_t=4
ac_cv_sizeof_pthread_key_t=4
ac_cv_sizeof_pthread_t=8
ac_cv_sizeof_short=2
ac_cv_sizeof_size_t=8
ac_cv_sizeof_time_t=8
ac_cv_sizeof_uintptr_t=8
ac_cv_sizeof_void_p=8
ac_cv_sizeof_wchar_t=4
ac_cv_stat_tv_nsec2=no
ac_cv_stat_tv_nsec=yes
ac_cv_struct_addrinfo=yes
ac_cv_struct_sockaddr_alg=yes
ac_cv_struct_sockaddr_sa_len=no
ac_cv_struct_sockaddr_storage=yes
ac_cv_struct_tm=time.h
ac_cv_type___uint128_t=yes
ac_cv_type_clock_t=yes
ac_cv_type_long_double=yes
ac_cv_type_mode_t=yes
ac_cv_type_off_t=yes
ac_cv_type_pid_t=yes
ac_cv_type_rl_compdisp_func_t=yes
ac_cv_type_size_t=yes
ac_cv_type_socklen_t=yes
ac_cv_type_ssize_t=yes
ac_cv_type_uid_t=yes
ac_cv_wchar_t_signed=yes
ac_cv_window_has_flags=yes
ac_cv_wl_no_as_needed=yes
ac_cv_working_openssl_hashlib=yes
ac_cv_working_openssl_ssl=yes
ac_cv_working_signed_char_c=yes
ac_cv_working_tzset=yes
ac_cv_x87_double_rounding=no
ax_cv_c_float_words_bigendian=no
ax_cv_check_cflags__Werror__fno_semantic_interposition=yes
pkg_cv_CURSES_CFLAGS='-D_DEFAULT_SOURCE -D_XOPEN_SOURCE=600'
pkg_cv_CURSES_LIBS='-lncursesw -ltinfo'
pkg_cv_LIBFFI_CFLAGS=
pkg_cv_LIBFFI_LIBS=-lffi
pkg_cv_LIBREADLINE_CFLAGS='-D_DEFAULT_SOURCE -D_XOPEN_SOURCE=600'
pkg_cv_LIBREADLINE_LIBS=-lreadline
pkg_cv_LIBSQLITE3_CFLAGS=
pkg_cv_LIBSQLITE3_LIBS=-lsqlite3
pkg_cv_PANEL_CFLAGS='-D_DEFAULT_SOURCE -D_XOPEN_SOURCE=600 -D_DEFAULT_SOURCE -D_XOPEN_SOURCE=600'
pkg_cv_PANEL_LIBS=-lpanelw
pkg_cv_ZLIB_CFLAGS=
pkg_cv_ZLIB_LIBS=-lz
py_cv_module__asyncio=yes
py_cv_module__bisect=yes
py_cv_module__blake2=yes
py_cv_module__bz2=yes
py_cv_module__codecs_cn=yes
py_cv_module__codecs_hk=yes
py_cv_module__codecs_iso2022=yes
py_cv_module__codecs_jp=yes
py_cv_module__codecs_kr=yes
py_cv_module__codecs_tw=yes
py_cv_module__contextvars=yes
py_cv_module__csv=yes
py_cv_module__ctypes=yes
py_cv_module__ctypes_test=yes
py_cv_module__curses=yes
py_cv_module__curses_panel=yes
py_cv_module__datetime=yes
py_cv_module__dbm=missing
py_cv_module__decimal=yes
py_cv_module__elementtree=yes
py_cv_module__gdbm=yes
py_cv_module__hashlib=yes
py_cv_module__heapq=yes
py_cv_module__interpchannels=yes
py_cv_module__interpqueues=yes
py_cv_module__interpreters=yes
py_cv_module__io=yes
py_cv_module__json=yes
py_cv_module__lsprof=yes
py_cv_module__lzma=missing
py_cv_module__md5=yes
py_cv_module__multibytecodec=yes
py_cv_module__multiprocessing=yes
py_cv_module__opcode=yes
py_cv_module__pickle=yes
py_cv_module__posixshmem=yes
py_cv_module__posixsubprocess=yes
py_cv_module__queue=yes
py_cv_module__random=yes
py_cv_module__scproxy=n/a
py_cv_module__sha1=yes
py_cv_module__sha2=yes
py_cv_module__sha3=yes
py_cv_module__socket=yes
py_cv_module__sqlite3=yes
py_cv_module__ssl=yes
py_cv_module__statistics=yes
py_cv_module__struct=yes
py_cv_module__testbuffer=yes
py_cv_module__testcapi=yes
py_cv_module__testclinic=yes
py_cv_module__testclinic_limited=yes
py_cv_module__testexternalinspection=yes
py_cv_module__testimportmultiple=yes
py_cv_module__testinternalcapi=yes
py_cv_module__testlimitedcapi=yes
py_cv_module__testmultiphase=yes
py_cv_module__testsinglephase=yes
py_cv_module__tkinter=missing
py_cv_module__typing=yes
py_cv_module__uuid=missing
py_cv_module__xxtestfuzz=yes
py_cv_module__zoneinfo=yes
py_cv_module_array=yes
py_cv_module_binascii=yes
py_cv_module_cmath=yes
py_cv_module_fcntl=yes
py_cv_module_grp=yes
py_cv_module_math=yes
py_cv_module_mmap=yes
py_cv_module_pwd=yes
py_cv_module_pyexpat=yes
py_cv_module_readline=yes
py_cv_module_resource=yes
py_cv_module_select=yes
py_cv_module_syslog=yes
py_cv_module_termios=yes
py_cv_module_time=yes
py_cv_module_unicodedata=yes
py_cv_module_xxlimited=yes
py_cv_module_xxlimited_35=yes
py_cv_module_xxsubtype=yes
py_cv_module_zlib=yes

## ----------------- ##
## Output variables. ##
## ----------------- ##



'
ABIFLAGS=''
ABI_THREAD=''
ALT_SOABI=''
APP_STORE_COMPLIANCE_PATCH=''
AR='ar'
ARCH_RUN_32BIT=''
ARFLAGS='rcs'
BASECFLAGS=' -fno-strict-overflow -Wsign-compare'
BASECPPFLAGS=''
BINLIBDEST='$(LIBDIR)/python$(VERSION)$(ABI_THREAD)'
BLDLIBRARY='$(LDLIBRARY)'
BLDSHARED='$(CC) -shared'
BOLT_APPLY_FLAGS='  -update-debug-sections -skip-funcs=_PyEval_EvalFrameDefault,sre_ucs1_match/1,sre_ucs2_match/1,sre_ucs4_match/1  -reorder-blocks=ext-tsp -reorder-functions=cdsort -split-functions -icf=1 -inline-all -split-eh -reorder-functions-use-hot-size -peepholes=none -jump-tables=aggressive -inline-ap -indirect-call-promotion=all -dyno-stats -use-gnu-stack -frame-opt=hot '
BOLT_BINARIES='$(BUILDPYTHON)'
BOLT_COMMON_FLAGS=' -update-debug-sections -skip-funcs=_PyEval_EvalFrameDefault,sre_ucs1_match/1,sre_ucs2_match/1,sre_ucs4_match/1 '
BOLT_INSTRUMENT_FLAGS=' -update-debug-sections -skip-funcs=_PyEval_EvalFrameDefault,sre_ucs1_match/1,sre_ucs2_match/1,sre_ucs4_match/1 '
BUILDEXEEXT=''
BZIP2_CFLAGS=''
BZIP2_LIBS='-lbz2'
CC='gcc'
CCSHARED='-fPIC'
CFLAGS=''
CFLAGSFORSHARED=''
CFLAGS_ALIASING=''
CFLAGS_NODIST=' -fno-semantic-interposition -std=c11 -Wextra -Wno-unused-parameter -Wno-missing-field-initializers -Wstrict-prototypes -Werror=implicit-function-declaration -fvisibility=hidden'
CONFIGURE_MACOSX_DEPLOYMENT_TARGET=''
CONFIG_ARGS=' '\''--enable-optimizations'\'' '\''--prefix=/usr/local/python3.13'\'''
CPP='gcc -E'
CPPFLAGS=''
CURSES_CFLAGS='-D_DEFAULT_SOURCE '
CURSES_LIBS='-lncursesw -ltinfo'
CXX='g++'
DEFS='-DHAVE_CONFIG_H'
DEF_MAKE_ALL_RULE='profile-opt'
DEF_MAKE_RULE='build_all'
DFLAGS=''
DLINCLDIR='.'
DLLLIBRARY=''
DSYMUTIL=''
DSYMUTIL_PATH=''
DTRACE=''
DTRACE_HEADERS=''
DTRACE_OBJS=''
DYNLOADFILE='dynload_shlib.o'
ECHO_C=''
ECHO_N='-n'
ECHO_T=''
EGREP='/usr/bin/grep -E'
ENSUREPIP='upgrade'
EXEEXT=''
EXPORTSFROM=''
EXPORTSYMS=''
EXPORT_MACOSX_DEPLOYMENT_TARGET='#'
EXT_SUFFIX='.cpython-313-x86_64-linux-gnu.so'
FRAMEWORKALTINSTALLFIRST=''
FRAMEWORKALTINSTALLLAST=''
FRAMEWORKINSTALLAPPSPREFIX=''
FRAMEWORKINSTALLFIRST=''
FRAMEWORKINSTALLLAST=''
FRAMEWORKPYTHONW=''
FRAMEWORKUNIXTOOLSPREFIX='/usr/local/python3.13'
FREEZE_MODULE='$(PYTHON_FOR_FREEZE) $(srcdir)/Programs/_freeze_module.py'
FREEZE_MODULE_BOOTSTRAP='./Programs/_freeze_module'
FREEZE_MODULE_BOOTSTRAP_DEPS='Programs/_freeze_module'
FREEZE_MODULE_DEPS='_bootstrap_python $(srcdir)/Programs/_freeze_module.py'
GDBM_CFLAGS=''
GDBM_LIBS='-lgdbm'
GITBRANCH=''
GITTAG=''
GITVERSION=''
GNULD='yes'
GREP='/usr/bin/grep'
HAS_GIT='no-repository'
HAS_XCRUN=''
HAVE_GETHOSTBYNAME=''
HAVE_GETHOSTBYNAME_R=''
HAVE_GETHOSTBYNAME_R_3_ARG=''
HAVE_GETHOSTBYNAME_R_5_ARG=''
HAVE_GETHOSTBYNAME_R_6_ARG=''
HOSTRUNNER=''
INSTALLTARGETS='commoninstall bininstall maninstall'
INSTALL_DATA='${INSTALL} -m 644'
INSTALL_MIMALLOC='yes'
INSTALL_PROGRAM='${INSTALL}'
INSTALL_SCRIPT='${INSTALL}'
INSTSONAME='$(LDLIBRARY)'
IPHONEOS_DEPLOYMENT_TARGET=''
JIT_STENCILS_H=''
LDCXXSHARED='$(CXX) -shared'
LDFLAGS=''
LDFLAGS_NODIST=' -fno-semantic-interposition'
LDFLAGS_NOLTO=''
LDLIBRARY='libpython$(VERSION)$(ABIFLAGS).a'
LDLIBRARYDIR=''
LDSHARED='$(CC) -shared'
LDVERSION='$(VERSION)$(ABIFLAGS)'
LIBB2_CFLAGS=''
LIBB2_LIBS=''
LIBC=''
LIBEDIT_CFLAGS=''
LIBEDIT_LIBS=''
LIBEXPAT_CFLAGS='-I$(srcdir)/Modules/expat'
LIBEXPAT_INTERNAL='$(LIBEXPAT_HEADERS) $(LIBEXPAT_A)'
LIBFFI_CFLAGS=''
LIBFFI_LIBS='-lffi -ldl'
LIBLZMA_CFLAGS=''
LIBLZMA_LIBS=''
LIBM='-lm'
LIBMPDEC_CFLAGS='-I$(srcdir)/Modules/_decimal/libmpdec -DCONFIG_64=1 -DANSI=1 -DHAVE_UINT128_T=1'
LIBMPDEC_INTERNAL='$(LIBMPDEC_HEADERS) $(LIBMPDEC_A)'
LIBMPDEC_LIBS='-lm $(LIBMPDEC_A)'
LIBOBJS=''
LIBPL='$(prefix)/lib/python3.13/config-$(VERSION)$(ABIFLAGS)-x86_64-linux-gnu'
LIBPYTHON=''
LIBRARY='libpython$(VERSION)$(ABIFLAGS).a'
LIBRARY_DEPS='$(LIBRARY) $(PY3LIBRARY) $(EXPORTSYMS)'
LIBREADLINE_CFLAGS='-D_DEFAULT_SOURCE -D_XOPEN_SOURCE=600'
LIBREADLINE_LIBS='-lreadline'
LIBS='-ldl '
LIBSQLITE3_CFLAGS=' -I$(srcdir)/Modules/_sqlite'
LIBSQLITE3_LIBS='-lsqlite3'
LIBUUID_CFLAGS=''
LIBUUID_LIBS=''
LINKCC='$(PURIFY) $(CC)'
LINKFORSHARED='-Xlinker -export-dynamic'
LINK_PYTHON_DEPS='$(LIBRARY_DEPS)'
LINK_PYTHON_OBJS='$(LIBRARY_OBJS)'
LIPO_32BIT_FLAGS=''
LIPO_INTEL64_FLAGS=''
LLVM_AR=''
LLVM_AR_FOUND=''
LLVM_BOLT=''
LLVM_PROFDATA=''\'''\'''
LLVM_PROF_ERR='no'
LLVM_PROF_FILE=''
LLVM_PROF_FOUND='not-found'
LLVM_PROF_MERGER='true'
LN='ln'
LTLIBOBJS=''
MACHDEP='linux'
MACHDEP_OBJS=''
MERGE_FDATA=''
MIMALLOC_HEADERS='$(MIMALLOC_HEADERS)'
MKDIR_P='/usr/bin/mkdir -p'
MODULE_ARRAY_FALSE='#'
MODULE_ARRAY_STATE=yes
MODULE_ARRAY_TRUE=''
MODULE_BINASCII_CFLAGS=-DUSE_ZLIB_CRC32 
MODULE_BINASCII_FALSE='#'
MODULE_BINASCII_LDFLAGS=-lz
MODULE_BINASCII_STATE=yes
MODULE_BINASCII_TRUE=''
MODULE_BLOCK='MODULE__IO_STATE=yes
MODULE_BUILDTYPE='shared'
MODULE_CMATH_FALSE='#'
MODULE_CMATH_LDFLAGS=-lm
MODULE_CMATH_STATE=yes
MODULE_CMATH_TRUE=''
MODULE_DEPS_SHARED='$(MODULE_DEPS_STATIC) $(EXPORTSYMS)'
MODULE_FCNTL_FALSE='#'
MODULE_FCNTL_LDFLAGS=
MODULE_FCNTL_STATE=yes
MODULE_FCNTL_TRUE=''
MODULE_GRP_FALSE='#'
MODULE_GRP_STATE=yes
MODULE_GRP_TRUE=''
MODULE_MATH_FALSE='#'
MODULE_MATH_LDFLAGS=-lm
MODULE_MATH_STATE=yes
MODULE_MATH_TRUE=''
MODULE_MMAP_FALSE='#'
MODULE_MMAP_STATE=yes
MODULE_MMAP_TRUE=''
MODULE_PWD_FALSE='#'
MODULE_PWD_STATE=yes
MODULE_PWD_TRUE=''
MODULE_PYEXPAT_CFLAGS=-I$(srcdir)/Modules/expat
MODULE_PYEXPAT_FALSE='#'
MODULE_PYEXPAT_LDFLAGS=-lm $(LIBEXPAT_A)
MODULE_PYEXPAT_STATE=yes
MODULE_PYEXPAT_TRUE=''
MODULE_READLINE_CFLAGS=-D_DEFAULT_SOURCE 
MODULE_READLINE_FALSE='#'
MODULE_READLINE_LDFLAGS=-lreadline
MODULE_READLINE_STATE=yes
MODULE_READLINE_TRUE=''
MODULE_RESOURCE_FALSE='#'
MODULE_RESOURCE_STATE=yes
MODULE_RESOURCE_TRUE=''
MODULE_SELECT_FALSE='#'
MODULE_SELECT_STATE=yes
MODULE_SELECT_TRUE=''
MODULE_SYSLOG_FALSE='#'
MODULE_SYSLOG_STATE=yes
MODULE_SYSLOG_TRUE=''
MODULE_TERMIOS_FALSE='#'
MODULE_TERMIOS_STATE=yes
MODULE_TERMIOS_TRUE=''
MODULE_TIME_FALSE='#'
MODULE_TIME_LDFLAGS=
MODULE_TIME_STATE=yes
MODULE_TIME_TRUE=''
MODULE_UNICODEDATA_FALSE='#'
MODULE_UNICODEDATA_STATE=yes
MODULE_UNICODEDATA_TRUE=''
MODULE_XXLIMITED_35_FALSE='#'
MODULE_XXLIMITED_35_STATE=yes
MODULE_XXLIMITED_35_TRUE=''
MODULE_XXLIMITED_FALSE='#'
MODULE_XXLIMITED_STATE=yes
MODULE_XXLIMITED_TRUE=''
MODULE_XXSUBTYPE_FALSE='#'
MODULE_XXSUBTYPE_STATE=yes
MODULE_XXSUBTYPE_TRUE=''
MODULE_ZLIB_CFLAGS=
MODULE_ZLIB_FALSE='#'
MODULE_ZLIB_LDFLAGS=-lz
MODULE_ZLIB_STATE=yes
MODULE_ZLIB_TRUE=''
MODULE__ASYNCIO_FALSE='#'
MODULE__ASYNCIO_STATE=yes
MODULE__ASYNCIO_TRUE=''
MODULE__BISECT_FALSE='#'
MODULE__BISECT_STATE=yes
MODULE__BISECT_TRUE=''
MODULE__BLAKE2_CFLAGS=
MODULE__BLAKE2_FALSE='#'
MODULE__BLAKE2_LDFLAGS=
MODULE__BLAKE2_STATE=yes
MODULE__BLAKE2_TRUE=''
MODULE__BZ2_CFLAGS=
MODULE__BZ2_FALSE='#'
MODULE__BZ2_LDFLAGS=-lbz2
MODULE__BZ2_STATE=yes
MODULE__BZ2_TRUE=''
MODULE__CODECS_CN_FALSE='#'
MODULE__CODECS_CN_STATE=yes
MODULE__CODECS_CN_TRUE=''
MODULE__CODECS_HK_FALSE='#'
MODULE__CODECS_HK_STATE=yes
MODULE__CODECS_HK_TRUE=''
MODULE__CODECS_ISO2022_FALSE='#'
MODULE__CODECS_ISO2022_STATE=yes
MODULE__CODECS_ISO2022_TRUE=''
MODULE__CODECS_JP_FALSE='#'
MODULE__CODECS_JP_STATE=yes
MODULE__CODECS_JP_TRUE=''
MODULE__CODECS_KR_FALSE='#'
MODULE__CODECS_KR_STATE=yes
MODULE__CODECS_KR_TRUE=''
MODULE__CODECS_TW_FALSE='#'
MODULE__CODECS_TW_STATE=yes
MODULE__CODECS_TW_TRUE=''
MODULE__CONTEXTVARS_FALSE='#'
MODULE__CONTEXTVARS_STATE=yes
MODULE__CONTEXTVARS_TRUE=''
MODULE__CSV_FALSE='#'
MODULE__CSV_STATE=yes
MODULE__CSV_TRUE=''
MODULE__CTYPES_CFLAGS=-fno-strict-overflow 
MODULE__CTYPES_FALSE='#'
MODULE__CTYPES_LDFLAGS=-lffi -ldl
MODULE__CTYPES_MALLOC_CLOSURE=''
MODULE__CTYPES_STATE=yes
MODULE__CTYPES_TEST_FALSE='#'
MODULE__CTYPES_TEST_LDFLAGS=-lm
MODULE__CTYPES_TEST_STATE=yes
MODULE__CTYPES_TEST_TRUE=''
MODULE__CTYPES_TRUE=''
MODULE__CURSES_CFLAGS=-D_DEFAULT_SOURCE 
MODULE__CURSES_FALSE='#'
MODULE__CURSES_LDFLAGS=-lncursesw -ltinfo
MODULE__CURSES_PANEL_CFLAGS=-D_DEFAULT_SOURCE  -D_DEFAULT_SOURCE  -D_DEFAULT_SOURCE 
MODULE__CURSES_PANEL_FALSE='#'
MODULE__CURSES_PANEL_LDFLAGS=-lpanelw -lncursesw -ltinfo
MODULE__CURSES_PANEL_STATE=yes
MODULE__CURSES_PANEL_TRUE=''
MODULE__CURSES_STATE=yes
MODULE__CURSES_TRUE=''
MODULE__DATETIME_FALSE='#'
MODULE__DATETIME_LDFLAGS= -lm
MODULE__DATETIME_STATE=yes
MODULE__DATETIME_TRUE=''
MODULE__DBM_FALSE=''
MODULE__DBM_STATE=missing
MODULE__DBM_TRUE='#'
MODULE__DECIMAL_CFLAGS=-I$(srcdir)/Modules/_decimal/libmpdec -DCONFIG_64=1 -DANSI=1 -DHAVE_UINT128_T=1
MODULE__DECIMAL_FALSE='#'
MODULE__DECIMAL_LDFLAGS=-lm $(LIBMPDEC_A)
MODULE__DECIMAL_STATE=yes
MODULE__DECIMAL_TRUE=''
MODULE__ELEMENTTREE_CFLAGS=-I$(srcdir)/Modules/expat
MODULE__ELEMENTTREE_FALSE='#'
MODULE__ELEMENTTREE_STATE=yes
MODULE__ELEMENTTREE_TRUE=''
MODULE__GDBM_CFLAGS=
MODULE__GDBM_FALSE='#'
MODULE__GDBM_LDFLAGS=-lgdbm
MODULE__GDBM_STATE=yes
MODULE__GDBM_TRUE=''
MODULE__HASHLIB_CFLAGS=
MODULE__HASHLIB_FALSE='#'
MODULE__HASHLIB_LDFLAGS=   -lcrypto
MODULE__HASHLIB_STATE=yes
MODULE__HASHLIB_TRUE=''
MODULE__HEAPQ_FALSE='#'
MODULE__HEAPQ_STATE=yes
MODULE__HEAPQ_TRUE=''
MODULE__INTERPCHANNELS_FALSE='#'
MODULE__INTERPCHANNELS_STATE=yes
MODULE__INTERPCHANNELS_TRUE=''
MODULE__INTERPQUEUES_FALSE='#'
MODULE__INTERPQUEUES_STATE=yes
MODULE__INTERPQUEUES_TRUE=''
MODULE__INTERPRETERS_FALSE='#'
MODULE__INTERPRETERS_STATE=yes
MODULE__INTERPRETERS_TRUE=''
MODULE__IO_CFLAGS=-I$(srcdir)/Modules/_io
MODULE__IO_FALSE='#'
MODULE__IO_TRUE=''
MODULE__JSON_FALSE='#'
MODULE__JSON_STATE=yes
MODULE__JSON_TRUE=''
MODULE__LSPROF_FALSE='#'
MODULE__LSPROF_STATE=yes
MODULE__LSPROF_TRUE=''
MODULE__LZMA_FALSE=''
MODULE__LZMA_STATE=missing
MODULE__LZMA_TRUE='#'
MODULE__MD5_CFLAGS=-I$(srcdir)/Modules/_hacl/include -I$(srcdir)/Modules/_hacl/internal -D_BSD_SOURCE -D_DEFAULT_SOURCE
MODULE__MD5_FALSE='#'
MODULE__MD5_STATE=yes
MODULE__MD5_TRUE=''
MODULE__MULTIBYTECODEC_FALSE='#'
MODULE__MULTIBYTECODEC_STATE=yes
MODULE__MULTIBYTECODEC_TRUE=''
MODULE__MULTIPROCESSING_CFLAGS=-I$(srcdir)/Modules/_multiprocessing
MODULE__MULTIPROCESSING_FALSE='#'
MODULE__MULTIPROCESSING_STATE=yes
MODULE__MULTIPROCESSING_TRUE=''
MODULE__OPCODE_FALSE='#'
MODULE__OPCODE_STATE=yes
MODULE__OPCODE_TRUE=''
MODULE__PICKLE_FALSE='#'
MODULE__PICKLE_STATE=yes
MODULE__PICKLE_TRUE=''
MODULE__POSIXSHMEM_CFLAGS=-I$(srcdir)/Modules/_multiprocessing
MODULE__POSIXSHMEM_FALSE='#'
MODULE__POSIXSHMEM_LDFLAGS=
MODULE__POSIXSHMEM_STATE=yes
MODULE__POSIXSHMEM_TRUE=''
MODULE__POSIXSUBPROCESS_FALSE='#'
MODULE__POSIXSUBPROCESS_STATE=yes
MODULE__POSIXSUBPROCESS_TRUE=''
MODULE__QUEUE_FALSE='#'
MODULE__QUEUE_STATE=yes
MODULE__QUEUE_TRUE=''
MODULE__RANDOM_FALSE='#'
MODULE__RANDOM_STATE=yes
MODULE__RANDOM_TRUE=''
MODULE__SCPROXY_FALSE=''
MODULE__SCPROXY_STATE=n/a
MODULE__SCPROXY_TRUE='#'
MODULE__SHA1_CFLAGS=-I$(srcdir)/Modules/_hacl/include -I$(srcdir)/Modules/_hacl/internal -D_BSD_SOURCE -D_DEFAULT_SOURCE
MODULE__SHA1_FALSE='#'
MODULE__SHA1_STATE=yes
MODULE__SHA1_TRUE=''
MODULE__SHA2_CFLAGS=-I$(srcdir)/Modules/_hacl/include -I$(srcdir)/Modules/_hacl/internal -D_BSD_SOURCE -D_DEFAULT_SOURCE
MODULE__SHA2_FALSE='#'
MODULE__SHA2_STATE=yes
MODULE__SHA2_TRUE=''
MODULE__SHA3_FALSE='#'
MODULE__SHA3_STATE=yes
MODULE__SHA3_TRUE=''
MODULE__SOCKET_FALSE='#'
MODULE__SOCKET_STATE=yes
MODULE__SOCKET_TRUE=''
MODULE__SQLITE3_CFLAGS= -I$(srcdir)/Modules/_sqlite
MODULE__SQLITE3_FALSE='#'
MODULE__SQLITE3_LDFLAGS=-lsqlite3
MODULE__SQLITE3_STATE=yes
MODULE__SQLITE3_TRUE=''
MODULE__SSL_CFLAGS=
MODULE__SSL_FALSE='#'
MODULE__SSL_LDFLAGS=  -lssl -lcrypto
MODULE__SSL_STATE=yes
MODULE__SSL_TRUE=''
MODULE__STATISTICS_FALSE='#'
MODULE__STATISTICS_LDFLAGS=-lm
MODULE__STATISTICS_STATE=yes
MODULE__STATISTICS_TRUE=''
MODULE__STRUCT_FALSE='#'
MODULE__STRUCT_STATE=yes
MODULE__STRUCT_TRUE=''
MODULE__TESTBUFFER_FALSE='#'
MODULE__TESTBUFFER_STATE=yes
MODULE__TESTBUFFER_TRUE=''
MODULE__TESTCAPI_FALSE='#'
MODULE__TESTCAPI_LDFLAGS=
MODULE__TESTCAPI_STATE=yes
MODULE__TESTCAPI_TRUE=''
MODULE__TESTCLINIC_FALSE='#'
MODULE__TESTCLINIC_LIMITED_FALSE='#'
MODULE__TESTCLINIC_LIMITED_STATE=yes
MODULE__TESTCLINIC_LIMITED_TRUE=''
MODULE__TESTCLINIC_STATE=yes
MODULE__TESTCLINIC_TRUE=''
MODULE__TESTEXTERNALINSPECTION_FALSE='#'
MODULE__TESTEXTERNALINSPECTION_STATE=yes
MODULE__TESTEXTERNALINSPECTION_TRUE=''
MODULE__TESTIMPORTMULTIPLE_FALSE='#'
MODULE__TESTIMPORTMULTIPLE_STATE=yes
MODULE__TESTIMPORTMULTIPLE_TRUE=''
MODULE__TESTINTERNALCAPI_FALSE='#'
MODULE__TESTINTERNALCAPI_STATE=yes
MODULE__TESTINTERNALCAPI_TRUE=''
MODULE__TESTLIMITEDCAPI_FALSE='#'
MODULE__TESTLIMITEDCAPI_STATE=yes
MODULE__TESTLIMITEDCAPI_TRUE=''
MODULE__TESTMULTIPHASE_FALSE='#'
MODULE__TESTMULTIPHASE_STATE=yes
MODULE__TESTMULTIPHASE_TRUE=''
MODULE__TESTSINGLEPHASE_FALSE='#'
MODULE__TESTSINGLEPHASE_STATE=yes
MODULE__TESTSINGLEPHASE_TRUE=''
MODULE__TKINTER_FALSE=''
MODULE__TKINTER_STATE=missing
MODULE__TKINTER_TRUE='#'
MODULE__TYPING_FALSE='#'
MODULE__TYPING_STATE=yes
MODULE__TYPING_TRUE=''
MODULE__UUID_FALSE=''
MODULE__UUID_STATE=missing
MODULE__UUID_TRUE='#'
MODULE__XXTESTFUZZ_FALSE='#'
MODULE__XXTESTFUZZ_STATE=yes
MODULE__XXTESTFUZZ_TRUE=''
MODULE__ZONEINFO_FALSE='#'
MODULE__ZONEINFO_STATE=yes
MODULE__ZONEINFO_TRUE=''
MULTIARCH='x86_64-linux-gnu'
MULTIARCH_CPPFLAGS='-DMULTIARCH=\"x86_64-linux-gnu\"'
NODE=''
NO_AS_NEEDED='-Wl,--no-as-needed'
OBJEXT='o'
OPENSSL_INCLUDES=''
OPENSSL_LDFLAGS=''
OPENSSL_LIBS='-lssl -lcrypto'
OPT='-DNDEBUG -g -O3 -Wall'
PACKAGE_BUGREPORT='https://github.com/python/cpython/issues/'
PACKAGE_NAME='python'
PACKAGE_STRING='python 3.13'
PACKAGE_TARNAME='python'
PACKAGE_URL=''
PACKAGE_VERSION='3.13'
PANEL_CFLAGS='-D_DEFAULT_SOURCE  -D_DEFAULT_SOURCE '
PANEL_LIBS='-lpanelw'
PATH_SEPARATOR=':'
PERF_TRAMPOLINE_OBJ='Python/asm_trampoline.o'
PGO_PROF_GEN_FLAG='-fprofile-generate'
PGO_PROF_USE_FLAG='-fprofile-use -fprofile-correction'
PKG_CONFIG='/usr/bin/pkg-config'
PKG_CONFIG_LIBDIR=''
PKG_CONFIG_PATH=''
PLATFORM_HEADERS=''
PLATFORM_OBJS=''
PLATFORM_TRIPLET='x86_64-linux-gnu'
PLATLIBDIR='lib'
PREBOLT_RULE=''
PROFILE_TASK='-m test --pgo --timeout=$(TESTTIMEOUT)'
PY3LIBRARY=''
PYTHONFRAMEWORK=''
PYTHONFRAMEWORKDIR='no-framework'
PYTHONFRAMEWORKIDENTIFIER='org.python.python'
PYTHONFRAMEWORKINSTALLDIR=''
PYTHONFRAMEWORKINSTALLNAMEPREFIX=''
PYTHONFRAMEWORKPREFIX=''
PYTHON_FOR_BUILD='./$(BUILDPYTHON) -E'
PYTHON_FOR_BUILD_DEPS='$(BUILDPYTHON)'
PYTHON_FOR_FREEZE='./_bootstrap_python'
PYTHON_FOR_REGEN='python3.11'
PY_ENABLE_SHARED='0'
REGEN_JIT_COMMAND=''
RESSRCDIR=''
RUNSHARED=''
SED='/usr/bin/sed'
SHELL='/bin/bash'
SHLIBS='$(LIBS)'
SHLIB_SUFFIX='.so'
SOABI='cpython-313-x86_64-linux-gnu'
SOVERSION='1.0'
SRCDIRS='  Modules   Modules/_blake2   Modules/_ctypes   Modules/_decimal   Modules/_decimal/libmpdec   Modules/_hacl   Modules/_io   Modules/_multiprocessing   Modules/_sqlite   Modules/_sre   Modules/_testcapi   Modules/_testinternalcapi   Modules/_testlimitedcapi   Modules/_xxtestfuzz   Modules/cjkcodecs   Modules/expat   Objects   Objects/mimalloc   Objects/mimalloc/prim   Parser   Parser/tokenizer   Parser/lexer   Programs   Python   Python/frozen_modules'
STATIC_LIBPYTHON='1'
TCLTK_CFLAGS=''
TCLTK_LIBS=''
TEST_MODULES='yes'
THREADHEADERS=' $(srcdir)/Python/thread_nt.h $(srcdir)/Python/thread_pthread.h $(srcdir)/Python/thread_pthread_stubs.h'
TRUE='true'
TZPATH='/usr/share/zoneinfo:/usr/lib/zoneinfo:/usr/share/lib/zoneinfo:/etc/zoneinfo'
UNIVERSALSDK=''
UNIVERSAL_ARCH_FLAGS=''
VERSION='3.13'
WASM_ASSETS_DIR=''
WASM_STDLIB=''
WHEEL_PKG_DIR=''
X11_CFLAGS=''
X11_LIBS=''
ZLIB_CFLAGS=''
ZLIB_LIBS='-lz'
_PYTHON_HOST_PLATFORM=''
ac_ct_AR='ar'
ac_ct_CC='gcc'
ac_ct_CXX=''
bindir='${exec_prefix}/bin'
build='x86_64-pc-linux-gnu'
build_alias=''
build_cpu='x86_64'
build_os='linux-gnu'
build_vendor='pc'
datadir='${datarootdir}'
datarootdir='${prefix}/share'
docdir='${datarootdir}/doc/${PACKAGE_TARNAME}'
dvidir='${docdir}'
exec_prefix='${prefix}'
host='x86_64-pc-linux-gnu'
host_alias=''
host_cpu='x86_64'
host_os='linux-gnu'
host_vendor='pc'
htmldir='${docdir}'
includedir='${prefix}/include'
infodir='${datarootdir}/info'
libdir='${exec_prefix}/lib'
libexecdir='${exec_prefix}/libexec'
localedir='${datarootdir}/locale'
localstatedir='${prefix}/var'
mandir='${datarootdir}/man'
oldincludedir='/usr/include'
pdfdir='${docdir}'
prefix='/usr/local/python3.13'
program_transform_name='s,x,x,'
psdir='${docdir}'
runstatedir='${localstatedir}/run'
sbindir='${exec_prefix}/sbin'
sharedstatedir='${prefix}/com'
sysconfdir='${prefix}/etc'
target_alias=''

## ----------- ##
## confdefs.h. ##
## ----------- ##

/* confdefs.h */
#define _NETBSD_SOURCE 1
#define __BSD_VISIBLE 1
#define _DARWIN_C_SOURCE 1
#define _PYTHONFRAMEWORK ""
#define _XOPEN_SOURCE 700
#define _XOPEN_SOURCE_EXTENDED 1
#define _POSIX_C_SOURCE 200809L
#define HAVE_STDIO_H 1
#define HAVE_STDLIB_H 1
#define HAVE_STRING_H 1
#define HAVE_INTTYPES_H 1
#define HAVE_STDINT_H 1
#define HAVE_STRINGS_H 1
#define HAVE_SYS_STAT_H 1
#define HAVE_SYS_TYPES_H 1
#define HAVE_UNISTD_H 1
#define HAVE_WCHAR_H 1
#define STDC_HEADERS 1
#define _ALL_SOURCE 1
#define _DARWIN_C_SOURCE 1
#define _GNU_SOURCE 1
#define _HPUX_ALT_XOPEN_SOCKET_API 1
#define _NETBSD_SOURCE 1
#define _OPENBSD_SOURCE 1
#define _POSIX_PTHREAD_SEMANTICS 1
#define __STDC_WANT_IEC_60559_ATTRIBS_EXT__ 1
#define __STDC_WANT_IEC_60559_BFP_EXT__ 1
#define __STDC_WANT_IEC_60559_DFP_EXT__ 1
#define __STDC_WANT_IEC_60559_FUNCS_EXT__ 1
#define __STDC_WANT_IEC_60559_TYPES_EXT__ 1
#define __STDC_WANT_LIB_EXT2__ 1
#define __STDC_WANT_MATH_SPEC_FUNCS__ 1
#define _TANDEM_SOURCE 1
#define __EXTENSIONS__ 1
#define PY_SUPPORT_TIER 1
#define STDC_HEADERS 1
#define HAVE_ALLOCA_H 1
#define HAVE_ASM_TYPES_H 1
#define HAVE_DLFCN_H 1
#define HAVE_ENDIAN_H 1
#define HAVE_ERRNO_H 1
#define HAVE_FCNTL_H 1
#define HAVE_GRP_H 1
#define HAVE_LANGINFO_H 1
#define HAVE_LIBINTL_H 1
#define HAVE_LINUX_AUXVEC_H 1
#define HAVE_SYS_AUXV_H 1
#define HAVE_LINUX_FS_H 1
#define HAVE_LINUX_LIMITS_H 1
#define HAVE_LINUX_MEMFD_H 1
#define HAVE_LINUX_RANDOM_H 1
#define HAVE_LINUX_SOUNDCARD_H 1
#define HAVE_LINUX_TIPC_H 1
#define HAVE_LINUX_WAIT_H 1
#define HAVE_NETDB_H 1
#define HAVE_NET_ETHERNET_H 1
#define HAVE_NETINET_IN_H 1
#define HAVE_NETPACKET_PACKET_H 1
#define HAVE_POLL_H 1
#define HAVE_PTHREAD_H 1
#define HAVE_PTY_H 1
#define HAVE_SCHED_H 1
#define HAVE_SETJMP_H 1
#define HAVE_SHADOW_H 1
#define HAVE_SIGNAL_H 1
#define HAVE_SPAWN_H 1
#define HAVE_SYS_EPOLL_H 1
#define HAVE_SYS_EVENTFD_H 1
#define HAVE_SYS_FILE_H 1
#define HAVE_SYS_IOCTL_H 1
#define HAVE_SYS_MMAN_H 1
#define HAVE_SYS_PARAM_H 1
#define HAVE_SYS_POLL_H 1
#define HAVE_SYS_RANDOM_H 1
#define HAVE_SYS_RESOURCE_H 1
#define HAVE_SYS_SELECT_H 1
#define HAVE_SYS_SENDFILE_H 1
#define HAVE_SYS_SOCKET_H 1
#define HAVE_SYS_SOUNDCARD_H 1
#define HAVE_SYS_STAT_H 1
#define HAVE_SYS_STATVFS_H 1
#define HAVE_SYS_SYSCALL_H 1
#define HAVE_SYS_SYSMACROS_H 1
#define HAVE_SYS_TIME_H 1
#define HAVE_SYS_TIMES_H 1
#define HAVE_SYS_TIMERFD_H 1
#define HAVE_SYS_TYPES_H 1
#define HAVE_SYS_UIO_H 1
#define HAVE_SYS_UN_H 1
#define HAVE_SYS_UTSNAME_H 1
#define HAVE_SYS_WAIT_H 1
#define HAVE_SYS_XATTR_H 1
#define HAVE_SYSEXITS_H 1
#define HAVE_SYSLOG_H 1
#define HAVE_TERMIOS_H 1
#define HAVE_UTIME_H 1
#define HAVE_UTMP_H 1
#define HAVE_DIRENT_H 1
#define MAJOR_IN_SYSMACROS 1
#define HAVE_NET_IF_H 1
#define HAVE_LINUX_NETLINK_H 1
#define HAVE_LINUX_QRTR_H 1
#define HAVE_LINUX_VM_SOCKETS_H 1
#define HAVE_LINUX_CAN_H 1
#define HAVE_LINUX_CAN_BCM_H 1
#define HAVE_LINUX_CAN_J1939_H 1
#define HAVE_LINUX_CAN_RAW_H 1
#define HAVE_CLOCK_T 1
#define HAVE_MAKEDEV 1
#define HAVE_HTOLE64 1
#define _LARGEFILE_SOURCE 1
#define _FILE_OFFSET_BITS 64
#if defined(SCO_DS)
#undef _OFF_T
#endif
#define RETSIGTYPE void
#define HAVE_SSIZE_T 1
#define HAVE___UINT128_T 1
#define HAVE_GCC_UINT128_T 1
#define SIZEOF_INT 4
#define SIZEOF_LONG 8
#define ALIGNOF_LONG 8
#define SIZEOF_LONG_LONG 8
#define SIZEOF_VOID_P 8
#define SIZEOF_SHORT 2
#define SIZEOF_FLOAT 4
#define SIZEOF_DOUBLE 8
#define SIZEOF_FPOS_T 16
#define SIZEOF_SIZE_T 8
#define ALIGNOF_SIZE_T 8
#define SIZEOF_PID_T 4
#define SIZEOF_UINTPTR_T 8
#define ALIGNOF_MAX_ALIGN_T 16
#define HAVE_LONG_DOUBLE 1
#define SIZEOF_LONG_DOUBLE 16
#define SIZEOF__BOOL 1
#define SIZEOF_OFF_T 8
#define SIZEOF_TIME_T 8
#define SIZEOF_PTHREAD_T 8
#define SIZEOF_PTHREAD_KEY_T 4
#define PTHREAD_KEY_T_IS_COMPATIBLE_WITH_INT 1
#define PY_HAVE_PERF_TRAMPOLINE 1
#define HAVE_LIBDL 1
#define HAVE_FFI_PREP_CIF_VAR 1
#define HAVE_FFI_PREP_CLOSURE_LOC 1
#define HAVE_FFI_CLOSURE_ALLOC 1
#define WITH_DECIMAL_CONTEXTVAR 1
#define HAVE_LIBSQLITE3 1
#define HAVE_LIBSQLITE3 1
#define HAVE_LIBSQLITE3 1
#define HAVE_LIBSQLITE3 1
#define HAVE_LIBSQLITE3 1
#define HAVE_LIBSQLITE3 1
#define HAVE_LIBSQLITE3 1
#define HAVE_LIBSQLITE3 1
#define HAVE_LIBSQLITE3 1
#define PY_SQLITE_HAVE_SERIALIZE 1
#define HAVE_GDBM_H 1
#define _REENTRANT 1
#define PTHREAD_SYSTEM_SCHED_SUPPORTED 1
#define HAVE_PTHREAD_SIGMASK 1
#define HAVE_PTHREAD_GETCPUCLOCKID 1
#define ENABLE_IPV6 1
#define HAVE_LINUX_CAN_RAW_FD_FRAMES 1
#define HAVE_LINUX_CAN_RAW_JOIN_FILTERS 1
#define WITH_DOC_STRINGS 1
#define HAVE_STD_ATOMIC 1
#define HAVE_BUILTIN_ATOMIC 1
#define WITH_MIMALLOC 1
#define WITH_PYMALLOC 1
#define WITH_FREELISTS 1
#define PY_COERCE_C_LOCALE 1
#define HAVE_DLOPEN 1
#define HAVE_DYNAMIC_LOADING 1
#define HAVE_ACCEPT4 1
#define HAVE_ALARM 1
#define HAVE_BIND_TEXTDOMAIN_CODESET 1
#define HAVE_CHMOD 1
#define HAVE_CHOWN 1
#define HAVE_CLOCK 1
#define HAVE_CLOSEFROM 1
#define HAVE_CLOSE_RANGE 1
#define HAVE_CONFSTR 1
#define HAVE_COPY_FILE_RANGE 1
#define HAVE_CTERMID 1
#define HAVE_DUP 1
#define HAVE_DUP3 1
#define HAVE_EXECV 1
#define HAVE_EXPLICIT_BZERO 1
#define HAVE_FACCESSAT 1
#define HAVE_FCHMOD 1
#define HAVE_FCHMODAT 1
#define HAVE_FCHOWN 1
#define HAVE_FCHOWNAT 1
#define HAVE_FDOPENDIR 1
#define HAVE_FEXECVE 1
#define HAVE_FORK 1
#define HAVE_FPATHCONF 1
#define HAVE_FSTATAT 1
#define HAVE_FTIME 1
#define HAVE_FTRUNCATE 1
#define HAVE_FUTIMENS 1
#define HAVE_FUTIMES 1
#define HAVE_FUTIMESAT 1
#define HAVE_GAI_STRERROR 1
#define HAVE_GETEGID 1
#define HAVE_GETEUID 1
#define HAVE_GETGID 1
#define HAVE_GETGRENT 1
#define HAVE_GETGRGID 1
#define HAVE_GETGRGID_R 1
#define HAVE_GETGRNAM_R 1
#define HAVE_GETGROUPLIST 1
#define HAVE_GETHOSTNAME 1
#define HAVE_GETITIMER 1
#define HAVE_GETLOADAVG 1
#define HAVE_GETLOGIN 1
#define HAVE_GETPEERNAME 1
#define HAVE_GETPGID 1
#define HAVE_GETPID 1
#define HAVE_GETPPID 1
#define HAVE_GETPRIORITY 1
#define HAVE_GETPWENT 1
#define HAVE_GETPWNAM_R 1
#define HAVE_GETPWUID 1
#define HAVE_GETPWUID_R 1
#define HAVE_GETRESGID 1
#define HAVE_GETRESUID 1
#define HAVE_GETRUSAGE 1
#define HAVE_GETSID 1
#define HAVE_GETSPENT 1
#define HAVE_GETSPNAM 1
#define HAVE_GETUID 1
#define HAVE_GETWD 1
#define HAVE_GRANTPT 1
#define HAVE_IF_NAMEINDEX 1
#define HAVE_INITGROUPS 1
#define HAVE_KILL 1
#define HAVE_KILLPG 1
#define HAVE_LCHOWN 1
#define HAVE_LINKAT 1
#define HAVE_LOCKF 1
#define HAVE_LSTAT 1
#define HAVE_LUTIMES 1
#define HAVE_MADVISE 1
#define HAVE_MBRTOWC 1
#define HAVE_MEMRCHR 1
#define HAVE_MKDIRAT 1
#define HAVE_MKFIFO 1
#define HAVE_MKFIFOAT 1
#define HAVE_MKNOD 1
#define HAVE_MKNODAT 1
#define HAVE_MKTIME 1
#define HAVE_MMAP 1
#define HAVE_MREMAP 1
#define HAVE_NICE 1
#define HAVE_OPENAT 1
#define HAVE_OPENDIR 1
#define HAVE_PATHCONF 1
#define HAVE_PAUSE 1
#define HAVE_PIPE 1
#define HAVE_PIPE2 1
#define HAVE_POLL 1
#define HAVE_POSIX_FADVISE 1
#define HAVE_POSIX_FALLOCATE 1
#define HAVE_POSIX_OPENPT 1
#define HAVE_POSIX_SPAWN 1
#define HAVE_POSIX_SPAWNP 1
#define HAVE_POSIX_SPAWN_FILE_ACTIONS_ADDCLOSEFROM_NP 1
#define HAVE_PREAD 1
#define HAVE_PREADV 1
#define HAVE_PREADV2 1
#define HAVE_PROCESS_VM_READV 1
#define HAVE_PTHREAD_CONDATTR_SETCLOCK 1
#define HAVE_PTHREAD_KILL 1
#define HAVE_PTSNAME 1
#define HAVE_PTSNAME_R 1
#define HAVE_PWRITE 1
#define HAVE_PWRITEV 1
#define HAVE_PWRITEV2 1
#define HAVE_READLINK 1
#define HAVE_READLINKAT 1
#define HAVE_READV 1
#define HAVE_REALPATH 1
#define HAVE_RENAMEAT 1
#define HAVE_SCHED_GET_PRIORITY_MAX 1
#define HAVE_SCHED_RR_GET_INTERVAL 1
#define HAVE_SCHED_SETAFFINITY 1
#define HAVE_SCHED_SETPARAM 1
#define HAVE_SCHED_SETSCHEDULER 1
#define HAVE_SEM_CLOCKWAIT 1
#define HAVE_SEM_GETVALUE 1
#define HAVE_SEM_OPEN 1
#define HAVE_SEM_TIMEDWAIT 1
#define HAVE_SEM_UNLINK 1
#define HAVE_SENDFILE 1
#define HAVE_SETEGID 1
#define HAVE_SETEUID 1
#define HAVE_SETGID 1
#define HAVE_SETHOSTNAME 1
#define HAVE_SETITIMER 1
#define HAVE_SETLOCALE 1
#define HAVE_SETPGID 1
#define HAVE_SETPGRP 1
#define HAVE_SETPRIORITY 1
#define HAVE_SETREGID 1
#define HAVE_SETRESGID 1
#define HAVE_SETRESUID 1
#define HAVE_SETREUID 1
#define HAVE_SETSID 1
#define HAVE_SETUID 1
#define HAVE_SETVBUF 1
#define HAVE_SHUTDOWN 1
#define HAVE_SIGACTION 1
#define HAVE_SIGALTSTACK 1
#define HAVE_SIGFILLSET 1
#define HAVE_SIGINTERRUPT 1
#define HAVE_SIGPENDING 1
#define HAVE_SIGRELSE 1
#define HAVE_SIGTIMEDWAIT 1
#define HAVE_SIGWAIT 1
#define HAVE_SIGWAITINFO 1
#define HAVE_SNPRINTF 1
#define HAVE_SPLICE 1
#define HAVE_STRFTIME 1
#define HAVE_STRSIGNAL 1
#define HAVE_SYMLINKAT 1
#define HAVE_SYNC 1
#define HAVE_SYSCONF 1
#define HAVE_TCGETPGRP 1
#define HAVE_TCSETPGRP 1
#define HAVE_TEMPNAM 1
#define HAVE_TIMEGM 1
#define HAVE_TIMES 1
#define HAVE_TMPFILE 1
#define HAVE_TMPNAM 1
#define HAVE_TMPNAM_R 1
#define HAVE_TRUNCATE 1
#define HAVE_TTYNAME_R 1
#define HAVE_UMASK 1
#define HAVE_UNAME 1
#define HAVE_UNLINKAT 1
#define HAVE_UNLOCKPT 1
#define HAVE_UTIMENSAT 1
#define HAVE_UTIMES 1
#define HAVE_VFORK 1
#define HAVE_WAIT 1
#define HAVE_WAIT3 1
#define HAVE_WAIT4 1
#define HAVE_WAITID 1
#define HAVE_WAITPID 1
#define HAVE_WCSCOLL 1
#define HAVE_WCSFTIME 1
#define HAVE_WCSXFRM 1
#define HAVE_WMEMCMP 1
#define HAVE_WRITEV 1
#define HAVE_GETENTROPY 1
#define HAVE_GETGROUPS 1
#define HAVE_SYSTEM 1
#define HAVE_DIRFD 1
#define HAVE_CHROOT 1
#define HAVE_LINK 1
#define HAVE_SYMLINK 1
#define HAVE_FCHDIR 1
#define HAVE_FSYNC 1
#define HAVE_FDATASYNC 1
#define HAVE_EPOLL 1
#define HAVE_EPOLL_CREATE1 1
#define HAVE_PRLIMIT 1
#define HAVE_MEMFD_CREATE 1
#define HAVE_EVENTFD 1
#define HAVE_TIMERFD_CREATE 1
#define HAVE_FLOCK 1
#define HAVE_GETPAGESIZE 1
#define HAVE_ZLIB_COPY 1
#define HAVE_BZLIB_H 1
#define HAVE_HSTRERROR 1
#define HAVE_GETSERVBYNAME 1
#define HAVE_GETSERVBYPORT 1
#define HAVE_GETHOSTBYNAME 1
#define HAVE_GETHOSTBYADDR 1
#define HAVE_GETPROTOBYNAME 1
#define HAVE_INET_ATON 1
#define HAVE_INET_NTOA 1
#define HAVE_INET_PTON 1
#define HAVE_GETPEERNAME 1
#define HAVE_GETSOCKNAME 1
#define HAVE_ACCEPT 1
#define HAVE_BIND 1
#define HAVE_CONNECT 1
#define HAVE_LISTEN 1
#define HAVE_RECVFROM 1
#define HAVE_SENDTO 1
#define HAVE_SETSOCKOPT 1
#define HAVE_SOCKET 1
#define HAVE_SETGROUPS 1
#define HAVE_OPENPTY 1
#define HAVE_LOGIN_TTY 1
#define HAVE_FORKPTY 1
#define HAVE_FSEEKO 1
#define HAVE_FSTATVFS 1
#define HAVE_FTELLO 1
#define HAVE_STATVFS 1
#define HAVE_DUP2 1
#define HAVE_GETPGRP 1
#define HAVE_SETPGRP 1
#define HAVE_SETNS 1
#define HAVE_UNSHARE 1
#define HAVE_CLOCK_GETTIME 1
#define HAVE_CLOCK_GETRES 1
#define HAVE_CLOCK_SETTIME 1
#define HAVE_CLOCK_NANOSLEEP 1
#define HAVE_NANOSLEEP 1
#define HAVE_DEVICE_MACROS 1
#define SYS_SELECT_WITH_SYS_TIME 1
#define HAVE_GETADDRINFO 1
#define HAVE_GETNAMEINFO 1
#define HAVE_STRUCT_TM_TM_ZONE 1
#define HAVE_TM_ZONE 1
#define HAVE_STRUCT_STAT_ST_RDEV 1
#define HAVE_STRUCT_STAT_ST_BLKSIZE 1
#define HAVE_STRUCT_STAT_ST_BLOCKS 1
#define HAVE_STRUCT_PASSWD_PW_GECOS 1
#define HAVE_STRUCT_PASSWD_PW_PASSWD 1
#define HAVE_SIGINFO_T_SI_BAND 1
#define HAVE_ADDRINFO 1
#define HAVE_SOCKADDR_STORAGE 1
#define HAVE_SOCKADDR_ALG 1
#define HAVE_PROTOTYPES 1
#define HAVE_SOCKETPAIR 1
#define HAVE_GETHOSTBYNAME_R 1
#define HAVE_GETHOSTBYNAME_R 1
#define HAVE_GETHOSTBYNAME_R_6_ARG 1
#define HAVE_GCC_ASM_FOR_X64 1
#define DOUBLE_IS_LITTLE_ENDIAN_IEEE754 1
#define HAVE_GCC_ASM_FOR_X87 1
#define HAVE_ACOSH 1
#define HAVE_ASINH 1
#define HAVE_ATANH 1
#define HAVE_ERF 1
#define HAVE_ERFC 1
#define HAVE_EXPM1 1
#define HAVE_LOG1P 1
#define HAVE_LOG2 1
#define HAVE_DECL_RTLD_LAZY 1
#define HAVE_DECL_RTLD_NOW 1
#define HAVE_DECL_RTLD_GLOBAL 1
#define HAVE_DECL_RTLD_LOCAL 1
#define HAVE_DECL_RTLD_NODELETE 1
#define HAVE_DECL_RTLD_NOLOAD 1
#define HAVE_DECL_RTLD_DEEPBIND 1
#define HAVE_DECL_RTLD_MEMBER 0
#define HAVE_WCHAR_H 1
#define SIZEOF_WCHAR_T 4
#define HAVE_GETC_UNLOCKED 1
#define HAVE_RL_COMPLETION_APPEND_CHARACTER 1
#define HAVE_RL_COMPLETION_SUPPRESS_APPEND 1
#define HAVE_RL_PRE_INPUT_HOOK 1
#define HAVE_RL_COMPLETION_DISPLAY_MATCHES_HOOK 1
#define HAVE_RL_RESIZE_TERMINAL 1
#define HAVE_RL_COMPLETION_MATCHES 1
#define HAVE_RL_CATCH_SIGNAL 1
#define HAVE_RL_APPEND_HISTORY 1
#define HAVE_RL_COMPDISP_FUNC_T 1
#define Py_RL_STARTUP_HOOK_TAKES_ARGS 1
#define HAVE_WORKING_TZSET 1
#define HAVE_STAT_TV_NSEC 1
#define HAVE_NCURSESW 1
#define HAVE_PANELW 1
#define HAVE_NCURSESW_CURSES_H 1
#define HAVE_NCURSESW_NCURSES_H 1
#define HAVE_NCURSESW_PANEL_H 1
#define HAVE_CURSES_H 1
#define HAVE_NCURSES_H 1
#define HAVE_PANEL_H 1
#define HAVE_TERM_H 1
#define MVWDELCH_IS_EXPRESSION 1
#define WINDOW_HAS_FLAGS 1
#define HAVE_CURSES_IS_PAD 1
#define HAVE_CURSES_IS_TERM_RESIZED 1
#define HAVE_CURSES_RESIZE_TERM 1
#define HAVE_CURSES_RESIZETERM 1
#define HAVE_CURSES_IMMEDOK 1
#define HAVE_CURSES_SYNCOK 1
#define HAVE_CURSES_WCHGAT 1
#define HAVE_CURSES_FILTER 1
#define HAVE_CURSES_HAS_KEY 1
#define HAVE_CURSES_TYPEAHEAD 1
#define HAVE_CURSES_USE_ENV 1
#define HAVE_DEV_PTMX 1
#define HAVE_SOCKLEN_T 1
#define HAVE_COMPUTED_GOTOS 1
#define HAVE_DIRENT_D_TYPE 1
#define HAVE_GETRANDOM_SYSCALL 1
#define HAVE_GETRANDOM 1
#define HAVE_SHM_OPEN 1
#define HAVE_SHM_UNLINK 1
#define PY_SSL_DEFAULT_CIPHERS 1
#define PY_BUILTIN_HASHLIB_HASHES "md5,sha1,sha2,sha3,blake2"

configure: exit 0
